+++ dirname /home/mia/.local/share/Steam/steamapps/common/SteamVR/bin/vrmonitor.sh
++ cd /home/mia/.local/share/Steam/steamapps/common/SteamVR/bin/
++ pwd
+ VRBINDIR=/home/mia/.local/share/Steam/steamapps/common/SteamVR/bin
+ [[ -n '' ]]
+ exec /home/mia/.local/share/Steam/steamapps/common/SteamVR/bin/vrenv.sh /home/mia/.local/share/Steam/steamapps/common/SteamVR/bin/vrmonitor.sh
vrenv.sh[33095]: VRCOMPOSITOR_LD_LIBRARY_PATH=/home/mia/git/rift-cv1-center:/home/mia/.local/share/Steam/steamapps/common/SteamVR/bin/linux64/qt/lib:/home/mia/.local/share/Steam/steamapps/common/SteamVR/bin/linux64
vrenv.sh[33095]: exec /home/mia/.local/share/Steam/steamapps/common/SteamVR/bin/vrmonitor.sh
+++ dirname /home/mia/.local/share/Steam/steamapps/common/SteamVR/bin/vrmonitor.sh
++ cd /home/mia/.local/share/Steam/steamapps/common/SteamVR/bin/
++ pwd
+ VRBINDIR=/home/mia/.local/share/Steam/steamapps/common/SteamVR/bin
+ [[ -n /home/mia/.local/share/Steam/steamapps/common/SteamVR/bin/vrenv.sh ]]
+ case $(uname) in
++ uname
+ VRMONITOR=/home/mia/.local/share/Steam/steamapps/common/SteamVR/bin/linux64/vrmonitor
+ exec /home/mia/.local/share/Steam/steamapps/common/SteamVR/bin/linux64/vrmonitor
Using breakpad crash handler
Setting breakpad minidump AppID = 250820
Forcing breakpad minidump interfaces to load
Looking up breakpad interfaces from steamclient
Calling BreakpadMiniDumpSystemInit
07/30 23:29:11 minidumps folder is set to /tmp/dumps
07/30 23:29:11 Init: Installing breakpad exception handler for appid(250820)/version(2.16.7)/tid(33095)
static QPlatformTheme* QKdeTheme::createKdeTheme(): Unable to determine KDE dirs
sh: line 1: steamxdg-icon-resource: command not found
sh: line 1: steam-runtime-launch-client: command not found
QObject::connect: No such slot CQVRMonitorController::OnStartRecordingAction() in /data/src/vrmonitor/qvrmonitorcontroller.cpp:1112
QObject::connect: No such slot CQVRMonitorController::OnStopRecordingAction() in /data/src/vrmonitor/qvrmonitorcontroller.cpp:1115
libpng warning: iCCP: known incorrect sRGB profile
libpng warning: iCCP: known incorrect sRGB profile
libpng warning: iCCP: known incorrect sRGB profile
libpng warning: iCCP: known incorrect sRGB profile
libpng warning: iCCP: known incorrect sRGB profile
libpng warning: iCCP: known incorrect sRGB profile
libpng warning: iCCP: known incorrect sRGB profile
libpng warning: iCCP: known incorrect sRGB profile
libpng warning: iCCP: known incorrect sRGB profile
libpng warning: iCCP: known incorrect sRGB profile
libpng warning: iCCP: known incorrect sRGB profile
libpng warning: iCCP: known incorrect sRGB profile
libpng warning: iCCP: known incorrect sRGB profile
libpng warning: iCCP: known incorrect sRGB profile
libpng warning: iCCP: known incorrect sRGB profile
libpng warning: iCCP: known incorrect sRGB profile
libpng warning: iCCP: known incorrect sRGB profile
libpng warning: iCCP: known incorrect sRGB profile
libpng warning: iCCP: known incorrect sRGB profile
libpng warning: iCCP: known incorrect sRGB profile
libpng warning: iCCP: known incorrect sRGB profile
libpng warning: iCCP: known incorrect sRGB profile
libpng warning: iCCP: known incorrect sRGB profile
libpng warning: iCCP: known incorrect sRGB profile
libpng warning: iCCP: known incorrect sRGB profile
libpng warning: iCCP: known incorrect sRGB profile
libpng warning: iCCP: known incorrect sRGB profile
libpng warning: iCCP: known incorrect sRGB profile
CQVRMonitorHeadsetWarning(0x55b6a742dc00)  does not have a property named  "green_color"
CQVRMonitorHeadsetWarning(0x55b6a742dc00)  does not have a property named  "red_color"
Using breakpad crash handler
Setting breakpad minidump AppID = 250820
Forcing breakpad minidump interfaces to load
Looking up breakpad interfaces from steamclient
Calling BreakpadMiniDumpSystemInit
07/30 23:29:11 minidumps folder is set to /tmp/dumps
07/30 23:29:11 Init: Installing breakpad exception handler for appid(250820)/version(2.16.7)/tid(33214)
assert_20260730232911_4.dmp[33232]: Uploading dump (out-of-process)
/tmp/dumps/assert_20260730232911_4.dmp
VR Server (v1781734990)

[II] HMD IMU calibration  gyro_offset [ -0.003900, 0.001300, 0.001100 ]  accel_offset [ 0.108000, -0.305600, 0.024900 ]
[II]   gyro_calib = 
[II]   [    0.999,    0.005,   -0.021 ]
[II]   [    0.004,    1.000,   -0.007 ]
[II]   [    0.008,    0.038,    0.999 ]
[II]   accel_calib = 
[II]   [    1.021,    0.001,   -0.018 ]
[II]   [    0.001,    1.037,    0.022 ]
[II]   [    0.004,   -0.005,    0.963 ]
[II] CV1 display config: brightness=0 flags=0x400 persistence=273/1472 rows
[II] Using 34 visor LEDs; dropped 10 headband LEDs (not tracked as a separate body yet - the headset is only trackable from the front)
LED model: HMD LEDs
{ .pos = {0.062939,-0.032042,0.067541}, .dir={0.181956,-0.102972,0.977900}, .pattern=0x1 },
{ .pos = {0.077151,0.000993,0.065562}, .dir={0.299055,0.001984,0.954234}, .pattern=0x6 },
{ .pos = {0.028983,-0.019018,0.073518}, .dir={0.082983,-0.096960,0.991823}, .pattern=0x1a },
{ .pos = {-0.000097,-0.033045,0.072449}, .dir={0.000000,-0.188028,0.982164}, .pattern=0x1d },
{ .pos = {-0.028998,-0.019144,0.073384}, .dir={-0.082983,-0.096960,0.991823}, .pattern=0x28 },
{ .pos = {-0.063022,-0.032156,0.067359}, .dir={-0.181956,-0.102972,0.977900}, .pattern=0x2f },
{ .pos = {-0.077078,0.000964,0.065342}, .dir={-0.299055,0.001984,0.954234}, .pattern=0x33 },
{ .pos = {-0.054039,0.034440,0.068623}, .dir={-0.140969,0.134957,0.980772}, .pattern=0x4b },
{ .pos = {-0.020202,0.017950,0.074224}, .dir={-0.056979,0.095951,0.993754}, .pattern=0x4c },
{ .pos = {0.053973,0.034595,0.069160}, .dir={0.140969,0.134957,0.980772}, .pattern=0x57 },
{ .pos = {0.020062,0.018061,0.074368}, .dir={0.056979,0.095951,0.993754}, .pattern=0x62 },
{ .pos = {-0.078856,-0.011904,0.028395}, .dir={-0.993057,-0.099980,-0.061984}, .pattern=0x65 },
{ .pos = {-0.077293,-0.012335,-0.008668}, .dir={-0.981566,-0.188915,-0.028963}, .pattern=0x79 },
{ .pos = {-0.070740,-0.031349,0.010284}, .dir={-0.734056,-0.668042,-0.121987}, .pattern=0x7e },
{ .pos = {-0.059124,-0.040984,0.036314}, .dir={-0.153997,-0.983099,-0.099003}, .pattern=0x90 },
{ .pos = {0.058835,-0.040830,0.035942}, .dir={0.153997,-0.983099,-0.099003}, .pattern=0xa4 },
{ .pos = {0.028165,-0.043453,0.061352}, .dir={-0.004975,-0.998636,-0.051974}, .pattern=0x114 },
{ .pos = {-0.080319,-0.024476,0.053355}, .dir={-0.947594,-0.225904,-0.225904}, .pattern=0x151 },
{ .pos = {-0.027992,-0.043610,0.061432}, .dir={0.004975,-0.998636,-0.051974}, .pattern=0x183 },
{ .pos = {0.070561,-0.031850,0.009988}, .dir={0.734056,-0.668042,-0.121987}, .pattern=0x18c },
{ .pos = {0.077672,-0.012729,-0.008828}, .dir={0.981566,-0.188915,-0.028963}, .pattern=0x199 },
{ .pos = {0.079252,-0.012425,0.027945}, .dir={0.993057,-0.099980,-0.061984}, .pattern=0x1aa },
{ .pos = {0.080678,-0.024862,0.053475}, .dir={0.947594,-0.225904,-0.225904}, .pattern=0x1b5 },
{ .pos = {-0.029139,0.043728,0.057487}, .dir={-0.004975,0.999980,0.003998}, .pattern=0x1c0 },
{ .pos = {-0.078382,0.029385,0.053600}, .dir={-0.871752,0.428856,-0.236921}, .pattern=0x1cf },
{ .pos = {0.072131,0.030937,0.000022}, .dir={0.816019,0.577024,-0.033998}, .pattern=0x1d6 },
{ .pos = {0.067042,0.037833,0.030095}, .dir={0.526908,0.847875,-0.058962}, .pattern=0x1e9 },
{ .pos = {0.078260,0.029513,0.053292}, .dir={0.871752,0.428856,-0.236921}, .pattern=0x1f3 },
{ .pos = {0.028896,0.043669,0.057676}, .dir={0.004975,0.999980,0.003998}, .pattern=0x1fc },
{ .pos = {-0.067240,0.037555,0.029876}, .dir={-0.526908,0.847875,-0.058962}, .pattern=0x230 },
{ .pos = {-0.072200,0.030241,0.000120}, .dir={-0.816019,0.577024,-0.033998}, .pattern=0x252 },
{ .pos = {-0.041120,0.043276,0.023325}, .dir={-0.041995,0.999110,-0.003998}, .pattern=0x282 },
{ .pos = {0.000159,0.043811,0.033423}, .dir={0.005982,0.999932,0.009980}, .pattern=0x285 },
{ .pos = {0.041085,0.043260,0.023553}, .dir={0.041995,0.999110,-0.003998}, .pattern=0x29b },
[II] HMD IPD 63.5 mm, as reported by the headset (note: this is its stored figure, not the live slider position)
Opened Rift Sensor 0 w/ Serial WMTD306Q701DEK. Connecting to Radio address 0x11563cc989
[II] camera width 1280 height 960
[IIassert_20260730232911_4.dmp[33232]: Finished uploading minidump (out-of-process): success = yes
assert_20260730232911_4.dmp[33232]: response: CrashID=bp-2c2424fe-8bcd-4777-b032-e07c02260730
assert_20260730232911_4.dmp[33232]: file ''/tmp/dumps/assert_20260730232911_4.dmp'', upload yes: ''CrashID=bp-2c2424fe-8bcd-4777-b032-e07c02260730''
vrcompositor-launcher.sh[33283]: Relaunch under scout LDLP runtime.
vrcompositor-launcher.sh[33283]: exec /home/mia/.steam/root/ubuntu12_32/steam-runtime/run.sh /home/mia/.local/share/Steam/steamapps/common/SteamVR/bin/linux64/vrcompositor-launcher.sh
vrcompositor-launcher.sh[33283]: Detected scout LDLP runtime.
Using breakpad crash handler
Setting breakpad minidump AppID = 250820
Forcing breakpad minidump interfaces to load
libpng warning: iCCP: known incorrect sRGB profile
Looking up breakpad interfaces from steamclient
Calling BreakpadMiniDumpSystemInit
libpng warning: iCCP: known incorrect sRGB profile
libpng warning: iCCP: known incorrect sRGB profile
libpng warning: iCCP: known incorrect sRGB profile
07/30 23:29:17 minidumps folder is set to /tmp/dumps
07/30 23:29:17 Init: Installing breakpad exception handler for appid(250820)/version(2.16.7)/tid(33347)
Initialize() is failed!!!
Using breakpad crash handler
Setting breakpad minidump AppID = 250820
Forcing breakpad minidump interfaces to load
Looking up breakpad interfaces from steamclient
Calling BreakpadMiniDumpSystemInit
07/30 23:29:17 minidumps folder is set to /tmp/dumps
07/30 23:29:17 Init: Installing breakpad exception handler for appid(250820)/version(2.16.7)/tid(33351)
[0730/232917.524709:ERROR:check.cc(376)] Check failed: false. NOTREACHED log messages are omitted in official builds. Sorry!
Using breakpad crash handler
Using breakpad crash handler
Setting breakpad minidump AppID = 250820
Forcing breakpad minidump interfaces to load
Setting breakpad minidump AppID = 250820
Forcing breakpad minidump interfaces to load
Looking up breakpad interfaces from steamclient
Calling BreakpadMiniDumpSystemInit
07/30 23:29:17 minidumps folder is set to /tmp/dumps
07/30 23:29:17 Init: Installing breakpad exception handler for appid(250820)/version(2.16.7)/tid(33376)
[0730/232917.605175:ERROR:check.cc(376)] Check failed: false. NOTREACHED log messages are omitted in official builds. Sorry!
Looking up breakpad interfaces from steamclient
Calling BreakpadMiniDumpSystemInit
07/30 23:29:17 minidumps folder is set to /tmp/dumps
07/30 23:29:17 Init: Installing breakpad exception handler for appid(250820)/version(2.16.7)/tid(33375)
[0730/232917.605649:ERROR:check.cc(376)] Check failed: false. NOTREACHED log messages are omitted in official builds. Sorry!
Fontconfig warning: "/etc/fonts/conf.d/48-guessfamily.conf", line 19: invalid attribute 'xsi:nil'
Fontconfig warning: "/etc/fonts/conf.d/48-guessfamily.conf", line 20: invalid constant used : 
Fontconfig warning: "/etc/fonts/conf.d/48-guessfamily.conf", line 23: invalid constant used : monospace
Fontconfig warning: "/etc/fonts/conf.d/48-guessfamily.conf", line 42: invalid attribute 'xsi:nil'
Fontconfig warning: "/etc/fonts/conf.d/48-guessfamily.conf", line 43: invalid constant used : 
Fontconfig warning: "/etc/fonts/conf.d/48-guessfamily.conf", line 46: invalid constant used : sans-serif
Fontconfig warning: "/etc/fonts/conf.d/48-guessfamily.conf", line 68: invalid attribute 'xsi:nil'
Fontconfig warning: "/etc/fonts/conf.d/48-guessfamily.conf", line 69: invalid constant used : 
Fontconfig warning: "/etc/fonts/conf.d/48-guessfamily.conf", line 72: invalid constant used : serif
Fontconfig warning: "/etc/fonts/conf.d/48-guessfamily.conf", line 88: invalid attribute 'xsi:nil'
Fontconfig warning: "/etc/fonts/conf.d/48-guessfamily.conf", line 89: invalid constant used : 
Fontconfig warning: "/etc/fonts/conf.d/48-guessfamily.conf", line 92: invalid constant used : emoji
Fontconfig warning: "/etc/fonts/conf.d/48-guessfamily.conf", line 108: invalid attribute 'xsi:nil'
Fontconfig warning: "/etc/fonts/conf.d/48-guessfamily.conf", line 109: invalid constant used : 
Fontconfig warning: "/etc/fonts/conf.d/48-guessfamily.conf", line 112: invalid constant used : math
Fontconfig warning: "/etc/fonts/conf.d/48-guessfamily.conf", line 120: invalid attribute 'xsi:nil'
Fontconfig warning: "/etc/fonts/conf.d/48-guessfamily.conf", line 121: invalid constant used : 
Fontconfig warning: "/etc/fonts/conf.d/48-guessfamily.conf", line 124: invalid constant used : system-ui
Fontconfig warning: "/etc/fonts/conf.d/48-guessfamily.conf", line 132: invalid attribute 'xsi:nil'
Fontconfig warning: "/etc/fonts/conf.d/48-guessfamily.conf", line 133: invalid constant used : 
Fontconfig warning: "/etc/fonts/conf.d/48-guessfamily.conf", line 136: invalid constant used : cursive
Fontconfig warning: "/etc/fonts/conf.d/48-guessfamily.conf", line 144: invalid attribute 'xsi:nil'
Fontconfig warning: "/etc/fonts/conf.d/48-guessfamily.conf", line 145: invalid constant used : 
Fontconfig warning: "/etc/fonts/conf.d/48-guessfamily.conf", line 148: invalid constant used : fantasy
Fontconfig warning: "/etc/fonts/conf.d/48-guessfamily.conf", line 156: invalid attribute 'xsi:nil'
Fontconfig warning: "/etc/fonts/conf.d/48-guessfamily.conf", line 157: invalid constant used : 
Fontconfig warning: "/etc/fonts/conf.d/48-guessfamily.conf", line 160: invalid constant used : ui-sans-serif
Fontconfig warning: "/etc/fonts/conf.d/48-guessfamily.conf", line 168: invalid attribute 'xsi:nil'
Fontconfig warning: "/etc/fonts/conf.d/48-guessfamily.conf", line 169: invalid constant used : 
Fontconfig warning: "/etc/fonts/conf.d/48-guessfamily.conf", line 172: invalid constant used : ui-serif
Fontconfig warning: "/etc/fonts/conf.d/48-guessfamily.conf", line 180: invalid attribute 'xsi:nil'
Fontconfig warning: "/etc/fonts/conf.d/48-guessfamily.conf", line 181: invalid constant used : 
Fontconfig warning: "/etc/fonts/conf.d/48-guessfamily.conf", line 184: invalid constant used : ui-monospace
Fontconfig warning: "/etc/fonts/conf.d/48-guessfamily.conf", line 192: invalid attribute 'xsi:nil'
Fontconfig warning: "/etc/fonts/conf.d/48-guessfamily.conf", line 193: invalid constant used : 
Fontconfig warning: "/etc/fonts/conf.d/48-guessfamily.conf", line 196: invalid constant used : ui-rounded
Fontconfig warning: "/etc/fonts/conf.d/48-guessfamily.conf", line 204: invalid attribute 'xsi:nil'
Fontconfig warning: "/etc/fonts/conf.d/48-guessfamily.conf", line 205: invalid constant used : 
Fontconfig warning: "/etc/fonts/conf.d/48-guessfamily.conf", line 208: invalid constant used : fangsong
Fontconfig warning: "/etc/fonts/conf.d/48-spacing.conf", line 14: invalid constant used : monospace
Fontconfig warning: "/etc/fonts/conf.d/49-sansserif.conf", line 10: invalid constant used : serif
Fontconfig warning: "/etc/fonts/conf.d/49-sansserif.conf", line 18: invalid constant used : sans-serif
Fontconfig warning: "/etc/fonts/conf.d/49-sansserif.conf", line 26: invalid constant used : monospace
Fontconfig warning: "/etc/fonts/conf.d/49-sansserif.conf", line 34: invalid constant used : emoji
Fontconfig warning: "/etc/fonts/conf.d/49-sansserif.conf", line 42: invalid constant used : math
Fontconfig warning: "/usr/share/fontconfig/conf.avail/48-guessfamily.conf", line 19: invalid attribute 'xsi:nil'
Fontconfig warning: "/usr/share/fontconfig/conf.avail/48-guessfamily.conf", line 20: invalid constant used : 
Fontconfig warning: "/usr/share/fontconfig/conf.avail/48-guessfamily.conf", line 23: invalid constant used : monospace
Fontconfig warning: "/usr/share/fontconfig/conf.avail/48-guessfamily.conf", line 42: invalid attribute 'xsi:nil'
Fontconfig warning: "/usr/share/fontconfig/conf.avail/48-guessfamily.conf", line 43: invalid constant used : 
Fontconfig warning: "/usr/share/fontconfig/conf.avail/48-guessfamily.conf", line 46: invalid constant used : sans-serif
Fontconfig warning: "/usr/share/fontconfig/conf.avail/48-guessfamily.conf", line 68: invalid attribute 'xsi:nil'
Fontconfig warning: "/usr/share/fontconfig/conf.avail/48-guessfamily.conf", line 69: invalid constant used : 
Fontconfig warning: "/usr/share/fontconfig/conf.avail/48-guessfamily.conf", line 72: invalid constant used : serif
Fontconfig warning: "/usr/share/fontconfig/conf.avail/48-guessfamily.conf", line 88: invalid attribute 'xsi:nil'
Fontconfig warning: "/usr/share/fontconfig/conf.avail/48-guessfamily.conf", line 89: invalid constant used : 
Fontconfig warning: "/usr/share/fontconfig/conf.avail/48-guessfamily.conf", line 92: invalid constant used : emoji
Fontconfig warning: "/usr/share/fontconfig/conf.avail/48-guessfamily.conf", line 108: invalid attribute 'xsi:nil'
Fontconfig warning: "/usr/share/fontconfig/conf.avail/48-guessfamily.conf", line 109: invalid constant used : 
Fontconfig warning: "/usr/share/fontconfig/conf.avail/48-guessfamily.conf", line 112: invalid constant used : math
Fontconfig warning: "/usr/share/fontconfig/conf.avail/48-guessfamily.conf", line 120: invalid attribute 'xsi:nil'
Fontconfig warning: "/usr/share/fontconfig/conf.avail/48-guessfamily.conf", line 121: invalid constant used : 
Fontconfig warning: "/usr/share/fontconfig/conf.avail/48-guessfamily.conf", line 124: invalid constant used : system-ui
Fontconfig warning: "/usr/share/fontconfig/conf.avail/48-guessfamily.conf", line 132: invalid attribute 'xsi:nil'
Fontconfig warning: "/usr/share/fontconfig/conf.avail/48-guessfamily.conf", line 133: invalid constant used : 
Fontconfig warning: "/usr/share/fontconfig/conf.avail/48-guessfamily.conf", line 136: invalid constant used : cursive
Fontconfig warning: "/usr/share/fontconfig/conf.avail/48-guessfamily.conf", line 144: invalid attribute 'xsi:nil'
Fontconfig warning: "/usr/share/fontconfig/conf.avail/48-guessfamily.conf", line 145: invalid constant used : 
Fontconfig warning: "/usr/share/fontconfig/conf.avail/48-guessfamily.conf", line 148: invalid constant used : fantasy
Fontconfig warning: "/usr/share/fontconfig/conf.avail/48-guessfamily.conf", line 156: invalid attribute 'xsi:nil'
Fontconfig warning: "/usr/share/fontconfig/conf.avail/48-guessfamily.conf", line 157: invalid constant used : 
Fontconfig warning: "/usr/share/fontconfig/conf.avail/48-guessfamily.conf", line 160: invalid constant used : ui-sans-serif
Fontconfig warning: "/usr/share/fontconfig/conf.avail/48-guessfamily.conf", line 168: invalid attribute 'xsi:nil'
Fontconfig warning: "/usr/share/fontconfig/conf.avail/48-guessfamily.conf", line 169: invalid constant used : 
Fontconfig warning: "/usr/share/fontconfig/conf.avail/48-guessfamily.conf", line 172: invalid constant used : ui-serif
Fontconfig warning: "/usr/share/fontconfig/conf.avail/48-guessfamily.conf", line 180: invalid attribute 'xsi:nil'
Fontconfig warning: "/usr/share/fontconfig/conf.avail/48-guessfamily.conf", line 181: invalid constant used : 
Fontconfig warning: "/usr/share/fontconfig/conf.avail/48-guessfamily.conf", line 184: invalid constant used : ui-monospace
Fontconfig warning: "/usr/share/fontconfig/conf.avail/48-guessfamily.conf", line 192: invalid attribute 'xsi:nil'
Fontconfig warning: "/usr/share/fontconfig/conf.avail/48-guessfamily.conf", line 193: invalid constant used : 
Fontconfig warning: "/usr/share/fontconfig/conf.avail/48-guessfamily.conf", line 196: invalid constant used : ui-rounded
Fontconfig warning: "/usr/share/fontconfig/conf.avail/48-guessfamily.conf", line 204: invalid attribute 'xsi:nil'
Fontconfig warning: "/usr/share/fontconfig/conf.avail/48-guessfamily.conf", line 205: invalid constant used : 
Fontconfig warning: "/usr/share/fontconfig/conf.avail/48-guessfamily.conf", line 208: invalid constant used : fangsong
Fontconfig warning: "/usr/share/fontconfig/conf.avail/48-spacing.conf", line 14: invalid constant used : monospace
Fontconfig warning: "/usr/share/fontconfig/conf.avail/49-sansserif.conf", line 10: invalid constant used : serif
Fontconfig warning: "/usr/share/fontconfig/conf.avail/49-sansserif.conf", line 18: invalid constant used : sans-serif
Fontconfig warning: "/usr/share/fontconfig/conf.avail/49-sansserif.conf", line 26: invalid constant used : monospace
Fontconfig warning: "/usr/share/fontconfig/conf.avail/49-sansserif.conf", line 34: invalid constant used : emoji
Fontconfig warning: "/usr/share/fontconfig/conf.avail/49-sansserif.conf", line 42: invalid constant used : math
Using breakpad crash handler
Setting breakpad minidump AppID = 250820
Forcing breakpad minidump interfaces to load
Looking up breakpad interfaces from steamclient
Calling BreakpadMiniDumpSystemInit
07/30 23:29:17 minidumps folder is set to /tmp/dumps
07/30 23:29:17 Init: Installing breakpad exception handler for appid(250820)/version(2.16.7)/tid(33430)
[0730/232917.864770:ERROR:check.cc(376)] Check failed: false. NOTREACHED log messages are omitted in official builds. Sorry!
Using breakpad crash handler
Setting breakpad minidump AppID = 250820
Forcing breakpad minidump interfaces to load
Looking up breakpad interfaces from steamclient
Calling BreakpadMiniDumpSystemInit
07/30 23:29:18 minidumps folder is set to /tmp/dumps
07/30 23:29:18 Init: Installing breakpad exception handler for appid(250820)/version(2.16.7)/tid(33568)
[0730/232918.218626:ERROR:check.cc(376)] Check failed: false. NOTREACHED log messages are omitted in official builds. Sorry!
] f = [ 716.935 716.935 ], c = [ 661.864 469.517 ]
[II] k = [  0.070819 -0.023264  0.005108 -0.000523 ]
[II] Calibration capture enabled -> /home/mia/git/rift-cv1-center/captures/lin/2026-07-30/coldstart.jsonl
stream state: "connecting"
stream state: "connecting"
[II] Loaded pose for sensor WMTD306Q701DEK from room store: "pos" : [ -1.012503, 1.534575, 1.351427 ], "orient" : [ 0.923215, -0.067821, 0.350760, 0.141571 ]
[II] Set sensor 0 pose to orient 0.923215 -0.067821 0.350760 0.141571  pos -1.012503 1.534575 1.351427
stream state: "paused"
stream state: "paused"
Opened Rift Sensor 1 w/ Serial WMTD3052400VZL. Connecting to Radio address 0x11563cc989
[II] camera width 1280 height 960
[II] f = [ 716.734 716.734 ], c = [ 647.399 478.498 ]
[II] k = [  0.071847 -0.025176  0.006398 -0.000817 ]
stream state: "connecting"
stream state: "connecting"
[II] Loaded pose for sensor WMTD3052400VZL from room store: "pos" : [ -0.031341, 1.784903, 1.799682 ], "orient" : [ 0.964288, -0.076404, 0.161472, 0.195547 ]
[II] Set sensor 1 pose to orient 0.964288 -0.076404 0.161472 0.195547  pos -0.031341 1.784903 1.799682
Opened 2 Rift Sensor cameras
stream state: "paused"
stream state: "paused"
Temperature: 33.6 °C
UVC PTS changed in-frame at 16372 bytes. Lost 40 ms
UVC Dropping short frame: 16372 < 1228800 (1212428 lost)
Temperature: 32.0 °C
[II] HMD device frame: IMU at [-0.0166 0.0345 0.0331] m; screen 0.1193 x 0.0663 m; lens separation 0.0540 m, v-centre 0.0308 m, eye-to-screen 0.0396/0.0396 m
[II] HMD LED model spans z -0.0088..0.0744, y -0.0436..0.0438 m (34 LEDs, before the 180 deg model rotation)
[II] Device 0 using OVR-SDK complementary fusion backend
stream state: "connecting"
device 0 online. Now tracking.
stream state: "paused"
[WW] Exposure timestamp 3312134400 was more than 1.5 IMU samples earlier than IMU ts 3312139515 by 5115 µS
[II] calib feed: 1 observations offered (auto_calib 1, sensors 2, exposure_info yes, device 0)
[II] calib feed WMTD3052400VZL: 1 obs, 0 paired, history 0 over 0 viewpoints, 0 solves, residual -1.00 px, uncalibrated
[II] Matched orientation after 0.775811 sec
[II] output correction bleeding OFF - set OHMD_RIFT_BLEED=1 to restore
[II] Device 0: joint reconstruction 1 solved, 0 rejected, 1 single-camera (0 observations arrived too late to count)
[II] sensor WMTD3052400VZL calibration SETTLED
[II] sensor WMTD3052400VZL: adopted calibration from 30 poses over 1 viewpoints (stored: 1), residual 0.53 px (estimated)
[II] sensor WMTD3052400VZL: the stored calibration left 0.42 px; moving the sensor 19.8 mm / 0.45 deg
[II] Set sensor 1 pose to orient 0.964387 -0.074432 0.164206 0.193533  pos -0.049812 1.780553 1.805186
[II] sensor WMTD3052400VZL: re-solved calibration from 32 poses over 1 viewpoints (stored: 1), residual 0.27 px (estimated)
[II] sensor WMTD3052400VZL: its previous calibration left 0.53 px; moving the sensor 9.0 mm / 0.20 deg
[II] Set sensor 1 pose to orient 0.964628 -0.075314 0.162785 0.193188  pos -0.041517 1.777511 1.806659
[II] sensor WMTD3052400VZL calibration SETTLED
[II] HMD obs quality: full(strong+ids) 300 ids-verified 0 strong 0 prior-agree 0 reacquire 0 rejected 0 | flags: led-ids 300 strong 300
[II] frame-timing WMTD306Q701DEK: 300 frames, 59 missed exposure, diff avg -0.71 min -18.05 max 2.02 ms
[II] frame-timing WMTD3052400VZL: 300 frames, 3 missed exposure, diff avg -0.87 min -17.56 max 1.76 ms
[II] HMD obs quality: full(strong+ids) 300 ids-verified 0 strong 0 prior-agree 0 reacquire 0 rejected 0 | flags: led-ids 300 strong 300
[II] Device 0: joint reconstruction 301 solved, 0 rejected, 301 single-camera (0 observations arrived too late to count)
[II] Set sensor 1 pose to orient 0.964618 -0.075366 0.162366 0.193570  pos -0.039968 1.778631 1.806433
[II] sensor WMTD3052400VZL CameraPoseChange: dt 1.5 1.1 -0.2 (1.9) mm  dr 0.07 deg
[II] sensor WMTD3052400VZL calibration UNSETTLED
[II] extrinsic refine: sensor WMTD3052400VZL step 1.1 mm / 0.07 deg (window mismatch 7.6 mm / 0.43 deg; net from start 1.9 mm / 0.07 deg; summed steps 1.1 mm / 0.07 deg)
[II] sensor WMTD3052400VZL calibration SETTLED
[II] HMD obs quality: full(strong+ids) 300 ids-verified 0 strong 0 prior-agree 0 reacquire 0 rejected 0 | flags: led-ids 300 strong 300
[II] calib feed: 901 observations offered (auto_calib 1, sensors 2, exposure_info yes, device 0)
[II] calib feed WMTD3052400VZL: 901 obs, 378 paired, history 192 over 5 viewpoints, 22 solves, residual 1.85 px, CALIBRATED
[II] frame-timing WMTD306Q701DEK: 300 frames, 0 missed exposure, diff avg -0.91 min -4.23 max 1.58 ms
[WW] Exposure timestamp 3322713600 was more than 1.5 IMU samples earlier than IMU ts 3322715143 by 1543 µS
[II] frame-timing WMTD3052400VZL: 300 frames, 0 missed exposure, diff avg -0.89 min -3.83 max 1.69 ms
[II] HMD obs quality: full(strong+ids) 300 ids-verified 0 strong 0 prior-agree 0 reacquire 0 rejected 0 | flags: led-ids 300 strong 300
[II] Device 0: joint reconstruction 601 solved, 0 rejected, 601 single-camera (0 observations arrived too late to count)
[WW] Exposure timestamp 3324595200 was more than 1.5 IMU samples earlier than IMU ts 3324596881 by 1681 µS
[WW] Exposure timestamp 3324614400 was more than 1.5 IMU samples earlier than IMU ts 3324615909 by 1509 µS
[II] HMD obs quality: full(strong+ids) 300 ids-verified 0 strong 0 prior-agree 0 reacquire 0 rejected 0 | flags: led-ids 300 strong 300
[II] frame-timing WMTD306Q701DEK: 300 frames, 0 missed exposure, diff avg -0.85 min -4.23 max 1.99 ms
[WW] Exposure timestamp 3328972800 was more than 1.5 IMU samples earlier than IMU ts 3328974417 by 1617 µS
[II] frame-timing WMTD3052400VZL: 300 frames, 0 missed exposure, diff avg -0.86 min -3.85 max 1.38 ms
[WW] Device 0: late pose time 51.021 ms from WMTD306Q701DEK (1 so far, worst 51.021 ms)
[II] Matched orientation after 1.492199 sec
[II] sensor 0 calibration feed: 901 offered, 758 passed - rejected 0 for LED ids, 143 for too few blobs (<10), 0 for error
[II] HMD obs quality: full(strong+ids) 299 ids-verified 1 strong 0 prior-agree 0 reacquire 0 rejected 0 | flags: led-ids 300 strong 299
[II] sensor 1 calibration feed: 901 offered, 753 passed - rejected 0 for LED ids, 148 for too few blobs (<10), 0 for error
[II] Set sensor 1 pose to orient 0.964622 -0.075629 0.161792 0.193929  pos -0.037994 1.779361 1.805789
[II] sensor WMTD3052400VZL CameraPoseChange: dt 2.0 0.7 -0.6 (2.2) mm  dr 0.08 deg
[II] sensor WMTD3052400VZL calibration UNSETTLED
[II] extrinsic refine: sensor WMTD3052400VZL step 1.5 mm / 0.08 deg (window mismatch 9.9 mm / 0.55 deg; net from start 4.1 mm / 0.14 deg; summed steps 2.6 mm / 0.15 deg)
[II] sensor WMTD3052400VZL calibration SETTLED
[II] frame-timing WMTD306Q701DEK: 300 frames, 0 missed exposure, diff avg -0.89 min -4.18 max 1.86 ms
[II] Device 0: joint reconstruction 901 solved, 0 rejected, 1116 single-camera (0 observations arrived too late to count)
[II] frame-timing WMTD3052400VZL: 300 frames, 0 missed exposure, diff avg -0.89 min -4.24 max 1.86 ms
[II] HMD obs quality: full(strong+ids) 300 ids-verified 0 strong 0 prior-agree 0 reacquire 0 rejected 0 | flags: led-ids 300 strong 300
[II] Device 0: IMU saturation (accel), 1 samples so far - the reading is clipped, so it is being ignored rather than integrated
[WW] Exposure timestamp 3337113600 was more than 1.5 IMU samples earlier than IMU ts 3337115496 by 1896 µS
[WW] Exposure timestamp 3337248000 was more than 1.5 IMU samples earlier than IMU ts 3337249695 by 1695 µS
[WW] Exposure timestamp 3338380800 was more than 1.5 IMU samples earlier than IMU ts 3338382388 by 1588 µS
[II] calib feed: 1801 observations offered (auto_calib 1, sensors 2, exposure_info yes, device 0)
[II] calib feed WMTD3052400VZL: 1801 obs, 651 paired, history 192 over 5 viewpoints, 39 solves, residual 2.09 px, estimated
[II] HMD obs quality: full(strong+ids) 300 ids-verified 0 strong 0 prior-agree 0 reacquire 0 rejected 0 | flags: led-ids 300 strong 300
[II] frame-timing WMTD306Q701DEK: 300 frames, 0 missed exposure, diff avg -0.88 min -3.65 max 1.42 ms
[II] frame-timing WMTD3052400VZL: 300 frames, 0 missed exposure, diff avg -0.87 min -3.52 max 1.57 ms
[II] Device 0: joint reconstruction over 2 cameras left 3.88 px in the worst camera (>2.0 px) - check sensor calibration
[II] Device 0: joint reconstruction 1201 solved, 1 rejected, 1433 single-camera (0 observations arrived too late to count)
[II] HMD obs quality: full(strong+ids) 299 ids-verified 1 strong 0 prior-agree 0 reacquire 0 rejected 0 | flags: led-ids 300 strong 299
[II] frame-timing WMTD306Q701DEK: 300 frames, 0 missed exposure, diff avg -0.91 min -4.02 max 1.70 ms
[II] HMD obs quality: full(strong+ids) 300 ids-verified 0 strong 0 prior-agree 0 reacquire 0 rejected 0 | flags: led-ids 300 strong 300
[II] frame-timing WMTD3052400VZL: 300 frames, 0 missed exposure, diff avg -0.89 min -4.37 max 1.77 ms
[II] HMD obs quality: full(strong+ids) 300 ids-verified 0 strong 0 prior-agree 0 reacquire 0 rejected 0 | flags: led-ids 300 strong 300
[II] sensor 0 calibration feed: 1801 offered, 1260 passed - rejected 0 for LED ids, 541 for too few blobs (<10), 0 for error
[II] frame-timing WMTD306Q701DEK: 300 frames, 0 missed exposure, diff avg -0.87 min -4.04 max 1.86 ms
[II] Device 0: joint reconstruction 1501 solved, 1 rejected, 1979 single-camera (0 observations arrived too late to count)
[II] frame-timing WMTD3052400VZL: 300 frames, 0 missed exposure, diff avg -0.83 min -3.87 max 2.01 ms
[II] HMD obs quality: full(strong+ids) 300 ids-verified 0 strong 0 prior-agree 0 reacquire 0 rejected 0 | flags: led-ids 300 strong 300
[II] Matched orientation after 0.213278 sec
[II] sensor 1 calibration feed: 1801 offered, 1243 passed - rejected 0 for LED ids, 558 for too few blobs (<10), 0 for error
[II] Matched orientation after 0.520792 sec
LED model: Controller 2
{ .pos = {0.029924,-0.008354,-0.011440}, .dir={0.884067,0.388313,-0.260075}, .pattern=0xff },
{ .pos = {0.035579,-0.033085,-0.010500}, .dir={0.967153,-0.024843,-0.252978}, .pattern=0xff },
{ .pos = {0.029672,-0.055872,-0.011444}, .dir={0.844946,-0.443012,-0.299679}, .pattern=0xff },
{ .pos = {0.011307,-0.075402,-0.014742}, .dir={0.492185,-0.802377,-0.337558}, .pattern=0xff },
{ .pos = {-0.010706,-0.082525,-0.018613}, .dir={0.115115,-0.904317,-0.411046}, .pattern=0xff },
{ .pos = {-0.036823,-0.077097,-0.023126}, .dir={-0.360823,-0.803908,-0.472798}, .pattern=0xff },
{ .pos = {-0.054804,-0.061287,-0.026311}, .dir={-0.680250,-0.518209,-0.518381}, .pattern=0xff },
{ .pos = {-0.063640,-0.038517,-0.027873}, .dir={-0.803271,-0.104034,-0.586457}, .pattern=0xff },
{ .pos = {-0.061106,-0.014967,-0.027541}, .dir={-0.749591,0.330238,-0.573634}, .pattern=0xff },
{ .pos = {-0.048142,0.005024,-0.025241}, .dir={-0.502059,0.647611,-0.573181}, .pattern=0xff },
{ .pos = {0.030741,-0.009481,0.005638}, .dir={0.909815,0.346749,0.228037}, .pattern=0xff },
{ .pos = {0.035603,-0.033197,0.006454}, .dir={0.965727,-0.047940,0.255094}, .pattern=0xff },
{ .pos = {0.029891,-0.056184,0.005466}, .dir={0.852034,-0.457544,0.254345}, .pattern=0xff },
{ .pos = {0.015945,-0.073674,0.002937}, .dir={0.579396,-0.790628,0.198007}, .pattern=0xff },
{ .pos = {-0.004149,-0.083843,-0.000414}, .dir={0.210284,-0.970564,0.117414}, .pattern=0xff },
{ .pos = {-0.026308,-0.084657,-0.004370}, .dir={-0.215699,-0.973665,0.073824}, .pattern=0xff },
{ .pos = {-0.047790,-0.075531,-0.008071}, .dir={-0.612699,-0.790017,0.021760}, .pattern=0xff },
{ .pos = {-0.062360,-0.059355,-0.010727}, .dir={-0.873529,-0.486161,-0.024384}, .pattern=0xff },
{ .pos = {-0.069536,-0.036988,-0.012005}, .dir={-0.995685,-0.061201,-0.069748}, .pattern=0xff },
{ .pos = {-0.066498,-0.013322,-0.011531}, .dir={-0.926055,0.370909,-0.069637}, .pattern=0xff },
{ .pos = {-0.055257,0.005037,-0.009626}, .dir={-0.696882,0.698339,-0.163337}, .pattern=0xff },
{ .pos = {-0.040009,0.011823,-0.013729}, .dir={0.284579,0.944923,0.161664}, .pattern=0xff },
{ .pos = {-0.005090,0.001581,-0.029274}, .dir={0.008358,0.796987,-0.603938}, .pattern=0xff },
{ .pos = {0.017659,-0.001427,-0.023817}, .dir={0.563180,0.669812,-0.483922}, .pattern=0xff },
[II] Device 2 using OVR-SDK complementary fusion backend
stream state: "connecting"
device 2 online. Now tracking.
[II] Left Controller IMU calibration  gyro_offset [ 0.007021, 0.010087, -0.013504 ]  accel_offset [ -0.061902, -0.039445, 0.389004 ]
[II]   gyro_calib = 
[II]   [    0.001,    0.995,   -0.005 ]
[II]   [   -0.003,    0.005,    0.999 ]
[II]   [    0.999,    0.001,    0.001 ]
[II]   accel_calib = 
[II]   [   -0.001,    0.998,   -0.009 ]
[II]   [   -0.000,    0.008,    0.995 ]
[II]   [    0.999,    0.001,   -0.000 ]
stream state: "paused"
[WW] Exposure stream out of sync: gap of 43.6 ms (nominal 19.2 ms), 1 so far
[WW] Sensor WMTD306Q701DEK: predicted exposure-to-frame latency of -1.0 ms differed from measured -7.4 ms (1 so far) - check the sensor sync cable
[II] Touch controller 2 wake config complete
[II] Forcing orientation observation
[WW] Device 2: late pose time 71.911 ms from WMTD306Q701DEK (1 so far, worst 71.911 ms)
[II] Forcing orientation observation
[II] Matched orientation after 0.059927 sec
[II] Ignoring position observation with error 0.067569 0.333030 0.135011 (prior stddev was 0.100000 0.100000 0.100000)

[II] Ignoring position observation with error 0.018018 0.230681 0.125273 (prior stddev was 0.100000 0.100000 0.100000)

[II] Ignoring position observation with error -0.015957 0.210233 0.153952 (prior stddev was 0.100000 0.100000 0.100000)

[II] Ignoring position observation with error -0.039496 0.249853 0.210598 (prior stddev was 0.100000 0.100000 0.100000)

[II] Ignoring position observation with error -0.051144 0.190860 0.186997 (prior stddev was 0.100000 0.100000 0.100000)

[II] Ignoring position observation with error -0.050627 0.133181 0.144277 (prior stddev was 0.100000 0.100000 0.100000)

[II] Ignoring position observation with error -0.077491 0.171468 0.194960 (prior stddev was 0.100000 0.100000 0.100000)

[II] Ignoring position observation with error -0.062908 0.133258 0.153120 (prior stddev was 0.100000 0.100000 0.100000)

[II] Ignoring position observation with error -0.072878 0.149158 0.169942 (prior stddev was 0.100000 0.100000 0.100000)

[II] Ignoring position observation with error -0.075342 0.155783 0.178973 (prior stddev was 0.100000 0.100000 0.100000)

[II] Ignoring position observation with error -0.053301 0.106421 0.126808 (prior stddev was 0.100000 0.100000 0.100000)

[II] Forcing orientation observation
[II] Ignoring position observation with error -0.062382 0.114921 0.141592 (prior stddev was 0.100000 0.100000 0.100000)

[II] Matched orientation after 0.025968 sec
[II] Forcing orientation observation
[II] Ignoring position observation with error -0.066324 0.119907 0.149248 (prior stddev was 0.100000 0.100000 0.100000)

[II] Matched orientation after 0.017978 sec
[II] Matched orientation after 0.019975 sec
[II] Device 2: joint reconstruction over 2 cameras left 4.77 px in the worst camera (>2.0 px) - check sensor calibration
[II] Ignoring position observation with error -0.076506 0.096727 0.149561 (prior stddev was 0.100000 0.100000 0.100000)

[II] Device 2: joint reconstruction 1 solved, 1 rejected, 21 single-camera (0 observations arrived too late to count)
[II] calib feed: 2701 observations offered (auto_calib 1, sensors 2, exposure_info yes, device 2)
[II] frame-timing WMTD306Q701DEK: 300 frames, 1 missed exposure, diff avg -0.82 min -7.50 max 17.44 ms
[II] HMD obs quality: full(strong+ids) 300 ids-verified 0 strong 0 prior-agree 0 reacquire 0 rejected 0 | flags: led-ids 300 strong 300
[II] Matched orientation after 0.151815 sec
[II] frame-timing WMTD3052400VZL: 300 frames, 2 missed exposure, diff avg -0.86 min -10.60 max 17.53 ms
LED model: Controller 3
{ .pos = {-0.029804,-0.008488,-0.011466}, .dir={-0.868435,0.426789,-0.252331}, .pattern=0xff },
{ .pos = {-0.035495,-0.032119,-0.010513}, .dir={-0.974995,-0.004233,-0.222187}, .pattern=0xff },
{ .pos = {-0.029819,-0.055363,-0.011530}, .dir={-0.872345,-0.433877,-0.225311}, .pattern=0xff },
{ .pos = {-0.012223,-0.074735,-0.014482}, .dir={-0.550523,-0.783165,-0.289098}, .pattern=0xff },
{ .pos = {0.010931,-0.082399,-0.018558}, .dir={-0.113685,-0.920719,-0.373300}, .pattern=0xff },
{ .pos = {0.035337,-0.077725,-0.022971}, .dir={0.321003,-0.822476,-0.469565}, .pattern=0xff },
{ .pos = {0.055530,-0.060415,-0.026481}, .dir={0.671715,-0.512871,-0.534567}, .pattern=0xff },
{ .pos = {0.063821,-0.036430,-0.028022}, .dir={0.830456,-0.074589,-0.552069}, .pattern=0xff },
{ .pos = {0.060918,-0.014519,-0.027529}, .dir={0.771918,0.326510,-0.545466}, .pattern=0xff },
{ .pos = {0.048247,0.004788,-0.025273}, .dir={0.539162,0.671628,-0.508154}, .pattern=0xff },
{ .pos = {-0.030624,-0.009621,0.005618}, .dir={-0.876521,0.425520,0.225041}, .pattern=0xff },
{ .pos = {-0.035434,-0.032114,0.006428}, .dir={-0.968514,-0.012193,0.248660}, .pattern=0xff },
{ .pos = {-0.030270,-0.055054,0.005541}, .dir={-0.870318,-0.441839,0.217545}, .pattern=0xff },
{ .pos = {-0.015943,-0.073504,0.003043}, .dir={-0.599825,-0.781416,0.172044}, .pattern=0xff },
{ .pos = {0.004718,-0.083876,-0.000671}, .dir={-0.218195,-0.969594,0.110808}, .pattern=0xff },
{ .pos = {0.027053,-0.084468,-0.004476}, .dir={0.196325,-0.980135,0.028128}, .pattern=0xff },
{ .pos = {0.047832,-0.075416,-0.008199}, .dir={0.589146,-0.807459,-0.030300}, .pattern=0xff },
{ .pos = {0.062790,-0.058741,-0.010697}, .dir={0.860962,-0.500010,-0.093454}, .pattern=0xff },
{ .pos = {0.069656,-0.035386,-0.012032}, .dir={0.994294,-0.054871,-0.091480}, .pattern=0xff },
{ .pos = {0.066382,-0.013213,-0.011531}, .dir={0.927925,0.362530,-0.086761}, .pattern=0xff },
{ .pos = {0.054259,0.005804,-0.009452}, .dir={0.696018,0.715006,-0.065769}, .pattern=0xff },
{ .pos = {0.039996,0.011548,-0.013374}, .dir={-0.199193,0.957329,0.209387}, .pattern=0xff },
{ .pos = {0.005256,0.001517,-0.029359}, .dir={0.033090,0.844565,-0.534430}, .pattern=0xff },
{ .pos = {-0.017616,-0.001473,-0.023911}, .dir={-0.465796,0.777332,-0.422836}, .pattern=0xff },
[II] Device 1 using OVR-SDK complementary fusion backend
stream state: "connecting"
device 1 online. Now tracking.
[II] Right Controller IMU calibration  gyro_offset [ 0.007307, -0.012761, -0.019731 ]  accel_offset [ 0.130618, -0.047088, -0.550669 ]
[II]   gyro_calib = 
[II]   [   -0.002,   -0.998,    0.010 ]
[II]   [    0.002,    0.010,    1.001 ]
[II]   [   -1.002,    0.001,   -0.004 ]
[II]   accel_calib = 
[II]   [    0.000,   -0.997,    0.014 ]
[II]   [    0.002,    0.010,    0.993 ]
[II]   [   -0.996,    0.000,   -0.003 ]
stream state: "paused"
[II] Matched orientation after 0.101712 sec
[II] Ignoring position observation with error -0.189907 1.088811 0.371244 (prior stddev was 0.505000 0.505000 0.505000)

[II] Touch controller 3 wake config complete
[II] Ignoring position observation with error -0.055667 0.357642 0.119322 (prior stddev was 0.100000 0.100000 0.100000)

[II] Ignoring position observation with error -0.022382 0.234565 0.072410 (prior stddev was 0.100000 0.100000 0.100000)

[II] Ignoring position observation with error -0.009786 0.223385 0.072091 (prior stddev was 0.100000 0.100000 0.100000)

[II] Device 1: joint reconstruction 1 solved, 0 rejected, 5 single-camera (0 observations arrived too late to count)
[II] Device 0: joint reconstruction 1801 solved, 1 rejected, 2377 single-camera (0 observations arrived too late to count)
[II] HMD obs quality: full(strong+ids) 300 ids-verified 0 strong 0 prior-agree 0 reacquire 0 rejected 0 | flags: led-ids 300 strong 300
[II] calib feed: 3601 observations offered (auto_calib 1, sensors 2, exposure_info yes, device 1)
[II] sensor 0 calibration feed: 2701 offered, 2046 passed - rejected 0 for LED ids, 655 for too few blobs (<10), 0 for error
[II] sensor 1 calibration feed: 2701 offered, 1799 passed - rejected 0 for LED ids, 902 for too few blobs (<10), 0 for error
[II] frame-timing WMTD306Q701DEK: 300 frames, 1 missed exposure, diff avg -0.85 min -7.53 max 20.33 ms
[II] Device 2: joint reconstruction 301 solved, 1 rejected, 337 single-camera (0 observations arrived too late to count)
[II] HMD obs quality: full(strong+ids) 300 ids-verified 0 strong 0 prior-agree 0 reacquire 0 rejected 0 | flags: led-ids 300 strong 300
[II] frame-timing WMTD3052400VZL: 300 frames, 1 missed exposure, diff avg -0.83 min -7.43 max 20.40 ms
[WW] Exposure timestamp 3364204800 was more than 1.5 IMU samples earlier than IMU ts 3364206475 by 1675 µS
[II] Device 1: joint reconstruction 301 solved, 0 rejected, 305 single-camera (0 observations arrived too late to count)
[II] calib feed: 4501 observations offered (auto_calib 1, sensors 2, exposure_info yes, device 0)
[II] calib feed WMTD3052400VZL: 4501 obs, 1394 paired, history 192 over 6 viewpoints, 86 solves, residual 2.64 px, estimated
[II] Device 0: joint reconstruction 2101 solved, 1 rejected, 2677 single-camera (0 observations arrived too late to count)
[II] HMD obs quality: full(strong+ids) 300 ids-verified 0 strong 0 prior-agree 0 reacquire 0 rejected 0 | flags: led-ids 300 strong 300
[WW] Exposure timestamp 3366585600 was more than 1.5 IMU samples earlier than IMU ts 3366587129 by 1529 µS
[II] Set sensor 1 pose to orient 0.964709 -0.075862 0.161512 0.193640  pos -0.037085 1.778174 1.805759
[II] sensor WMTD3052400VZL CameraPoseChange: dt 0.9 -1.2 -0.0 (1.5) mm  dr 0.05 deg
[II] sensor WMTD3052400VZL calibration UNSETTLED
[II] extrinsic refine: sensor WMTD3052400VZL step 1.5 mm / 0.05 deg (window mismatch 9.8 mm / 0.36 deg; net from start 4.6 mm / 0.17 deg; summed steps 4.1 mm / 0.20 deg)
[II] sensor WMTD3052400VZL calibration SETTLED
[II] Matched orientation after 1.015764 sec
[WW] Exposure timestamp 3367142400 was more than 1.5 IMU samples earlier than IMU ts 3367143984 by 1584 µS
[II] Ignoring position observation with error 0.052159 -0.007215 0.116265 (prior stddev was 0.100000 0.100000 0.100000)

[II] Ignoring position observation with error 0.040904 0.044432 0.153508 (prior stddev was 0.100000 0.100000 0.100000)

[II] Forcing orientation observation
[II] Ignoring position observation with error 0.065374 0.060689 0.300177 (prior stddev was 0.100000 0.100000 0.100000)

[II] Forcing orientation observation
[II] Forcing orientation observation
[II] Ignoring position observation with error 0.060127 0.065181 0.340199 (prior stddev was 0.100000 0.100000 0.100000)

[II] Matched orientation after 0.030963 sec
[II] Matched orientation after 0.059928 sec
[II] Ignoring position observation with error 0.043282 0.044815 0.194932 (prior stddev was 0.100000 0.100000 0.100000)

[II] frame-timing WMTD306Q701DEK: 300 frames, 0 missed exposure, diff avg -0.96 min -3.90 max 1.65 ms
[WW] Device 1: late pose time 87.815 ms from WMTD3052400VZL (1 so far, worst 87.815 ms)
[II] Matched orientation after 0.626320 sec
[II] sensor 0 calibration feed: 3601 offered, 2771 passed - rejected 0 for LED ids, 830 for too few blobs (<10), 0 for error
[II] frame-timing WMTD3052400VZL: 300 frames, 0 missed exposure, diff avg -0.94 min -3.96 max 1.59 ms
[II] Device 2: joint reconstruction 601 solved, 3 rejected, 681 single-camera (0 observations arrived too late to count)
[II] sensor 1 calibration feed: 3601 offered, 2415 passed - rejected 0 for LED ids, 1186 for too few blobs (<10), 0 for error
[II] Matched orientation after 3.291116 sec
[II] Matched orientation after 3.454250 sec
[II] calib feed: 5401 observations offered (auto_calib 1, sensors 2, exposure_info yes, device 1)
[II] HMD obs quality: full(strong+ids) 300 ids-verified 0 strong 0 prior-agree 0 reacquire 0 rejected 0 | flags: led-ids 300 strong 300
[II] frame-timing WMTD306Q701DEK: 300 frames, 0 missed exposure, diff avg -0.91 min -4.27 max 1.70 ms
[II] Device 1: joint reconstruction 601 solved, 0 rejected, 628 single-camera (0 observations arrived too late to count)
[II] HMD obs quality: full(strong+ids) 300 ids-verified 0 strong 0 prior-agree 0 reacquire 0 rejected 0 | flags: led-ids 300 strong 300
[II] frame-timing WMTD3052400VZL: 300 frames, 0 missed exposure, diff avg -0.91 min -3.47 max 1.94 ms
[II] Device 0: joint reconstruction 2401 solved, 1 rejected, 3017 single-camera (0 observations arrived too late to count)
[II] calib feed: 6301 observations offered (auto_calib 1, sensors 2, exposure_info yes, device 0)
[II] calib feed WMTD3052400VZL: 6301 obs, 1671 paired, history 192 over 6 viewpoints, 103 solves, residual 1.63 px, CALIBRATED
[II] Device 2: joint reconstruction 901 solved, 3 rejected, 981 single-camera (0 observations arrived too late to count)
[II] sensor 0 calibration feed: 4501 offered, 3646 passed - rejected 0 for LED ids, 855 for too few blobs (<10), 0 for error
[II] sensor 1 calibration feed: 4501 offered, 3065 passed - rejected 0 for LED ids, 1436 for too few blobs (<10), 0 for error
[II] HMD obs quality: full(strong+ids) 300 ids-verified 0 strong 0 prior-agree 0 reacquire 0 rejected 0 | flags: led-ids 300 strong 300
[II] calib feed: 7201 observations offered (auto_calib 1, sensors 2, exposure_info yes, device 2)
[II] frame-timing WMTD306Q701DEK: 300 frames, 0 missed exposure, diff avg -0.85 min -4.53 max 2.10 ms
[II] Device 1: joint reconstruction 901 solved, 0 rejected, 928 single-camera (0 observations arrived too late to count)
[II] HMD obs quality: full(strong+ids) 300 ids-verified 0 strong 0 prior-agree 0 reacquire 0 rejected 0 | flags: led-ids 300 strong 300
[II] frame-timing WMTD3052400VZL: 300 frames, 0 missed exposure, diff avg -0.89 min -4.67 max 1.81 ms
[II] Device 0: joint reconstruction 2701 solved, 1 rejected, 3317 single-camera (0 observations arrived too late to count)
[II] calib feed: 8101 observations offered (auto_calib 1, sensors 2, exposure_info yes, device 1)
[WW] Exposure timestamp 3382233600 was more than 1.5 IMU samples earlier than IMU ts 3382235354 by 1754 µS
[II] Device 2: joint reconstruction 1201 solved, 3 rejected, 1293 single-camera (0 observations arrived too late to count)
[II] sensor 0 calibration feed: 5401 offered, 4434 passed - rejected 0 for LED ids, 967 for too few blobs (<10), 0 for error
[II] sensor 1 calibration feed: 5401 offered, 3795 passed - rejected 0 for LED ids, 1606 for too few blobs (<10), 0 for error
[II] HMD obs quality: full(strong+ids) 300 ids-verified 0 strong 0 prior-agree 0 reacquire 0 rejected 0 | flags: led-ids 300 strong 300
[II] frame-timing WMTD306Q701DEK: 300 frames, 0 missed exposure, diff avg -0.95 min -4.00 max 1.46 ms
[II] Device 1: joint reconstruction 1201 solved, 0 rejected, 1228 single-camera (0 observations arrived too late to count)
[II] HMD obs quality: full(strong+ids) 300 ids-verified 0 strong 0 prior-agree 0 reacquire 0 rejected 0 | flags: led-ids 300 strong 300
[II] frame-timing WMTD3052400VZL: 300 frames, 0 missed exposure, diff avg -0.94 min -4.18 max 1.49 ms
[II] Device 0: joint reconstruction 3001 solved, 1 rejected, 3617 single-camera (0 observations arrived too late to count)
[II] calib feed: 9001 observations offered (auto_calib 1, sensors 2, exposure_info yes, device 1)
[II] sensor 0 calibration feed: 6301 offered, 4863 passed - rejected 0 for LED ids, 1438 for too few blobs (<10), 0 for error
[II] Device 2: joint reconstruction 1501 solved, 3 rejected, 1606 single-camera (0 observations arrived too late to count)
[II] sensor 1 calibration feed: 6301 offered, 4219 passed - rejected 0 for LED ids, 2082 for too few blobs (<10), 0 for error
[WW] Exposure timestamp 3389337600 was more than 1.5 IMU samples earlier than IMU ts 3389339300 by 1700 µS
[II] HMD obs quality: full(strong+ids) 300 ids-verified 0 strong 0 prior-agree 0 reacquire 0 rejected 0 | flags: led-ids 300 strong 300
[II] frame-timing WMTD306Q701DEK: 300 frames, 0 missed exposure, diff avg -0.94 min -4.07 max 1.65 ms
[II] Device 1: joint reconstruction 1501 solved, 0 rejected, 1528 single-camera (0 observations arrived too late to count)
[II] HMD obs quality: full(strong+ids) 300 ids-verified 0 strong 0 prior-agree 0 reacquire 0 rejected 0 | flags: led-ids 300 strong 300
[II] frame-timing WMTD3052400VZL: 300 frames, 0 missed exposure, diff avg -0.95 min -3.84 max 1.56 ms
[II] Device 0: joint reconstruction 3301 solved, 1 rejected, 3917 single-camera (0 observations arrived too late to count)
[II] calib feed: 9901 observations offered (auto_calib 1, sensors 2, exposure_info yes, device 2)
[II] sensor 0 calibration feed: 7201 offered, 5517 passed - rejected 0 for LED ids, 1684 for too few blobs (<10), 0 for error
[II] Device 2: joint reconstruction 1801 solved, 3 rejected, 1906 single-camera (0 observations arrived too late to count)
[II] sensor 1 calibration feed: 7201 offered, 4679 passed - rejected 0 for LED ids, 2522 for too few blobs (<10), 0 for error
[II] HMD obs quality: full(strong+ids) 300 ids-verified 0 strong 0 prior-agree 0 reacquire 0 rejected 0 | flags: led-ids 300 strong 300
[II] calib feed: 10801 observations offered (auto_calib 1, sensors 2, exposure_info yes, device 0)
[II] calib feed WMTD3052400VZL: 10801 obs, 2712 paired, history 192 over 6 viewpoints, 168 solves, residual 1.98 px, CALIBRATED
[II] frame-timing WMTD306Q701DEK: 300 frames, 0 missed exposure, diff avg -0.94 min -4.32 max 1.74 ms
[II] Device 1: joint reconstruction 1801 solved, 0 rejected, 1828 single-camera (0 observations arrived too late to count)
[II] HMD obs quality: full(strong+ids) 300 ids-verified 0 strong 0 prior-agree 0 reacquire 0 rejected 0 | flags: led-ids 300 strong 300
[II] frame-timing WMTD3052400VZL: 300 frames, 0 missed exposure, diff avg -0.90 min -4.59 max 1.69 ms
[II] Device 0: joint reconstruction 3601 solved, 1 rejected, 4217 single-camera (0 observations arrived too late to count)
[II] Set sensor 1 pose to orient 0.964750 -0.076059 0.161532 0.193338  pos -0.037177 1.776942 1.805601
[II] sensor WMTD3052400VZL CameraPoseChange: dt -0.1 -1.2 -0.2 (1.2) mm  dr 0.04 deg
[II] sensor WMTD3052400VZL calibration UNSETTLED
[II] extrinsic refine: sensor WMTD3052400VZL step 1.4 mm / 0.04 deg (window mismatch 9.1 mm / 0.28 deg; net from start 4.5 mm / 0.17 deg; summed steps 5.5 mm / 0.24 deg)
[II] sensor WMTD3052400VZL calibration SETTLED
[II] sensor 0 calibration feed: 8101 offered, 6285 passed - rejected 0 for LED ids, 1816 for too few blobs (<10), 0 for error
[II] Matched orientation after 0.348586 sec
[II] Device 2: joint reconstruction 2101 solved, 3 rejected, 2220 single-camera (0 observations arrived too late to count)
[II] sensor 1 calibration feed: 8101 offered, 5286 passed - rejected 0 for LED ids, 2815 for too few blobs (<10), 0 for error
[II] Device 2: IMU saturation (accel), 1 samples so far - the reading is clipped, so it is being ignored rather than integrated
[II] Matched orientation after 0.196763 sec
[II] Matched orientation after 0.141847 sec
[II] Matched orientation after 0.119856 sec
[II] Matched orientation after 0.101890 sec
[II] Matched orientation after 0.183779 sec
[II] HMD obs quality: full(strong+ids) 299 ids-verified 1 strong 0 prior-agree 0 reacquire 0 rejected 0 | flags: led-ids 300 strong 299
[II] Matched orientation after 0.111866 sec
[WW] Exposure timestamp 3402201600 was more than 1.5 IMU samples earlier than IMU ts 3402203276 by 1676 µS
[II] Matched orientation after 0.189771 sec
[II] Matched orientation after 0.129844 sec
[II] frame-timing WMTD306Q701DEK: 300 frames, 0 missed exposure, diff avg -0.86 min -4.46 max 1.74 ms
[II] frame-timing WMTD3052400VZL: 300 frames, 0 missed exposure, diff avg -0.90 min -3.84 max 1.73 ms
[II] HMD obs quality: full(strong+ids) 300 ids-verified 0 strong 0 prior-agree 0 reacquire 0 rejected 0 | flags: led-ids 300 strong 300
[II] Device 0: joint reconstruction 3901 solved, 1 rejected, 4544 single-camera (0 observations arrived too late to count)
[II] sensor 0 calibration feed: 9001 offered, 6285 passed - rejected 0 for LED ids, 2716 for too few blobs (<10), 0 for error
[II] HMD obs quality: full(strong+ids) 300 ids-verified 0 strong 0 prior-agree 0 reacquire 0 rejected 0 | flags: led-ids 300 strong 300
[II] frame-timing WMTD306Q701DEK: 300 frames, 0 missed exposure, diff avg -0.89 min -3.74 max 1.71 ms
[WW] Exposure timestamp 3409286400 was more than 1.5 IMU samples earlier than IMU ts 3409288295 by 1895 µS
[II] frame-timing WMTD3052400VZL: 300 frames, 0 missed exposure, diff avg -0.86 min -4.32 max 1.68 ms
[WW] Exposure timestamp 3410553600 was more than 1.5 IMU samples earlier than IMU ts 3410555268 by 1668 µS
[II] HMD obs quality: full(strong+ids) 300 ids-verified 0 strong 0 prior-agree 0 reacquire 0 rejected 0 | flags: led-ids 300 strong 300
[II] Device 0: joint reconstruction 4201 solved, 1 rejected, 4844 single-camera (0 observations arrived too late to count)
[WW] Exposure timestamp 3412032000 was more than 1.5 IMU samples earlier than IMU ts 3412033570 by 1570 µS
[II] sensor 0 calibration feed: 9901 offered, 6285 passed - rejected 0 for LED ids, 3616 for too few blobs (<10), 0 for error
[II] HMD obs quality: full(strong+ids) 300 ids-verified 0 strong 0 prior-agree 0 reacquire 0 rejected 0 | flags: led-ids 300 strong 300
[WW] Exposure timestamp 3413721600 was more than 1.5 IMU samples earlier than IMU ts 3413723203 by 1603 µS
[II] frame-timing WMTD306Q701DEK: 300 frames, 0 missed exposure, diff avg -0.93 min -3.92 max 1.62 ms
[II] frame-timing WMTD3052400VZL: 300 frames, 0 missed exposure, diff avg -0.89 min -3.61 max 1.29 ms
[II] HMD obs quality: full(strong+ids) 300 ids-verified 0 strong 0 prior-agree 0 reacquire 0 rejected 0 | flags: led-ids 300 strong 300
[II] Device 0: joint reconstruction 4501 solved, 1 rejected, 5144 single-camera (0 observations arrived too late to count)
[II] sensor 1 calibration feed: 9001 offered, 5286 passed - rejected 0 for LED ids, 3715 for too few blobs (<10), 0 for error
[II] sensor 0 calibration feed: 10801 offered, 6285 passed - rejected 0 for LED ids, 4516 for too few blobs (<10), 0 for error
[II] HMD obs quality: full(strong+ids) 300 ids-verified 0 strong 0 prior-agree 0 reacquire 0 rejected 0 | flags: led-ids 300 strong 300
[II] frame-timing WMTD306Q701DEK: 300 frames, 0 missed exposure, diff avg -0.93 min -4.49 max 1.70 ms
[WW] Exposure timestamp 3421286400 was more than 1.5 IMU samples earlier than IMU ts 3421288009 by 1609 µS
[II] frame-timing WMTD3052400VZL: 300 frames, 0 missed exposure, diff avg -0.96 min -4.15 max 1.59 ms
[II] HMD obs quality: full(strong+ids) 300 ids-verified 0 strong 0 prior-agree 0 reacquire 0 rejected 0 | flags: led-ids 300 strong 300
[II] Device 0: joint reconstruction 4801 solved, 1 rejected, 5444 single-camera (0 observations arrived too late to count)
[WW] Exposure timestamp 3423321600 was more than 1.5 IMU samples earlier than IMU ts 3423323187 by 1587 µS
[II] sensor 0 calibration feed: 11701 offered, 6285 passed - rejected 0 for LED ids, 5416 for too few blobs (<10), 0 for error
[II] HMD obs quality: full(strong+ids) 300 ids-verified 0 strong 0 prior-agree 0 reacquire 0 rejected 0 | flags: led-ids 300 strong 300
[II] frame-timing WMTD306Q701DEK: 300 frames, 0 missed exposure, diff avg -0.89 min -3.99 max 1.75 ms
[II] frame-timing WMTD3052400VZL: 300 frames, 0 missed exposure, diff avg -0.89 min -3.73 max 1.59 ms
[II] HMD obs quality: full(strong+ids) 300 ids-verified 0 strong 0 prior-agree 0 reacquire 0 rejected 0 | flags: led-ids 300 strong 300
[II] Device 0: joint reconstruction 5101 solved, 1 rejected, 5744 single-camera (0 observations arrived too late to count)
[II] sensor 0 calibration feed: 12601 offered, 6285 passed - rejected 0 for LED ids, 6316 for too few blobs (<10), 0 for error
[II] HMD obs quality: full(strong+ids) 300 ids-verified 0 strong 0 prior-agree 0 reacquire 0 rejected 0 | flags: led-ids 300 strong 300
[II] frame-timing WMTD306Q701DEK: 300 frames, 0 missed exposure, diff avg -0.90 min -3.97 max 1.39 ms
[WW] Exposure timestamp 3432460800 was more than 1.5 IMU samples earlier than IMU ts 3432462484 by 1684 µS
[II] frame-timing WMTD3052400VZL: 300 frames, 0 missed exposure, diff avg -0.88 min -3.96 max 1.71 ms
[II] HMD obs quality: full(strong+ids) 300 ids-verified 0 strong 0 prior-agree 0 reacquire 0 rejected 0 | flags: led-ids 300 strong 300
[II] Device 0: joint reconstruction 5401 solved, 1 rejected, 6044 single-camera (0 observations arrived too late to count)
[II] sensor 1 calibration feed: 9901 offered, 5286 passed - rejected 0 for LED ids, 4615 for too few blobs (<10), 0 for error
[II] sensor 0 calibration feed: 13501 offered, 6285 passed - rejected 0 for LED ids, 7216 for too few blobs (<10), 0 for error
[WW] Exposure timestamp 3436435200 was more than 1.5 IMU samples earlier than IMU ts 3436436713 by 1513 µS
[II] HMD obs quality: full(strong+ids) 300 ids-verified 0 strong 0 prior-agree 0 reacquire 0 rejected 0 | flags: led-ids 300 strong 300
[II] frame-timing WMTD306Q701DEK: 300 frames, 0 missed exposure, diff avg -0.91 min -4.20 max 1.83 ms
[II] frame-timing WMTD3052400VZL: 300 frames, 0 missed exposure, diff avg -0.93 min -4.27 max 1.45 ms
[II] HMD obs quality: full(strong+ids) 300 ids-verified 0 strong 0 prior-agree 0 reacquire 0 rejected 0 | flags: led-ids 300 strong 300
[II] Device 0: joint reconstruction 5701 solved, 1 rejected, 6344 single-camera (0 observations arrived too late to count)
[II] sensor 0 calibration feed: 14401 offered, 6285 passed - rejected 0 for LED ids, 8116 for too few blobs (<10), 0 for error
[II] HMD obs quality: full(strong+ids) 300 ids-verified 0 strong 0 prior-agree 0 reacquire 0 rejected 0 | flags: led-ids 300 strong 300
[II] frame-timing WMTD306Q701DEK: 300 frames, 0 missed exposure, diff avg -0.99 min -4.80 max 1.58 ms
[II] frame-timing WMTD3052400VZL: 300 frames, 0 missed exposure, diff avg -0.97 min -3.72 max 1.61 ms
[II] HMD obs quality: full(strong+ids) 300 ids-verified 0 strong 0 prior-agree 0 reacquire 0 rejected 0 | flags: led-ids 300 strong 300
[II] Device 0: joint reconstruction 6001 solved, 1 rejected, 6644 single-camera (0 observations arrived too late to count)
[II] sensor 0 calibration feed: 15301 offered, 6285 passed - rejected 0 for LED ids, 9016 for too few blobs (<10), 0 for error
[II] HMD obs quality: full(strong+ids) 300 ids-verified 0 strong 0 prior-agree 0 reacquire 0 rejected 0 | flags: led-ids 300 strong 300
[WW] Exposure timestamp 3448473600 was more than 1.5 IMU samples earlier than IMU ts 3448475622 by 2022 µS
[II] frame-timing WMTD306Q701DEK: 300 frames, 0 missed exposure, diff avg -0.89 min -3.73 max 1.54 ms
[II] frame-timing WMTD3052400VZL: 300 frames, 0 missed exposure, diff avg -0.88 min -3.59 max 1.86 ms
[II] HMD obs quality: full(strong+ids) 300 ids-verified 0 strong 0 prior-agree 0 reacquire 0 rejected 0 | flags: led-ids 300 strong 300
[II] Device 0: joint reconstruction 6301 solved, 1 rejected, 6944 single-camera (0 observations arrived too late to count)
[II] sensor 1 calibration feed: 10801 offered, 5294 passed - rejected 0 for LED ids, 5507 for too few blobs (<10), 0 for error
[II] sensor 0 calibration feed: 16201 offered, 6285 passed - rejected 0 for LED ids, 9916 for too few blobs (<10), 0 for error
[II] HMD obs quality: full(strong+ids) 300 ids-verified 0 strong 0 prior-agree 0 reacquire 0 rejected 0 | flags: led-ids 300 strong 300
[II] frame-timing WMTD306Q701DEK: 300 frames, 0 missed exposure, diff avg -0.90 min -4.41 max 1.99 ms
[II] frame-timing WMTD3052400VZL: 300 frames, 0 missed exposure, diff avg -0.88 min -3.95 max 1.45 ms
[WW] Exposure timestamp 3456537600 was more than 1.5 IMU samples earlier than IMU ts 3456539320 by 1720 µS
[II] HMD obs quality: full(strong+ids) 300 ids-verified 0 strong 0 prior-agree 0 reacquire 0 rejected 0 | flags: led-ids 300 strong 300
[II] Device 0: joint reconstruction 6601 solved, 1 rejected, 7244 single-camera (0 observations arrived too late to count)
[II] sensor 0 calibration feed: 17101 offered, 6285 passed - rejected 0 for LED ids, 10816 for too few blobs (<10), 0 for error
[II] HMD obs quality: full(strong+ids) 300 ids-verified 0 strong 0 prior-agree 0 reacquire 0 rejected 0 | flags: led-ids 300 strong 300
[WW] Exposure timestamp 3460243200 was more than 1.5 IMU samples earlier than IMU ts 3460245164 by 1964 µS
[II] frame-timing WMTD306Q701DEK: 300 frames, 0 missed exposure, diff avg -0.86 min -3.68 max 1.41 ms
[II] frame-timing WMTD3052400VZL: 300 frames, 0 missed exposure, diff avg -0.85 min -4.11 max 1.73 ms
[II] HMD obs quality: full(strong+ids) 300 ids-verified 0 strong 0 prior-agree 0 reacquire 0 rejected 0 | flags: led-ids 300 strong 300
[II] Device 0: joint reconstruction 6901 solved, 1 rejected, 7544 single-camera (0 observations arrived too late to count)
[WW] Exposure timestamp 3464025600 was more than 1.5 IMU samples earlier than IMU ts 3464027135 by 1535 µS
[II] sensor 0 calibration feed: 18001 offered, 6285 passed - rejected 0 for LED ids, 11716 for too few blobs (<10), 0 for error
[WW] Exposure timestamp 3464544000 was more than 1.5 IMU samples earlier than IMU ts 3464545954 by 1954 µS
[II] HMD obs quality: full(strong+ids) 300 ids-verified 0 strong 0 prior-agree 0 reacquire 0 rejected 0 | flags: led-ids 300 strong 300
[II] frame-timing WMTD306Q701DEK: 300 frames, 0 missed exposure, diff avg -0.88 min -3.42 max 1.77 ms
[WW] Exposure timestamp 3467193600 was more than 1.5 IMU samples earlier than IMU ts 3467195139 by 1539 µS
[II] frame-timing WMTD3052400VZL: 300 frames, 0 missed exposure, diff avg -0.92 min -4.15 max 1.53 ms
[II] HMD obs quality: full(strong+ids) 300 ids-verified 0 strong 0 prior-agree 0 reacquire 0 rejected 0 | flags: led-ids 300 strong 300
[WW] Exposure timestamp 3468537600 was more than 1.5 IMU samples earlier than IMU ts 3468539264 by 1664 µS
[II] Device 0: joint reconstruction 7201 solved, 1 rejected, 7844 single-camera (0 observations arrived too late to count)
[II] sensor 1 calibration feed: 11701 offered, 5344 passed - rejected 0 for LED ids, 6357 for too few blobs (<10), 0 for error
[II] sensor 0 calibration feed: 18901 offered, 6285 passed - rejected 0 for LED ids, 12616 for too few blobs (<10), 0 for error
[WW] Exposure timestamp 3470361600 was more than 1.5 IMU samples earlier than IMU ts 3470363194 by 1594 µS
[WW] Exposure timestamp 3470937600 was more than 1.5 IMU samples earlier than IMU ts 3470939105 by 1505 µS
[II] HMD obs quality: full(strong+ids) 300 ids-verified 0 strong 0 prior-agree 0 reacquire 0 rejected 0 | flags: led-ids 300 strong 300
[II] frame-timing WMTD306Q701DEK: 300 frames, 0 missed exposure, diff avg -0.95 min -4.04 max 1.80 ms
[II] frame-timing WMTD3052400VZL: 300 frames, 0 missed exposure, diff avg -0.91 min -4.16 max 1.46 ms
[II] HMD obs quality: full(strong+ids) 300 ids-verified 0 strong 0 prior-agree 0 reacquire 0 rejected 0 | flags: led-ids 300 strong 300
[II] Device 0: joint reconstruction 7501 solved, 1 rejected, 8144 single-camera (0 observations arrived too late to count)
[II] sensor 0 calibration feed: 19801 offered, 6285 passed - rejected 0 for LED ids, 13516 for too few blobs (<10), 0 for error
[II] HMD obs quality: full(strong+ids) 300 ids-verified 0 strong 0 prior-agree 0 reacquire 0 rejected 0 | flags: led-ids 300 strong 300
[II] frame-timing WMTD306Q701DEK: 300 frames, 0 missed exposure, diff avg -0.87 min -3.73 max 1.99 ms
[II] frame-timing WMTD3052400VZL: 300 frames, 0 missed exposure, diff avg -0.82 min -3.50 max 1.83 ms
[II] HMD obs quality: full(strong+ids) 300 ids-verified 0 strong 0 prior-agree 0 reacquire 0 rejected 0 | flags: led-ids 300 strong 300
[II] Device 0: joint reconstruction 7801 solved, 1 rejected, 8444 single-camera (0 observations arrived too late to count)
[II] sensor 0 calibration feed: 20701 offered, 6285 passed - rejected 0 for LED ids, 14416 for too few blobs (<10), 0 for error
[II] HMD obs quality: full(strong+ids) 300 ids-verified 0 strong 0 prior-agree 0 reacquire 0 rejected 0 | flags: led-ids 300 strong 300
[II] frame-timing WMTD306Q701DEK: 300 frames, 0 missed exposure, diff avg -0.86 min -4.18 max 1.87 ms
[II] frame-timing WMTD3052400VZL: 300 frames, 0 missed exposure, diff avg -0.89 min -3.70 max 1.77 ms
[WW] Exposure timestamp 3485184000 was more than 1.5 IMU samples earlier than IMU ts 3485185632 by 1632 µS
[II] HMD obs quality: full(strong+ids) 300 ids-verified 0 strong 0 prior-agree 0 reacquire 0 rejected 0 | flags: led-ids 300 strong 300
[II] Device 0: joint reconstruction 8101 solved, 1 rejected, 8744 single-camera (0 observations arrived too late to count)
[II] sensor 1 calibration feed: 12601 offered, 5411 passed - rejected 0 for LED ids, 7190 for too few blobs (<10), 0 for error
[II] sensor 0 calibration feed: 21601 offered, 6285 passed - rejected 0 for LED ids, 15316 for too few blobs (<10), 0 for error
[WW] Exposure timestamp 3488121600 was more than 1.5 IMU samples earlier than IMU ts 3488123309 by 1709 µS
[II] HMD obs quality: full(strong+ids) 300 ids-verified 0 strong 0 prior-agree 0 reacquire 0 rejected 0 | flags: led-ids 300 strong 300
[II] calib feed: 11701 observations offered (auto_calib 1, sensors 2, exposure_info yes, device 0)
[II] calib feed WMTD3052400VZL: 11701 obs, 2836 paired, history 192 over 6 viewpoints, 176 solves, residual 1.81 px, CALIBRATED
[II] frame-timing WMTD306Q701DEK: 300 frames, 0 missed exposure, diff avg -0.97 min -3.70 max 1.55 ms
[II] frame-timing WMTD3052400VZL: 300 frames, 0 missed exposure, diff avg -0.99 min -4.01 max 1.47 ms
[II] HMD obs quality: full(strong+ids) 300 ids-verified 0 strong 0 prior-agree 0 reacquire 0 rejected 0 | flags: led-ids 300 strong 300
[II] Device 0: joint reconstruction 8401 solved, 1 rejected, 9044 single-camera (0 observations arrived too late to count)
[II] sensor 0 calibration feed: 22501 offered, 6285 passed - rejected 0 for LED ids, 16216 for too few blobs (<10), 0 for error
[WW] Exposure timestamp 3493401600 was more than 1.5 IMU samples earlier than IMU ts 3493403688 by 2088 µS
[II] HMD obs quality: full(strong+ids) 300 ids-verified 0 strong 0 prior-agree 0 reacquire 0 rejected 0 | flags: led-ids 300 strong 300
[WW] Exposure timestamp 3494592000 was more than 1.5 IMU samples earlier than IMU ts 3494593580 by 1580 µS
[II] frame-timing WMTD306Q701DEK: 300 frames, 0 missed exposure, diff avg -0.98 min -3.99 max 1.59 ms
[II] frame-timing WMTD3052400VZL: 300 frames, 0 missed exposure, diff avg -0.99 min -4.83 max 1.82 ms
[II] HMD obs quality: full(strong+ids) 300 ids-verified 0 strong 0 prior-agree 0 reacquire 0 rejected 0 | flags: led-ids 300 strong 300
[II] Device 0: joint reconstruction 8701 solved, 1 rejected, 9344 single-camera (0 observations arrived too late to count)
[II] sensor 0 calibration feed: 23401 offered, 6285 passed - rejected 0 for LED ids, 17116 for too few blobs (<10), 0 for error
[II] HMD obs quality: full(strong+ids) 300 ids-verified 0 strong 0 prior-agree 0 reacquire 0 rejected 0 | flags: led-ids 300 strong 300
[II] frame-timing WMTD306Q701DEK: 300 frames, 0 missed exposure, diff avg -0.91 min -4.20 max 1.62 ms
[II] frame-timing WMTD3052400VZL: 300 frames, 0 missed exposure, diff avg -0.82 min -4.32 max 1.87 ms
[II] HMD obs quality: full(strong+ids) 300 ids-verified 0 strong 0 prior-agree 0 reacquire 0 rejected 0 | flags: led-ids 300 strong 300
[II] Device 0: joint reconstruction 9001 solved, 1 rejected, 9644 single-camera (0 observations arrived too late to count)
[II] sensor 1 calibration feed: 13501 offered, 5472 passed - rejected 0 for LED ids, 8029 for too few blobs (<10), 0 for error
[II] sensor 0 calibration feed: 24301 offered, 6285 passed - rejected 0 for LED ids, 18016 for too few blobs (<10), 0 for error
[WW] Exposure timestamp 3505113600 was more than 1.5 IMU samples earlier than IMU ts 3505115335 by 1735 µS
[II] HMD obs quality: full(strong+ids) 300 ids-verified 0 strong 0 prior-agree 0 reacquire 0 rejected 0 | flags: led-ids 300 strong 300
[WW] Exposure timestamp 3505689600 was more than 1.5 IMU samples earlier than IMU ts 3505691253 by 1653 µS
[II] frame-timing WMTD306Q701DEK: 300 frames, 0 missed exposure, diff avg -0.85 min -4.36 max 1.83 ms
[II] frame-timing WMTD3052400VZL: 300 frames, 0 missed exposure, diff avg -0.85 min -4.08 max 1.49 ms
[II] HMD obs quality: full(strong+ids) 300 ids-verified 0 strong 0 prior-agree 0 reacquire 0 rejected 0 | flags: led-ids 300 strong 300
[II] Device 0: joint reconstruction 9301 solved, 1 rejected, 9944 single-camera (0 observations arrived too late to count)
[II] sensor 0 calibration feed: 25201 offered, 6285 passed - rejected 0 for LED ids, 18916 for too few blobs (<10), 0 for error
[II] Matched orientation after 0.117875 sec
[II] HMD obs quality: full(strong+ids) 300 ids-verified 0 strong 0 prior-agree 0 reacquire 0 rejected 0 | flags: led-ids 300 strong 300
[II] Matched orientation after 0.135839 sec
[II] Matched orientation after 0.190774 sec
[II] Matched orientation after 0.191773 sec
[II] frame-timing WMTD306Q701DEK: 300 frames, 0 missed exposure, diff avg -0.83 min -4.06 max 1.84 ms
[II] Matched orientation after 0.652226 sec
[II] Matched orientation after 0.111881 sec
[II] Matched orientation after 0.103890 sec
[II] frame-timing WMTD3052400VZL: 300 frames, 0 missed exposure, diff avg -0.87 min -4.27 max 1.35 ms
[II] Matched orientation after 0.995819 sec
[II] HMD obs quality: full(strong+ids) 300 ids-verified 0 strong 0 prior-agree 0 reacquire 0 rejected 0 | flags: led-ids 300 strong 300
[II] Matched orientation after 0.788066 sec
[II] Device 0: joint reconstruction 9601 solved, 1 rejected, 10244 single-camera (0 observations arrived too late to count)
[II] Matched orientation after 0.730134 sec
[II] Matched orientation after 0.121870 sec
[II] Matched orientation after 0.101891 sec
[II] Matched orientation after 0.197790 sec
[II] Matched orientation after 0.142848 sec
[II] Matched orientation after 0.141850 sec
[II] HMD obs quality: full(strong+ids) 300 ids-verified 0 strong 0 prior-agree 0 reacquire 0 rejected 0 | flags: led-ids 300 strong 300
[II] Matched orientation after 0.187801 sec
[II] Matched orientation after 0.311669 sec
[II] Matched orientation after 2.206384 sec
[II] frame-timing WMTD306Q701DEK: 300 frames, 0 missed exposure, diff avg -0.90 min -4.16 max 1.41 ms
[II] frame-timing WMTD3052400VZL: 300 frames, 0 missed exposure, diff avg -0.87 min -4.24 max 1.45 ms
[II] HMD obs quality: full(strong+ids) 300 ids-verified 0 strong 0 prior-agree 0 reacquire 0 rejected 0 | flags: led-ids 300 strong 300
[II] Device 0: joint reconstruction 9901 solved, 1 rejected, 10544 single-camera (0 observations arrived too late to count)
[II] sensor 0 calibration feed: 26101 offered, 6285 passed - rejected 0 for LED ids, 19816 for too few blobs (<10), 0 for error
[II] sensor 1 calibration feed: 14401 offered, 5553 passed - rejected 0 for LED ids, 8848 for too few blobs (<10), 0 for error
[II] HMD obs quality: full(strong+ids) 300 ids-verified 0 strong 0 prior-agree 0 reacquire 0 rejected 0 | flags: led-ids 300 strong 300
[II] frame-timing WMTD306Q701DEK: 300 frames, 0 missed exposure, diff avg -0.91 min -4.17 max 1.77 ms
[II] frame-timing WMTD3052400VZL: 300 frames, 0 missed exposure, diff avg -0.91 min -4.19 max 1.62 ms
[II] HMD obs quality: full(strong+ids) 300 ids-verified 0 strong 0 prior-agree 0 reacquire 0 rejected 0 | flags: led-ids 300 strong 300
[II] Device 0: joint reconstruction 10201 solved, 1 rejected, 10844 single-camera (0 observations arrived too late to count)
[II] Matched orientation after 9.058268 sec
[II] HMD obs quality: full(strong+ids) 300 ids-verified 0 strong 0 prior-agree 0 reacquire 0 rejected 0 | flags: led-ids 300 strong 300
[II] sensor 0 calibration feed: 27001 offered, 6285 passed - rejected 0 for LED ids, 20716 for too few blobs (<10), 0 for error
[II] frame-timing WMTD306Q701DEK: 300 frames, 0 missed exposure, diff avg -0.91 min -3.89 max 1.35 ms
[WW] Exposure timestamp 3530188800 was more than 1.5 IMU samples earlier than IMU ts 3530190416 by 1616 µS
[II] frame-timing WMTD3052400VZL: 300 frames, 0 missed exposure, diff avg -0.91 min -3.97 max 1.52 ms
[II] HMD obs quality: full(strong+ids) 300 ids-verified 0 strong 0 prior-agree 0 reacquire 0 rejected 0 | flags: led-ids 300 strong 300
[II] Device 0: joint reconstruction 10501 solved, 1 rejected, 11144 single-camera (0 observations arrived too late to count)
[II] HMD obs quality: full(strong+ids) 300 ids-verified 0 strong 0 prior-agree 0 reacquire 0 rejected 0 | flags: led-ids 300 strong 300
[II] sensor 0 calibration feed: 27901 offered, 6285 passed - rejected 0 for LED ids, 21616 for too few blobs (<10), 0 for error
[II] frame-timing WMTD306Q701DEK: 300 frames, 0 missed exposure, diff avg -0.92 min -3.84 max 1.41 ms
[WW] Exposure timestamp 3535948800 was more than 1.5 IMU samples earlier than IMU ts 3535950653 by 1853 µS
[II] frame-timing WMTD3052400VZL: 300 frames, 0 missed exposure, diff avg -0.91 min -7.51 max 1.77 ms
[II] HMD obs quality: full(strong+ids) 300 ids-verified 0 strong 0 prior-agree 0 reacquire 0 rejected 0 | flags: led-ids 300 strong 300
[II] Device 0: joint reconstruction 10801 solved, 1 rejected, 11444 single-camera (0 observations arrived too late to count)
[II] sensor 1 calibration feed: 15301 offered, 6118 passed - rejected 0 for LED ids, 9183 for too few blobs (<10), 0 for error
[II] HMD obs quality: full(strong+ids) 300 ids-verified 0 strong 0 prior-agree 0 reacquire 0 rejected 0 | flags: led-ids 300 strong 300
[II] sensor 0 calibration feed: 28801 offered, 6285 passed - rejected 0 for LED ids, 22516 for too few blobs (<10), 0 for error
[II] frame-timing WMTD306Q701DEK: 300 frames, 0 missed exposure, diff avg -0.92 min -9.04 max 1.74 ms
[II] frame-timing WMTD3052400VZL: 300 frames, 0 missed exposure, diff avg -0.93 min -3.45 max 1.62 ms
[II] HMD obs quality: full(strong+ids) 300 ids-verified 0 strong 0 prior-agree 0 reacquire 0 rejected 0 | flags: led-ids 300 strong 300
[II] Device 0: joint reconstruction 11101 solved, 1 rejected, 11744 single-camera (0 observations arrived too late to count)
[II] calib feed: 12601 observations offered (auto_calib 1, sensors 2, exposure_info yes, device 0)
[II] calib feed WMTD3052400VZL: 12601 obs, 2836 paired, history 192 over 6 viewpoints, 176 solves, residual 1.81 px, CALIBRATED
[II] HMD obs quality: full(strong+ids) 300 ids-verified 0 strong 0 prior-agree 0 reacquire 0 rejected 0 | flags: led-ids 300 strong 300
[II] sensor 0 calibration feed: 29701 offered, 6285 passed - rejected 0 for LED ids, 23416 for too few blobs (<10), 0 for error
[II] frame-timing WMTD306Q701DEK: 300 frames, 0 missed exposure, diff avg -0.92 min -3.76 max 1.80 ms
[II] frame-timing WMTD3052400VZL: 300 frames, 0 missed exposure, diff avg -0.92 min -4.82 max 1.47 ms
[II] HMD obs quality: full(strong+ids) 300 ids-verified 0 strong 0 prior-agree 0 reacquire 0 rejected 0 | flags: led-ids 300 strong 300
[II] Device 0: joint reconstruction 11401 solved, 1 rejected, 12044 single-camera (0 observations arrived too late to count)
[II] HMD obs quality: full(strong+ids) 300 ids-verified 0 strong 0 prior-agree 0 reacquire 0 rejected 0 | flags: led-ids 300 strong 300
[II] sensor 0 calibration feed: 30601 offered, 6285 passed - rejected 0 for LED ids, 24316 for too few blobs (<10), 0 for error
[II] frame-timing WMTD306Q701DEK: 300 frames, 0 missed exposure, diff avg -0.95 min -4.18 max 1.51 ms
[II] frame-timing WMTD3052400VZL: 300 frames, 0 missed exposure, diff avg -0.90 min -3.88 max 1.66 ms
[II] HMD obs quality: full(strong+ids) 300 ids-verified 0 strong 0 prior-agree 0 reacquire 0 rejected 0 | flags: led-ids 300 strong 300
[WW] Exposure timestamp 3554822400 was more than 1.5 IMU samples earlier than IMU ts 3554823991 by 1591 µS
[II] Device 0: joint reconstruction 11701 solved, 1 rejected, 12344 single-camera (0 observations arrived too late to count)
[II] sensor 1 calibration feed: 16201 offered, 6860 passed - rejected 0 for LED ids, 9341 for too few blobs (<10), 0 for error
[WW] Exposure timestamp 3556281600 was more than 1.5 IMU samples earlier than IMU ts 3556283341 by 1741 µS
[II] HMD obs quality: full(strong+ids) 300 ids-verified 0 strong 0 prior-agree 0 reacquire 0 rejected 0 | flags: led-ids 300 strong 300
[II] sensor 0 calibration feed: 31501 offered, 6285 passed - rejected 0 for LED ids, 25216 for too few blobs (<10), 0 for error
[II] frame-timing WMTD306Q701DEK: 300 frames, 0 missed exposure, diff avg -0.85 min -4.34 max 1.65 ms
[II] frame-timing WMTD3052400VZL: 300 frames, 0 missed exposure, diff avg -0.88 min -3.97 max 1.74 ms
[WW] Exposure timestamp 3559891200 was more than 1.5 IMU samples earlier than IMU ts 3559893158 by 1958 µS
[WW] Exposure timestamp 3560025600 was more than 1.5 IMU samples earlier than IMU ts 3560027375 by 1775 µS
[II] HMD obs quality: full(strong+ids) 300 ids-verified 0 strong 0 prior-agree 0 reacquire 0 rejected 0 | flags: led-ids 300 strong 300
[II] Device 0: joint reconstruction 12001 solved, 1 rejected, 12644 single-camera (0 observations arrived too late to count)
[WW] Exposure timestamp 3561849600 was more than 1.5 IMU samples earlier than IMU ts 3561851315 by 1715 µS
[II] HMD obs quality: full(strong+ids) 300 ids-verified 0 strong 0 prior-agree 0 reacquire 0 rejected 0 | flags: led-ids 300 strong 300
[II] sensor 0 calibration feed: 32401 offered, 6285 passed - rejected 0 for LED ids, 26116 for too few blobs (<10), 0 for error
[II] calib feed: 13501 observations offered (auto_calib 1, sensors 2, exposure_info yes, device 0)
[II] calib feed WMTD3052400VZL: 13501 obs, 2836 paired, history 192 over 6 viewpoints, 176 solves, residual 1.81 px, CALIBRATED
[II] frame-timing WMTD306Q701DEK: 300 frames, 0 missed exposure, diff avg -0.88 min -4.01 max 1.70 ms
[II] frame-timing WMTD3052400VZL: 300 frames, 0 missed exposure, diff avg -0.84 min -3.67 max 1.54 ms
[II] HMD obs quality: full(strong+ids) 300 ids-verified 0 strong 0 prior-agree 0 reacquire 0 rejected 0 | flags: led-ids 300 strong 300
[II] Device 0: joint reconstruction 12301 solved, 1 rejected, 12944 single-camera (0 observations arrived too late to count)
[II] HMD obs quality: full(strong+ids) 300 ids-verified 0 strong 0 prior-agree 0 reacquire 0 rejected 0 | flags: led-ids 300 strong 300
[II] sensor 0 calibration feed: 33301 offered, 6285 passed - rejected 0 for LED ids, 27016 for too few blobs (<10), 0 for error
[WW] Exposure timestamp 3569203200 was more than 1.5 IMU samples earlier than IMU ts 3569205183 by 1983 µS
[II] frame-timing WMTD306Q701DEK: 300 frames, 0 missed exposure, diff avg -0.97 min -9.62 max 1.73 ms
[II] frame-timing WMTD3052400VZL: 300 frames, 0 missed exposure, diff avg -0.96 min -8.37 max 1.81 ms
[II] HMD obs quality: full(strong+ids) 300 ids-verified 0 strong 0 prior-agree 0 reacquire 0 rejected 0 | flags: led-ids 300 strong 300
[II] Device 0: joint reconstruction 12601 solved, 1 rejected, 13244 single-camera (0 observations arrived too late to count)
[II] sensor 1 calibration feed: 17101 offered, 7681 passed - rejected 0 for LED ids, 9420 for too few blobs (<10), 0 for error
[WW] Exposure timestamp 3574348800 was more than 1.5 IMU samples earlier than IMU ts 3574350495 by 1695 µS
[II] HMD obs quality: full(strong+ids) 300 ids-verified 0 strong 0 prior-agree 0 reacquire 0 rejected 0 | flags: led-ids 300 strong 300
[II] sensor 0 calibration feed: 34201 offered, 6285 passed - rejected 0 for LED ids, 27916 for too few blobs (<10), 0 for error
[WW] Exposure timestamp 3575961600 was more than 1.5 IMU samples earlier than IMU ts 3575963102 by 1502 µS
[II] frame-timing WMTD306Q701DEK: 300 frames, 0 missed exposure, diff avg -0.90 min -3.92 max 1.84 ms
[II] frame-timing WMTD3052400VZL: 300 frames, 0 missed exposure, diff avg -0.91 min -4.52 max 1.60 ms
[WW] Exposure timestamp 3577075200 was more than 1.5 IMU samples earlier than IMU ts 3577076903 by 1703 µS
[II] HMD obs quality: full(strong+ids) 300 ids-verified 0 strong 0 prior-agree 0 reacquire 0 rejected 0 | flags: led-ids 300 strong 300
[II] Device 0: joint reconstruction 12901 solved, 1 rejected, 13544 single-camera (0 observations arrived too late to count)
[II] HMD obs quality: full(strong+ids) 300 ids-verified 0 strong 0 prior-agree 0 reacquire 0 rejected 0 | flags: led-ids 300 strong 300
[II] sensor 0 calibration feed: 35101 offered, 6285 passed - rejected 0 for LED ids, 28816 for too few blobs (<10), 0 for error
[II] frame-timing WMTD306Q701DEK: 300 frames, 0 missed exposure, diff avg -0.91 min -4.02 max 1.57 ms
[II] calib feed: 14401 observations offered (auto_calib 1, sensors 2, exposure_info yes, device 0)
[II] calib feed WMTD3052400VZL: 14401 obs, 2836 paired, history 192 over 6 viewpoints, 176 solves, residual 1.81 px, CALIBRATED
[II] frame-timing WMTD3052400VZL: 300 frames, 0 missed exposure, diff avg -0.90 min -4.30 max 1.79 ms
[II] HMD obs quality: full(strong+ids) 300 ids-verified 0 strong 0 prior-agree 0 reacquire 0 rejected 0 | flags: led-ids 300 strong 300
[II] Device 0: joint reconstruction 13201 solved, 1 rejected, 13844 single-camera (0 observations arrived too late to count)
[II] HMD obs quality: full(strong+ids) 300 ids-verified 0 strong 0 prior-agree 0 reacquire 0 rejected 0 | flags: led-ids 300 strong 300
[II] sensor 0 calibration feed: 36001 offered, 6285 passed - rejected 0 for LED ids, 29716 for too few blobs (<10), 0 for error
[II] frame-timing WMTD306Q701DEK: 300 frames, 0 missed exposure, diff avg -0.91 min -3.61 max 1.78 ms
[II] frame-timing WMTD3052400VZL: 300 frames, 0 missed exposure, diff avg -0.93 min -3.69 max 1.61 ms
[WW] Exposure timestamp 3588652800 was more than 1.5 IMU samples earlier than IMU ts 3588654645 by 1845 µS
[II] HMD obs quality: full(strong+ids) 300 ids-verified 0 strong 0 prior-agree 0 reacquire 0 rejected 0 | flags: led-ids 300 strong 300
[II] Device 0: joint reconstruction 13501 solved, 1 rejected, 14144 single-camera (0 observations arrived too late to count)
[II] sensor 1 calibration feed: 18001 offered, 8508 passed - rejected 0 for LED ids, 9493 for too few blobs (<10), 0 for error
[II] HMD obs quality: full(strong+ids) 300 ids-verified 0 strong 0 prior-agree 0 reacquire 0 rejected 0 | flags: led-ids 300 strong 300
[II] sensor 0 calibration feed: 36901 offered, 6285 passed - rejected 0 for LED ids, 30616 for too few blobs (<10), 0 for error
[II] frame-timing WMTD306Q701DEK: 300 frames, 0 missed exposure, diff avg -0.97 min -4.05 max 1.42 ms
[II] frame-timing WMTD3052400VZL: 300 frames, 0 missed exposure, diff avg -0.94 min -3.87 max 1.37 ms
[II] HMD obs quality: full(strong+ids) 300 ids-verified 0 strong 0 prior-agree 0 reacquire 0 rejected 0 | flags: led-ids 300 strong 300
[II] Device 0: joint reconstruction 13801 solved, 1 rejected, 14444 single-camera (0 observations arrived too late to count)
[II] HMD obs quality: full(strong+ids) 300 ids-verified 0 strong 0 prior-agree 0 reacquire 0 rejected 0 | flags: led-ids 300 strong 300
[II] sensor 0 calibration feed: 37801 offered, 6285 passed - rejected 0 for LED ids, 31516 for too few blobs (<10), 0 for error
[II] frame-timing WMTD306Q701DEK: 300 frames, 0 missed exposure, diff avg -0.99 min -7.07 max 1.28 ms
[II] frame-timing WMTD3052400VZL: 300 frames, 0 missed exposure, diff avg -1.00 min -9.20 max 1.50 ms
[II] calib feed: 15301 observations offered (auto_calib 1, sensors 2, exposure_info yes, device 0)
[II] calib feed WMTD3052400VZL: 15301 obs, 2836 paired, history 192 over 6 viewpoints, 176 solves, residual 1.81 px, CALIBRATED
[II] HMD obs quality: full(strong+ids) 300 ids-verified 0 strong 0 prior-agree 0 reacquire 0 rejected 0 | flags: led-ids 300 strong 300
[II] Device 0: joint reconstruction 14101 solved, 1 rejected, 14744 single-camera (0 observations arrived too late to count)
[II] HMD obs quality: full(strong+ids) 300 ids-verified 0 strong 0 prior-agree 0 reacquire 0 rejected 0 | flags: led-ids 300 strong 300
[II] sensor 0 calibration feed: 38701 offered, 6285 passed - rejected 0 for LED ids, 32416 for too few blobs (<10), 0 for error
[II] frame-timing WMTD306Q701DEK: 300 frames, 0 missed exposure, diff avg -0.88 min -3.83 max 1.55 ms
[II] frame-timing WMTD3052400VZL: 300 frames, 0 missed exposure, diff avg -0.86 min -3.48 max 1.64 ms
[II] HMD obs quality: full(strong+ids) 300 ids-verified 0 strong 0 prior-agree 0 reacquire 0 rejected 0 | flags: led-ids 300 strong 300
[II] Device 0: joint reconstruction 14401 solved, 1 rejected, 15044 single-camera (0 observations arrived too late to count)
[WW] Exposure timestamp 3607065600 was more than 1.5 IMU samples earlier than IMU ts 3607067574 by 1974 µS
[II] sensor 1 calibration feed: 18901 offered, 9382 passed - rejected 0 for LED ids, 9519 for too few blobs (<10), 0 for error
[II] HMD obs quality: full(strong+ids) 300 ids-verified 0 strong 0 prior-agree 0 reacquire 0 rejected 0 | flags: led-ids 300 strong 300
[II] sensor 0 calibration feed: 39601 offered, 6285 passed - rejected 0 for LED ids, 33316 for too few blobs (<10), 0 for error
[II] frame-timing WMTD306Q701DEK: 300 frames, 0 missed exposure, diff avg -0.87 min -4.17 max 1.61 ms
[II] frame-timing WMTD3052400VZL: 300 frames, 0 missed exposure, diff avg -0.87 min -4.11 max 1.91 ms
[II] HMD obs quality: full(strong+ids) 300 ids-verified 0 strong 0 prior-agree 0 reacquire 0 rejected 0 | flags: led-ids 300 strong 300
[II] Device 0: joint reconstruction 14701 solved, 1 rejected, 15344 single-camera (0 observations arrived too late to count)
[WW] Exposure timestamp 3613593600 was more than 1.5 IMU samples earlier than IMU ts 3613595143 by 1543 µS
[II] HMD obs quality: full(strong+ids) 300 ids-verified 0 strong 0 prior-agree 0 reacquire 0 rejected 0 | flags: led-ids 300 strong 300
[II] sensor 0 calibration feed: 40501 offered, 6285 passed - rejected 0 for LED ids, 34216 for too few blobs (<10), 0 for error
[II] frame-timing WMTD306Q701DEK: 300 frames, 0 missed exposure, diff avg -0.84 min -4.19 max 2.01 ms
[II] frame-timing WMTD3052400VZL: 300 frames, 0 missed exposure, diff avg -0.82 min -3.69 max 1.82 ms
[II] HMD obs quality: full(strong+ids) 300 ids-verified 0 strong 0 prior-agree 0 reacquire 0 rejected 0 | flags: led-ids 300 strong 300
[II] Device 0: joint reconstruction 15001 solved, 1 rejected, 15644 single-camera (0 observations arrived too late to count)
[II] calib feed: 16201 observations offered (auto_calib 1, sensors 2, exposure_info yes, device 0)
[II] calib feed WMTD3052400VZL: 16201 obs, 2836 paired, history 192 over 6 viewpoints, 176 solves, residual 1.81 px, CALIBRATED
[II] HMD obs quality: full(strong+ids) 300 ids-verified 0 strong 0 prior-agree 0 reacquire 0 rejected 0 | flags: led-ids 300 strong 300
[WW] Exposure timestamp 3620870400 was more than 1.5 IMU samples earlier than IMU ts 3620871992 by 1592 µS
[II] sensor 0 calibration feed: 41401 offered, 6285 passed - rejected 0 for LED ids, 35116 for too few blobs (<10), 0 for error
[II] frame-timing WMTD306Q701DEK: 300 frames, 0 missed exposure, diff avg -0.90 min -3.88 max 1.52 ms
[II] frame-timing WMTD3052400VZL: 300 frames, 0 missed exposure, diff avg -0.93 min -3.78 max 1.93 ms
[II] HMD obs quality: full(strong+ids) 300 ids-verified 0 strong 0 prior-agree 0 reacquire 0 rejected 0 | flags: led-ids 300 strong 300
[II] Device 0: joint reconstruction 15301 solved, 1 rejected, 15944 single-camera (0 observations arrived too late to count)
[II] sensor 1 calibration feed: 19801 offered, 10248 passed - rejected 0 for LED ids, 9553 for too few blobs (<10), 0 for error
[II] HMD obs quality: full(strong+ids) 300 ids-verified 0 strong 0 prior-agree 0 reacquire 0 rejected 0 | flags: led-ids 300 strong 300
[II] sensor 0 calibration feed: 42301 offered, 6285 passed - rejected 0 for LED ids, 36016 for too few blobs (<10), 0 for error
[WW] Exposure timestamp 3627705600 was more than 1.5 IMU samples earlier than IMU ts 3627707132 by 1532 µS
[II] frame-timing WMTD306Q701DEK: 300 frames, 0 missed exposure, diff avg -1.00 min -6.68 max 1.54 ms
[II] frame-timing WMTD3052400VZL: 300 frames, 0 missed exposure, diff avg -0.98 min -5.97 max 1.31 ms
[II] HMD obs quality: full(strong+ids) 300 ids-verified 0 strong 0 prior-agree 0 reacquire 0 rejected 0 | flags: led-ids 300 strong 300
[II] Device 0: joint reconstruction 15601 solved, 1 rejected, 16244 single-camera (0 observations arrived too late to count)
[WW] Exposure timestamp 3630873600 was more than 1.5 IMU samples earlier than IMU ts 3630875300 by 1700 µS
[WW] Exposure timestamp 3631334400 was more than 1.5 IMU samples earlier than IMU ts 3631336051 by 1651 µS
[WW] Exposure timestamp 3632332800 was more than 1.5 IMU samples earlier than IMU ts 3632334687 by 1887 µS
[II] HMD obs quality: full(strong+ids) 300 ids-verified 0 strong 0 prior-agree 0 reacquire 0 rejected 0 | flags: led-ids 300 strong 300
[II] sensor 0 calibration feed: 43201 offered, 6285 passed - rejected 0 for LED ids, 36916 for too few blobs (<10), 0 for error
[II] frame-timing WMTD306Q701DEK: 300 frames, 0 missed exposure, diff avg -0.84 min -3.96 max 1.80 ms
[II] frame-timing WMTD3052400VZL: 300 frames, 0 missed exposure, diff avg -0.86 min -3.88 max 1.89 ms
[II] HMD obs quality: full(strong+ids) 300 ids-verified 0 strong 0 prior-agree 0 reacquire 0 rejected 0 | flags: led-ids 300 strong 300
[II] Device 0: joint reconstruction 15901 solved, 1 rejected, 16544 single-camera (0 observations arrived too late to count)
[II] calib feed: 17101 observations offered (auto_calib 1, sensors 2, exposure_info yes, device 0)
[II] calib feed WMTD3052400VZL: 17101 obs, 2836 paired, history 192 over 6 viewpoints, 176 solves, residual 1.81 px, CALIBRATED
[WW] Exposure timestamp 3637939200 was more than 1.5 IMU samples earlier than IMU ts 3637940834 by 1634 µS
[II] HMD obs quality: full(strong+ids) 300 ids-verified 0 strong 0 prior-agree 0 reacquire 0 rejected 0 | flags: led-ids 300 strong 300
[II] sensor 0 calibration feed: 44101 offered, 6285 passed - rejected 0 for LED ids, 37816 for too few blobs (<10), 0 for error
[II] frame-timing WMTD306Q701DEK: 300 frames, 0 missed exposure, diff avg -0.90 min -4.08 max 1.69 ms
[WW] Exposure timestamp 3640185600 was more than 1.5 IMU samples earlier than IMU ts 3640187505 by 1905 µS
[WW] Exposure timestamp 3640416000 was more than 1.5 IMU samples earlier than IMU ts 3640417881 by 1881 µS
[II] frame-timing WMTD3052400VZL: 300 frames, 0 missed exposure, diff avg -0.85 min -4.32 max 1.61 ms
[II] HMD obs quality: full(strong+ids) 300 ids-verified 0 strong 0 prior-agree 0 reacquire 0 rejected 0 | flags: led-ids 300 strong 300
[II] Device 0: joint reconstruction 16201 solved, 1 rejected, 16844 single-camera (0 observations arrived too late to count)
[II] sensor 1 calibration feed: 20701 offered, 11124 passed - rejected 0 for LED ids, 9577 for too few blobs (<10), 0 for error
[II] HMD obs quality: full(strong+ids) 300 ids-verified 0 strong 0 prior-agree 0 reacquire 0 rejected 0 | flags: led-ids 300 strong 300
[II] sensor 0 calibration feed: 45001 offered, 6285 passed - rejected 0 for LED ids, 38716 for too few blobs (<10), 0 for error
[II] frame-timing WMTD306Q701DEK: 300 frames, 0 missed exposure, diff avg -0.95 min -3.89 max 1.38 ms
[II] frame-timing WMTD3052400VZL: 300 frames, 0 missed exposure, diff avg -0.98 min -4.48 max 2.01 ms
[II] HMD obs quality: full(strong+ids) 300 ids-verified 0 strong 0 prior-agree 0 reacquire 0 rejected 0 | flags: led-ids 300 strong 300
[II] Device 0: joint reconstruction 16501 solved, 1 rejected, 17144 single-camera (0 observations arrived too late to count)
[WW] Exposure timestamp 3649056000 was more than 1.5 IMU samples earlier than IMU ts 3649058010 by 2010 µS
[WW] Exposure timestamp 3649401600 was more than 1.5 IMU samples earlier than IMU ts 3649403575 by 1975 µS
[II] HMD obs quality: full(strong+ids) 300 ids-verified 0 strong 0 prior-agree 0 reacquire 0 rejected 0 | flags: led-ids 300 strong 300
[II] sensor 0 calibration feed: 45901 offered, 6285 passed - rejected 0 for LED ids, 39616 for too few blobs (<10), 0 for error
[II] frame-timing WMTD306Q701DEK: 300 frames, 0 missed exposure, diff avg -0.93 min -4.29 max 1.55 ms
[II] frame-timing WMTD3052400VZL: 300 frames, 0 missed exposure, diff avg -0.94 min -3.88 max 1.59 ms
[II] HMD obs quality: full(strong+ids) 300 ids-verified 0 strong 0 prior-agree 0 reacquire 0 rejected 0 | flags: led-ids 300 strong 300
[II] Device 0: joint reconstruction 16801 solved, 1 rejected, 17444 single-camera (0 observations arrived too late to count)
[WW] Exposure timestamp 3653664000 was more than 1.5 IMU samples earlier than IMU ts 3653665551 by 1551 µS
[II] calib feed: 18001 observations offered (auto_calib 1, sensors 2, exposure_info yes, device 0)
[II] calib feed WMTD3052400VZL: 18001 obs, 2836 paired, history 192 over 6 viewpoints, 176 solves, residual 1.81 px, CALIBRATED
[II] HMD obs quality: full(strong+ids) 300 ids-verified 0 strong 0 prior-agree 0 reacquire 0 rejected 0 | flags: led-ids 300 strong 300
[II] sensor 0 calibration feed: 46801 offered, 6285 passed - rejected 0 for LED ids, 40516 for too few blobs (<10), 0 for error
[WW] Exposure timestamp 3656563200 was more than 1.5 IMU samples earlier than IMU ts 3656565301 by 2101 µS
[II] frame-timing WMTD306Q701DEK: 300 frames, 0 missed exposure, diff avg -0.93 min -8.23 max 1.38 ms
[II] frame-timing WMTD3052400VZL: 300 frames, 0 missed exposure, diff avg -0.91 min -7.80 max 1.37 ms
[II] HMD obs quality: full(strong+ids) 300 ids-verified 0 strong 0 prior-agree 0 reacquire 0 rejected 0 | flags: led-ids 300 strong 300
[II] Device 0: joint reconstruction 17101 solved, 1 rejected, 17744 single-camera (0 observations arrived too late to count)
[II] sensor 1 calibration feed: 21601 offered, 11978 passed - rejected 0 for LED ids, 9623 for too few blobs (<10), 0 for error
[WW] Exposure timestamp 3660825600 was more than 1.5 IMU samples earlier than IMU ts 3660827284 by 1684 µS
[II] HMD obs quality: full(strong+ids) 300 ids-verified 0 strong 0 prior-agree 0 reacquire 0 rejected 0 | flags: led-ids 300 strong 300
[II] sensor 0 calibration feed: 47701 offered, 6285 passed - rejected 0 for LED ids, 41416 for too few blobs (<10), 0 for error
[WW] Exposure timestamp 3661516800 was more than 1.5 IMU samples earlier than IMU ts 3661518417 by 1617 µS
[II] frame-timing WMTD306Q701DEK: 300 frames, 0 missed exposure, diff avg -0.87 min -3.58 max 1.55 ms
[II] frame-timing WMTD3052400VZL: 300 frames, 0 missed exposure, diff avg -0.84 min -4.12 max 1.62 ms
[II] HMD obs quality: full(strong+ids) 300 ids-verified 0 strong 0 prior-agree 0 reacquire 0 rejected 0 | flags: led-ids 300 strong 300
[WW] Exposure timestamp 3664473600 was more than 1.5 IMU samples earlier than IMU ts 3664475265 by 1665 µS
[II] Device 0: joint reconstruction 17401 solved, 1 rejected, 18044 single-camera (0 observations arrived too late to count)
[II] HMD obs quality: full(strong+ids) 300 ids-verified 0 strong 0 prior-agree 0 reacquire 0 rejected 0 | flags: led-ids 300 strong 300
[II] sensor 0 calibration feed: 48601 offered, 6285 passed - rejected 0 for LED ids, 42316 for too few blobs (<10), 0 for error
[WW] Exposure timestamp 3668121600 was more than 1.5 IMU samples earlier than IMU ts 3668123249 by 1649 µS
[II] frame-timing WMTD306Q701DEK: 300 frames, 0 missed exposure, diff avg -0.85 min -4.04 max 1.63 ms
[II] frame-timing WMTD3052400VZL: 300 frames, 0 missed exposure, diff avg -0.89 min -3.99 max 1.61 ms
[II] HMD obs quality: full(strong+ids) 300 ids-verified 0 strong 0 prior-agree 0 reacquire 0 rejected 0 | flags: led-ids 300 strong 300
[II] Device 0: joint reconstruction 17701 solved, 1 rejected, 18344 single-camera (0 observations arrived too late to count)
[WW] Exposure timestamp 3672345600 was more than 1.5 IMU samples earlier than IMU ts 3672347183 by 1583 µS
[II] calib feed: 18901 observations offered (auto_calib 1, sensors 2, exposure_info yes, device 0)
[II] calib feed WMTD3052400VZL: 18901 obs, 2836 paired, history 192 over 6 viewpoints, 176 solves, residual 1.81 px, CALIBRATED
[II] HMD obs quality: full(strong+ids) 300 ids-verified 0 strong 0 prior-agree 0 reacquire 0 rejected 0 | flags: led-ids 300 strong 300
[II] sensor 0 calibration feed: 49501 offered, 6285 passed - rejected 0 for LED ids, 43216 for too few blobs (<10), 0 for error
[II] frame-timing WMTD306Q701DEK: 300 frames, 0 missed exposure, diff avg -0.94 min -3.95 max 1.68 ms
[II] frame-timing WMTD3052400VZL: 300 frames, 0 missed exposure, diff avg -0.92 min -3.74 max 1.63 ms
[II] HMD obs quality: full(strong+ids) 300 ids-verified 0 strong 0 prior-agree 0 reacquire 0 rejected 0 | flags: led-ids 300 strong 300
[II] Device 0: joint reconstruction 18001 solved, 1 rejected, 18644 single-camera (0 observations arrived too late to count)
[II] sensor 1 calibration feed: 22501 offered, 12836 passed - rejected 0 for LED ids, 9665 for too few blobs (<10), 0 for error
[WW] Exposure timestamp 3678259200 was more than 1.5 IMU samples earlier than IMU ts 3678260899 by 1699 µS
[II] HMD obs quality: full(strong+ids) 300 ids-verified 0 strong 0 prior-agree 0 reacquire 0 rejected 0 | flags: led-ids 300 strong 300
[II] sensor 0 calibration feed: 50401 offered, 6285 passed - rejected 0 for LED ids, 44116 for too few blobs (<10), 0 for error
[WW] Exposure timestamp 3679526400 was more than 1.5 IMU samples earlier than IMU ts 3679527979 by 1579 µS
[II] frame-timing WMTD306Q701DEK: 300 frames, 0 missed exposure, diff avg -0.92 min -3.99 max 1.90 ms
[II] frame-timing WMTD3052400VZL: 300 frames, 0 missed exposure, diff avg -0.92 min -4.39 max 1.64 ms
[II] HMD obs quality: full(strong+ids) 300 ids-verified 0 strong 0 prior-agree 0 reacquire 0 rejected 0 | flags: led-ids 300 strong 300
[II] Device 0: joint reconstruction 18301 solved, 1 rejected, 18944 single-camera (0 observations arrived too late to count)
[WW] Exposure timestamp 3683596800 was more than 1.5 IMU samples earlier than IMU ts 3683598671 by 1871 µS
[II] HMD obs quality: full(strong+ids) 300 ids-verified 0 strong 0 prior-agree 0 reacquire 0 rejected 0 | flags: led-ids 300 strong 300
[II] sensor 0 calibration feed: 51301 offered, 6285 passed - rejected 0 for LED ids, 45016 for too few blobs (<10), 0 for error
[II] frame-timing WMTD306Q701DEK: 300 frames, 0 missed exposure, diff avg -0.88 min -3.72 max 1.53 ms
[II] frame-timing WMTD3052400VZL: 300 frames, 0 missed exposure, diff avg -0.88 min -5.68 max 1.97 ms
[II] HMD obs quality: full(strong+ids) 300 ids-verified 0 strong 0 prior-agree 0 reacquire 0 rejected 0 | flags: led-ids 300 strong 300
[II] Device 0: joint reconstruction 18601 solved, 1 rejected, 19245 single-camera (0 observations arrived too late to count)
[WW] Exposure timestamp 3688857600 was more than 1.5 IMU samples earlier than IMU ts 3688859326 by 1726 µS
[II] HMD obs quality: full(strong+ids) 300 ids-verified 0 strong 0 prior-agree 0 reacquire 0 rejected 0 | flags: led-ids 300 strong 300
[II] sensor 0 calibration feed: 52201 offered, 6285 passed - rejected 0 for LED ids, 45916 for too few blobs (<10), 0 for error
[II] calib feed: 19801 observations offered (auto_calib 1, sensors 2, exposure_info yes, device 0)
[II] calib feed WMTD3052400VZL: 19801 obs, 2836 paired, history 192 over 6 viewpoints, 176 solves, residual 1.81 px, CALIBRATED
[II] frame-timing WMTD306Q701DEK: 300 frames, 0 missed exposure, diff avg -0.93 min -5.82 max 1.82 ms
[II] frame-timing WMTD3052400VZL: 300 frames, 0 missed exposure, diff avg -0.89 min -4.15 max 1.64 ms
[II] HMD obs quality: full(strong+ids) 300 ids-verified 0 strong 0 prior-agree 0 reacquire 0 rejected 0 | flags: led-ids 300 strong 300
[II] Device 0: joint reconstruction 18901 solved, 1 rejected, 19545 single-camera (0 observations arrived too late to count)
[II] sensor 1 calibration feed: 23401 offered, 13670 passed - rejected 0 for LED ids, 9731 for too few blobs (<10), 0 for error
[II] HMD obs quality: full(strong+ids) 300 ids-verified 0 strong 0 prior-agree 0 reacquire 0 rejected 0 | flags: led-ids 300 strong 300
[II] sensor 0 calibration feed: 53101 offered, 6285 passed - rejected 0 for LED ids, 46816 for too few blobs (<10), 0 for error
[II] frame-timing WMTD306Q701DEK: 300 frames, 0 missed exposure, diff avg -0.89 min -3.88 max 2.06 ms
[II] frame-timing WMTD3052400VZL: 300 frames, 0 missed exposure, diff avg -0.91 min -3.81 max 2.15 ms
[WW] Exposure timestamp 3698553600 was more than 1.5 IMU samples earlier than IMU ts 3698555294 by 1694 µS
[II] HMD obs quality: full(strong+ids) 300 ids-verified 0 strong 0 prior-agree 0 reacquire 0 rejected 0 | flags: led-ids 300 strong 300
[II] Device 0: joint reconstruction 19201 solved, 1 rejected, 19845 single-camera (0 observations arrived too late to count)
[II] HMD obs quality: full(strong+ids) 300 ids-verified 0 strong 0 prior-agree 0 reacquire 0 rejected 0 | flags: led-ids 300 strong 300
[II] sensor 0 calibration feed: 54001 offered, 6285 passed - rejected 0 for LED ids, 47716 for too few blobs (<10), 0 for error
[II] frame-timing WMTD306Q701DEK: 300 frames, 0 missed exposure, diff avg -0.95 min -4.09 max 1.73 ms
[WW] Exposure timestamp 3702873600 was more than 1.5 IMU samples earlier than IMU ts 3702875416 by 1816 µS
[II] frame-timing WMTD3052400VZL: 300 frames, 0 missed exposure, diff avg -0.92 min -4.03 max 1.63 ms
[II] HMD obs quality: full(strong+ids) 300 ids-verified 0 strong 0 prior-agree 0 reacquire 0 rejected 0 | flags: led-ids 300 strong 300
[II] Device 0: joint reconstruction 19501 solved, 1 rejected, 20145 single-camera (0 observations arrived too late to count)
[II] HMD obs quality: full(strong+ids) 300 ids-verified 0 strong 0 prior-agree 0 reacquire 0 rejected 0 | flags: led-ids 300 strong 300
[II] sensor 0 calibration feed: 54901 offered, 6285 passed - rejected 0 for LED ids, 48616 for too few blobs (<10), 0 for error
[II] frame-timing WMTD306Q701DEK: 300 frames, 0 missed exposure, diff avg -0.84 min -3.82 max 1.79 ms
[WW] Exposure timestamp 3708940800 was more than 1.5 IMU samples earlier than IMU ts 3708942424 by 1624 µS
[WW] Exposure timestamp 3709497600 was more than 1.5 IMU samples earlier than IMU ts 3709499343 by 1743 µS
[II] frame-timing WMTD3052400VZL: 300 frames, 0 missed exposure, diff avg -0.88 min -3.88 max 1.50 ms
[WW] Exposure timestamp 3709920000 was more than 1.5 IMU samples earlier than IMU ts 3709922058 by 2058 µS
[II] calib feed: 20701 observations offered (auto_calib 1, sensors 2, exposure_info yes, device 0)
[II] calib feed WMTD3052400VZL: 20701 obs, 2836 paired, history 192 over 6 viewpoints, 176 solves, residual 1.81 px, CALIBRATED
[II] HMD obs quality: full(strong+ids) 300 ids-verified 0 strong 0 prior-agree 0 reacquire 0 rejected 0 | flags: led-ids 300 strong 300
[II] Device 0: joint reconstruction 19801 solved, 1 rejected, 20445 single-camera (0 observations arrived too late to count)
[II] sensor 1 calibration feed: 24301 offered, 14484 passed - rejected 0 for LED ids, 9817 for too few blobs (<10), 0 for error
[II] HMD obs quality: full(strong+ids) 300 ids-verified 0 strong 0 prior-agree 0 reacquire 0 rejected 0 | flags: led-ids 300 strong 300
[II] sensor 0 calibration feed: 55801 offered, 6285 passed - rejected 0 for LED ids, 49516 for too few blobs (<10), 0 for error
[II] frame-timing WMTD306Q701DEK: 300 frames, 0 missed exposure, diff avg -0.89 min -3.58 max 1.71 ms
[II] frame-timing WMTD3052400VZL: 300 frames, 0 missed exposure, diff avg -0.89 min -3.68 max 1.62 ms
[II] HMD obs quality: full(strong+ids) 300 ids-verified 0 strong 0 prior-agree 0 reacquire 0 rejected 0 | flags: led-ids 300 strong 300
[II] Device 0: joint reconstruction 20101 solved, 1 rejected, 20745 single-camera (0 observations arrived too late to count)
[WW] Exposure timestamp 3717849600 was more than 1.5 IMU samples earlier than IMU ts 3717851135 by 1535 µS
[II] HMD obs quality: full(strong+ids) 300 ids-verified 0 strong 0 prior-agree 0 reacquire 0 rejected 0 | flags: led-ids 300 strong 300
[II] sensor 0 calibration feed: 56701 offered, 6285 passed - rejected 0 for LED ids, 50416 for too few blobs (<10), 0 for error
[II] frame-timing WMTD306Q701DEK: 300 frames, 0 missed exposure, diff avg -0.92 min -4.24 max 1.70 ms
[II] frame-timing WMTD3052400VZL: 300 frames, 0 missed exposure, diff avg -0.91 min -4.50 max 1.61 ms
[II] HMD obs quality: full(strong+ids) 300 ids-verified 0 strong 0 prior-agree 0 reacquire 0 rejected 0 | flags: led-ids 300 strong 300
[II] Device 0: joint reconstruction 20401 solved, 1 rejected, 21045 single-camera (0 observations arrived too late to count)
[II] HMD obs quality: full(strong+ids) 300 ids-verified 0 strong 0 prior-agree 0 reacquire 0 rejected 0 | flags: led-ids 300 strong 300
[II] sensor 0 calibration feed: 57601 offered, 6285 passed - rejected 0 for LED ids, 51316 for too few blobs (<10), 0 for error
[WW] Exposure timestamp 3725145600 was more than 1.5 IMU samples earlier than IMU ts 3725147197 by 1597 µS
[II] frame-timing WMTD306Q701DEK: 300 frames, 0 missed exposure, diff avg -0.92 min -4.33 max 1.54 ms
[II] frame-timing WMTD3052400VZL: 300 frames, 0 missed exposure, diff avg -0.93 min -4.41 max 1.63 ms
[II] HMD obs quality: full(strong+ids) 300 ids-verified 0 strong 0 prior-agree 0 reacquire 0 rejected 0 | flags: led-ids 300 strong 300
[II] Device 0: joint reconstruction 20701 solved, 1 rejected, 21345 single-camera (0 observations arrived too late to count)
[II] sensor 1 calibration feed: 25201 offered, 15267 passed - rejected 0 for LED ids, 9934 for too few blobs (<10), 0 for error
[II] calib feed: 21601 observations offered (auto_calib 1, sensors 2, exposure_info yes, device 0)
[II] calib feed WMTD3052400VZL: 21601 obs, 2836 paired, history 192 over 6 viewpoints, 176 solves, residual 1.81 px, CALIBRATED
[II] HMD obs quality: full(strong+ids) 300 ids-verified 0 strong 0 prior-agree 0 reacquire 0 rejected 0 | flags: led-ids 300 strong 300
[II] sensor 0 calibration feed: 58501 offered, 6285 passed - rejected 0 for LED ids, 52216 for too few blobs (<10), 0 for error
[WW] Exposure timestamp 3730617600 was more than 1.5 IMU samples earlier than IMU ts 3730619250 by 1650 µS
[II] frame-timing WMTD306Q701DEK: 300 frames, 0 missed exposure, diff avg -0.94 min -3.83 max 1.63 ms
[II] frame-timing WMTD3052400VZL: 300 frames, 0 missed exposure, diff avg -0.91 min -4.08 max 1.96 ms
[II] HMD obs quality: full(strong+ids) 300 ids-verified 0 strong 0 prior-agree 0 reacquire 0 rejected 0 | flags: led-ids 300 strong 300
[II] Device 0: joint reconstruction 21001 solved, 1 rejected, 21648 single-camera (0 observations arrived too late to count)
[II] Matched orientation after 0.115863 sec
[II] Matched orientation after 0.421698 sec
[II] Matched orientation after 0.133842 sec
[II] Matched orientation after 1.099843 sec
[II] Matched orientation after 0.189776 sec
[II] Matched orientation after 0.114865 sec
[II] Matched orientation after 0.280704 sec
[WW] Exposure timestamp 3736454400 was more than 1.5 IMU samples earlier than IMU ts 3736455914 by 1514 µS
[II] Matched orientation after 0.843397 sec
[II] frame-timing WMTD306Q701DEK: 300 frames, 0 missed exposure, diff avg -0.94 min -3.80 max 1.68 ms
[II] Matched orientation after 0.953997 sec
[II] Matched orientation after 0.487487 sec
[II] frame-timing WMTD3052400VZL: 300 frames, 0 missed exposure, diff avg -0.87 min -3.34 max 1.63 ms
[II] sensor 0 calibration feed: 59401 offered, 6285 passed - rejected 0 for LED ids, 53116 for too few blobs (<10), 0 for error
[II] Matched orientation after 2.499100 sec
[WW] Exposure timestamp 3739872000 was more than 1.5 IMU samples earlier than IMU ts 3739873577 by 1577 µS
[II] Matched orientation after 1.694219 sec
[II] HMD obs quality: full(strong+ids) 298 ids-verified 2 strong 0 prior-agree 0 reacquire 0 rejected 0 | flags: led-ids 300 strong 298
[II] Matched orientation after 0.193796 sec
[WW] Exposure timestamp 3740678400 was more than 1.5 IMU samples earlier than IMU ts 3740679914 by 1514 µS
[II] Matched orientation after 0.997951 sec
[II] Matched orientation after 0.343638 sec
[II] Set sensor 1 pose to orient 0.964706 -0.076198 0.161765 0.193308  pos -0.036640 1.777280 1.806652
[II] sensor WMTD3052400VZL CameraPoseChange: dt 0.5 0.3 1.1 (1.2) mm  dr 0.03 deg
[II] sensor WMTD3052400VZL calibration UNSETTLED
[II] extrinsic refine: sensor WMTD3052400VZL step 1.6 mm / 0.03 deg (window mismatch 10.6 mm / 0.21 deg; net from start 4.9 mm / 0.15 deg; summed steps 7.0 mm / 0.28 deg)
[II] sensor WMTD3052400VZL calibration SETTLED
[II] Matched orientation after 0.732230 sec
[II] Matched orientation after 0.328654 sec
[II] frame-timing WMTD306Q701DEK: 300 frames, 0 missed exposure, diff avg -0.85 min -4.36 max 2.17 ms
[II] HMD obs quality: full(strong+ids) 300 ids-verified 0 strong 0 prior-agree 0 reacquire 0 rejected 0 | flags: led-ids 300 strong 300
[II] Matched orientation after 0.709254 sec
[II] Device 0: joint reconstruction 21301 solved, 1 rejected, 21978 single-camera (0 observations arrived too late to count)
[II] frame-timing WMTD3052400VZL: 300 frames, 0 missed exposure, diff avg -0.93 min -4.08 max 1.79 ms
[II] HMD obs quality: full(strong+ids) 300 ids-verified 0 strong 0 prior-agree 0 reacquire 0 rejected 0 | flags: led-ids 300 strong 300
[II] sensor 0 calibration feed: 60301 offered, 6532 passed - rejected 0 for LED ids, 53769 for too few blobs (<10), 0 for error
[II] Set sensor 1 pose to orient 0.964654 -0.075989 0.162832 0.192757  pos -0.039753 1.775578 1.809074
[II] sensor WMTD3052400VZL CameraPoseChange: dt -3.1 -1.7 2.4 (4.3) mm  dr 0.14 deg
[II] sensor WMTD3052400VZL calibration UNSETTLED
[II] extrinsic refine: sensor WMTD3052400VZL step 2.6 mm / 0.14 deg (window mismatch 17.5 mm / 0.93 deg; net from start 3.6 mm / 0.06 deg; summed steps 9.7 mm / 0.41 deg)
[II] sensor WMTD3052400VZL: re-solved calibration from 192 poses over 7 viewpoints (stored: 1), residual 2.35 px (estimated)
[II] sensor WMTD3052400VZL: its previous calibration left 2.80 px; moving the sensor 5.5 mm / 0.19 deg
[II] Set sensor 1 pose to orient 0.964634 -0.076170 0.161722 0.193717  pos -0.036851 1.778415 1.805341
[II] sensor WMTD3052400VZL calibration SETTLED
[II] calib feed: 22501 observations offered (auto_calib 1, sensors 2, exposure_info yes, device 0)
[II] calib feed WMTD3052400VZL: 22501 obs, 3150 paired, history 192 over 7 viewpoints, 195 solves, residual 2.34 px, estimated
[WW] Exposure timestamp 3748089600 was more than 1.5 IMU samples earlier than IMU ts 3748091219 by 1619 µS
[II] frame-timing WMTD306Q701DEK: 300 frames, 0 missed exposure, diff avg -0.94 min -3.43 max 1.77 ms
[II] HMD obs quality: full(strong+ids) 300 ids-verified 0 strong 0 prior-agree 0 reacquire 0 rejected 0 | flags: led-ids 300 strong 300
[WW] Exposure timestamp 3749433600 was more than 1.5 IMU samples earlier than IMU ts 3749435456 by 1856 µS
[II] Device 0: joint reconstruction 21601 solved, 1 rejected, 22278 single-camera (0 observations arrived too late to count)
[II] frame-timing WMTD3052400VZL: 300 frames, 0 missed exposure, diff avg -0.94 min -5.50 max 1.73 ms
[II] sensor 1 calibration feed: 26101 offered, 16062 passed - rejected 0 for LED ids, 10039 for too few blobs (<10), 0 for error
[WW] Exposure timestamp 3751065600 was more than 1.5 IMU samples earlier than IMU ts 3751067173 by 1573 µS
[II] HMD obs quality: full(strong+ids) 300 ids-verified 0 strong 0 prior-agree 0 reacquire 0 rejected 0 | flags: led-ids 300 strong 300
[II] sensor 0 calibration feed: 61201 offered, 6832 passed - rejected 0 for LED ids, 54369 for too few blobs (<10), 0 for error
[II] frame-timing WMTD306Q701DEK: 300 frames, 0 missed exposure, diff avg -1.03 min -5.06 max 1.87 ms
[II] HMD obs quality: full(strong+ids) 300 ids-verified 0 strong 0 prior-agree 0 reacquire 0 rejected 0 | flags: led-ids 300 strong 300
[II] Device 0: joint reconstruction 21901 solved, 1 rejected, 22578 single-camera (0 observations arrived too late to count)
[II] frame-timing WMTD3052400VZL: 300 frames, 0 missed exposure, diff avg -0.96 min -3.82 max 1.84 ms
[II] calib feed: 23401 observations offered (auto_calib 1, sensors 2, exposure_info yes, device 0)
[II] calib feed WMTD3052400VZL: 23401 obs, 3600 paired, history 192 over 7 viewpoints, 224 solves, residual 2.35 px, estimated
[II] HMD obs quality: full(strong+ids) 300 ids-verified 0 strong 0 prior-agree 0 reacquire 0 rejected 0 | flags: led-ids 300 strong 300
[II] sensor 0 calibration feed: 62101 offered, 7132 passed - rejected 0 for LED ids, 54969 for too few blobs (<10), 0 for error
[II] frame-timing WMTD306Q701DEK: 300 frames, 0 missed exposure, diff avg -0.90 min -3.80 max 2.04 ms
[II] HMD obs quality: full(strong+ids) 300 ids-verified 0 strong 0 prior-agree 0 reacquire 0 rejected 0 | flags: led-ids 300 strong 300
[WW] Exposure timestamp 3760665600 was more than 1.5 IMU samples earlier than IMU ts 3760667228 by 1628 µS
[II] Device 0: joint reconstruction 22201 solved, 1 rejected, 22878 single-camera (0 observations arrived too late to count)
[II] frame-timing WMTD3052400VZL: 300 frames, 0 missed exposure, diff avg -0.90 min -4.09 max 1.48 ms
[II] HMD obs quality: full(strong+ids) 300 ids-verified 0 strong 0 prior-agree 0 reacquire 0 rejected 0 | flags: led-ids 300 strong 300
[II] sensor 0 calibration feed: 63001 offered, 7432 passed - rejected 0 for LED ids, 55569 for too few blobs (<10), 0 for error
[II] calib feed: 24301 observations offered (auto_calib 1, sensors 2, exposure_info yes, device 0)
[II] calib feed WMTD3052400VZL: 24301 obs, 4050 paired, history 192 over 7 viewpoints, 252 solves, residual 2.35 px, estimated
[II] frame-timing WMTD306Q701DEK: 300 frames, 0 missed exposure, diff avg -0.86 min -4.27 max 1.74 ms
[II] HMD obs quality: full(strong+ids) 300 ids-verified 0 strong 0 prior-agree 0 reacquire 0 rejected 0 | flags: led-ids 300 strong 300
[II] Device 0: joint reconstruction 22501 solved, 1 rejected, 23178 single-camera (0 observations arrived too late to count)
[II] frame-timing WMTD3052400VZL: 300 frames, 0 missed exposure, diff avg -0.87 min -3.94 max 1.71 ms
[II] sensor 1 calibration feed: 27001 offered, 16962 passed - rejected 0 for LED ids, 10039 for too few blobs (<10), 0 for error
[II] HMD obs quality: full(strong+ids) 300 ids-verified 0 strong 0 prior-agree 0 reacquire 0 rejected 0 | flags: led-ids 300 strong 300
[II] sensor 0 calibration feed: 63901 offered, 7732 passed - rejected 0 for LED ids, 56169 for too few blobs (<10), 0 for error
[II] frame-timing WMTD306Q701DEK: 300 frames, 0 missed exposure, diff avg -0.88 min -3.42 max 1.82 ms
[II] HMD obs quality: full(strong+ids) 300 ids-verified 0 strong 0 prior-agree 0 reacquire 0 rejected 0 | flags: led-ids 300 strong 300
[II] Device 0: joint reconstruction 22801 solved, 1 rejected, 23478 single-camera (0 observations arrived too late to count)
[II] frame-timing WMTD3052400VZL: 300 frames, 0 missed exposure, diff avg -0.86 min -3.98 max 1.50 ms
[II] calib feed: 25201 observations offered (auto_calib 1, sensors 2, exposure_info yes, device 0)
[II] calib feed WMTD3052400VZL: 25201 obs, 4500 paired, history 192 over 7 viewpoints, 280 solves, residual 2.35 px, estimated
[II] HMD obs quality: full(strong+ids) 300 ids-verified 0 strong 0 prior-agree 0 reacquire 0 rejected 0 | flags: led-ids 300 strong 300
[II] sensor 0 calibration feed: 64801 offered, 8032 passed - rejected 0 for LED ids, 56769 for too few blobs (<10), 0 for error
[WW] Exposure timestamp 3776812800 was more than 1.5 IMU samples earlier than IMU ts 3776814485 by 1685 µS
[II] frame-timing WMTD306Q701DEK: 300 frames, 0 missed exposure, diff avg -0.93 min -4.10 max 1.95 ms
[II] HMD obs quality: full(strong+ids) 300 ids-verified 0 strong 0 prior-agree 0 reacquire 0 rejected 0 | flags: led-ids 300 strong 300
[II] Device 0: joint reconstruction 23101 solved, 1 rejected, 23778 single-camera (0 observations arrived too late to count)
[II] frame-timing WMTD3052400VZL: 300 frames, 0 missed exposure, diff avg -0.92 min -4.77 max 1.60 ms
[WW] Exposure timestamp 3779923200 was more than 1.5 IMU samples earlier than IMU ts 3779924767 by 1567 µS
[II] HMD obs quality: full(strong+ids) 300 ids-verified 0 strong 0 prior-agree 0 reacquire 0 rejected 0 | flags: led-ids 300 strong 300
[II] sensor 0 calibration feed: 65701 offered, 8332 passed - rejected 0 for LED ids, 57369 for too few blobs (<10), 0 for error
[II] calib feed: 26101 observations offered (auto_calib 1, sensors 2, exposure_info yes, device 0)
[II] calib feed WMTD3052400VZL: 26101 obs, 4950 paired, history 192 over 7 viewpoints, 308 solves, residual 2.35 px, estimated
[II] frame-timing WMTD306Q701DEK: 300 frames, 0 missed exposure, diff avg -0.97 min -7.48 max 1.70 ms
[II] HMD obs quality: full(strong+ids) 300 ids-verified 0 strong 0 prior-agree 0 reacquire 0 rejected 0 | flags: led-ids 300 strong 300
[II] Device 0: joint reconstruction 23401 solved, 1 rejected, 24078 single-camera (0 observations arrived too late to count)
[II] frame-timing WMTD3052400VZL: 300 frames, 0 missed exposure, diff avg -0.94 min -8.21 max 1.63 ms
[II] sensor 1 calibration feed: 27901 offered, 17862 passed - rejected 0 for LED ids, 10039 for too few blobs (<10), 0 for error
[II] HMD obs quality: full(strong+ids) 300 ids-verified 0 strong 0 prior-agree 0 reacquire 0 rejected 0 | flags: led-ids 300 strong 300
[WW] Exposure timestamp 3786451200 was more than 1.5 IMU samples earlier than IMU ts 3786452882 by 1682 µS
[II] sensor 0 calibration feed: 66601 offered, 8632 passed - rejected 0 for LED ids, 57969 for too few blobs (<10), 0 for error
[WW] Exposure timestamp 3787699200 was more than 1.5 IMU samples earlier than IMU ts 3787701058 by 1858 µS
[II] frame-timing WMTD306Q701DEK: 300 frames, 0 missed exposure, diff avg -0.87 min -4.20 max 1.81 ms
[II] HMD obs quality: full(strong+ids) 300 ids-verified 0 strong 0 prior-agree 0 reacquire 0 rejected 0 | flags: led-ids 300 strong 300
[II] Device 0: joint reconstruction 23701 solved, 1 rejected, 24378 single-camera (0 observations arrived too late to count)
[II] frame-timing WMTD3052400VZL: 300 frames, 0 missed exposure, diff avg -0.92 min -3.99 max 1.75 ms
[II] calib feed: 27001 observations offered (auto_calib 1, sensors 2, exposure_info yes, device 0)
[II] calib feed WMTD3052400VZL: 27001 obs, 5400 paired, history 192 over 7 viewpoints, 336 solves, residual 2.35 px, estimated
[II] HMD obs quality: full(strong+ids) 300 ids-verified 0 strong 0 prior-agree 0 reacquire 0 rejected 0 | flags: led-ids 300 strong 300
[II] sensor 0 calibration feed: 67501 offered, 8932 passed - rejected 0 for LED ids, 58569 for too few blobs (<10), 0 for error
[WW] Exposure timestamp 3792883200 was more than 1.5 IMU samples earlier than IMU ts 3792884915 by 1715 µS
[WW] Exposure timestamp 3794457600 was more than 1.5 IMU samples earlier than IMU ts 3794459564 by 1964 µS
[II] frame-timing WMTD306Q701DEK: 300 frames, 0 missed exposure, diff avg -0.97 min -4.08 max 1.94 ms
[II] HMD obs quality: full(strong+ids) 300 ids-verified 0 strong 0 prior-agree 0 reacquire 0 rejected 0 | flags: led-ids 300 strong 300
[II] Device 0: joint reconstruction 24001 solved, 1 rejected, 24678 single-camera (0 observations arrived too late to count)
[II] frame-timing WMTD3052400VZL: 300 frames, 0 missed exposure, diff avg -0.94 min -4.49 max 1.76 ms
[II] HMD obs quality: full(strong+ids) 300 ids-verified 0 strong 0 prior-agree 0 reacquire 0 rejected 0 | flags: led-ids 300 strong 300
[II] sensor 0 calibration feed: 68401 offered, 9232 passed - rejected 0 for LED ids, 59169 for too few blobs (<10), 0 for error
[II] calib feed: 27901 observations offered (auto_calib 1, sensors 2, exposure_info yes, device 0)
[II] calib feed WMTD3052400VZL: 27901 obs, 5850 paired, history 192 over 7 viewpoints, 364 solves, residual 2.34 px, estimated
[II] frame-timing WMTD306Q701DEK: 300 frames, 0 missed exposure, diff avg -0.90 min -4.24 max 1.44 ms
[II] HMD obs quality: full(strong+ids) 300 ids-verified 0 strong 0 prior-agree 0 reacquire 0 rejected 0 | flags: led-ids 300 strong 300
[II] Device 0: joint reconstruction 24301 solved, 1 rejected, 24978 single-camera (0 observations arrived too late to count)
[II] frame-timing WMTD3052400VZL: 300 frames, 0 missed exposure, diff avg -0.86 min -3.69 max 1.43 ms
[II] sensor 1 calibration feed: 28801 offered, 18762 passed - rejected 0 for LED ids, 10039 for too few blobs (<10), 0 for error
[II] HMD obs quality: full(strong+ids) 300 ids-verified 0 strong 0 prior-agree 0 reacquire 0 rejected 0 | flags: led-ids 300 strong 300
[II] sensor 0 calibration feed: 69301 offered, 9532 passed - rejected 0 for LED ids, 59769 for too few blobs (<10), 0 for error
[II] frame-timing WMTD306Q701DEK: 300 frames, 1 missed exposure, diff avg -0.92 min -11.20 max 1.48 ms
[II] HMD obs quality: full(strong+ids) 300 ids-verified 0 strong 0 prior-agree 0 reacquire 0 rejected 0 | flags: led-ids 300 strong 300
[II] Device 0: joint reconstruction 24601 solved, 1 rejected, 25279 single-camera (0 observations arrived too late to count)
[II] frame-timing WMTD3052400VZL: 300 frames, 0 missed exposure, diff avg -0.92 min -9.06 max 1.80 ms
[WW] Exposure timestamp 3807705600 was more than 1.5 IMU samples earlier than IMU ts 3807707305 by 1705 µS
[II] calib feed: 28801 observations offered (auto_calib 1, sensors 2, exposure_info yes, device 0)
[II] calib feed WMTD3052400VZL: 28801 obs, 6300 paired, history 192 over 7 viewpoints, 392 solves, residual 2.35 px, estimated
[WW] Exposure timestamp 3809337600 was more than 1.5 IMU samples earlier than IMU ts 3809339114 by 1514 µS
[II] HMD obs quality: full(strong+ids) 300 ids-verified 0 strong 0 prior-agree 0 reacquire 0 rejected 0 | flags: led-ids 300 strong 300
[II] sensor 0 calibration feed: 70201 offered, 9832 passed - rejected 0 for LED ids, 60369 for too few blobs (<10), 0 for error
[WW] Exposure timestamp 3809548800 was more than 1.5 IMU samples earlier than IMU ts 3809550478 by 1678 µS
[II] frame-timing WMTD306Q701DEK: 300 frames, 0 missed exposure, diff avg -0.89 min -4.92 max 1.49 ms
[II] HMD obs quality: full(strong+ids) 300 ids-verified 0 strong 0 prior-agree 0 reacquire 0 rejected 0 | flags: led-ids 300 strong 300
[II] Device 0: joint reconstruction 24901 solved, 1 rejected, 25579 single-camera (0 observations arrived too late to count)
[II] frame-timing WMTD3052400VZL: 300 frames, 0 missed exposure, diff avg -0.89 min -3.50 max 1.52 ms
[II] HMD obs quality: full(strong+ids) 300 ids-verified 0 strong 0 prior-agree 0 reacquire 0 rejected 0 | flags: led-ids 300 strong 300
[II] sensor 0 calibration feed: 71101 offered, 10132 passed - rejected 0 for LED ids, 60969 for too few blobs (<10), 0 for error
[II] calib feed: 29701 observations offered (auto_calib 1, sensors 2, exposure_info yes, device 0)
[II] calib feed WMTD3052400VZL: 29701 obs, 6750 paired, history 192 over 7 viewpoints, 420 solves, residual 2.35 px, estimated
[II] frame-timing WMTD306Q701DEK: 300 frames, 0 missed exposure, diff avg -0.84 min -4.08 max 1.90 ms
[II] HMD obs quality: full(strong+ids) 300 ids-verified 0 strong 0 prior-agree 0 reacquire 0 rejected 0 | flags: led-ids 300 strong 300
[II] Device 0: joint reconstruction 25201 solved, 1 rejected, 25879 single-camera (0 observations arrived too late to count)
[II] frame-timing WMTD3052400VZL: 300 frames, 0 missed exposure, diff avg -0.85 min -4.51 max 1.80 ms
[II] sensor 1 calibration feed: 29701 offered, 19662 passed - rejected 0 for LED ids, 10039 for too few blobs (<10), 0 for error
[II] HMD obs quality: full(strong+ids) 300 ids-verified 0 strong 0 prior-agree 0 reacquire 0 rejected 0 | flags: led-ids 300 strong 300
[II] sensor 0 calibration feed: 72001 offered, 10432 passed - rejected 0 for LED ids, 61569 for too few blobs (<10), 0 for error
[WW] Exposure timestamp 3821184000 was more than 1.5 IMU samples earlier than IMU ts 3821185548 by 1548 µS
[WW] Exposure timestamp 3822739200 was more than 1.5 IMU samples earlier than IMU ts 3822741284 by 2084 µS
[II] frame-timing WMTD306Q701DEK: 300 frames, 0 missed exposure, diff avg -0.86 min -3.75 max 1.63 ms
[II] HMD obs quality: full(strong+ids) 300 ids-verified 0 strong 0 prior-agree 0 reacquire 0 rejected 0 | flags: led-ids 300 strong 300
[II] Device 0: joint reconstruction 25501 solved, 1 rejected, 26179 single-camera (0 observations arrived too late to count)
[II] frame-timing WMTD3052400VZL: 300 frames, 0 missed exposure, diff avg -0.83 min -3.77 max 1.72 ms
[WW] Exposure timestamp 3825100800 was more than 1.5 IMU samples earlier than IMU ts 3825102320 by 1520 µS
[II] calib feed: 30601 observations offered (auto_calib 1, sensors 2, exposure_info yes, device 0)
[II] calib feed WMTD3052400VZL: 30601 obs, 7200 paired, history 192 over 7 viewpoints, 449 solves, residual 2.34 px, estimated
[II] HMD obs quality: full(strong+ids) 300 ids-verified 0 strong 0 prior-agree 0 reacquire 0 rejected 0 | flags: led-ids 300 strong 300
[II] sensor 0 calibration feed: 72901 offered, 10732 passed - rejected 0 for LED ids, 62169 for too few blobs (<10), 0 for error
[II] frame-timing WMTD306Q701DEK: 300 frames, 0 missed exposure, diff avg -0.92 min -3.71 max 1.80 ms
[II] HMD obs quality: full(strong+ids) 300 ids-verified 0 strong 0 prior-agree 0 reacquire 0 rejected 0 | flags: led-ids 300 strong 300
[II] Device 0: joint reconstruction 25801 solved, 1 rejected, 26479 single-camera (0 observations arrived too late to count)
[II] frame-timing WMTD3052400VZL: 300 frames, 0 missed exposure, diff avg -0.93 min -4.36 max 1.76 ms
[II] HMD obs quality: full(strong+ids) 300 ids-verified 0 strong 0 prior-agree 0 reacquire 0 rejected 0 | flags: led-ids 300 strong 300
[II] sensor 0 calibration feed: 73801 offered, 11032 passed - rejected 0 for LED ids, 62769 for too few blobs (<10), 0 for error
[WW] Exposure timestamp 3832684800 was more than 1.5 IMU samples earlier than IMU ts 3832686431 by 1631 µS
[II] calib feed: 31501 observations offered (auto_calib 1, sensors 2, exposure_info yes, device 0)
[II] calib feed WMTD3052400VZL: 31501 obs, 7650 paired, history 192 over 7 viewpoints, 477 solves, residual 2.35 px, estimated
[II] frame-timing WMTD306Q701DEK: 300 frames, 0 missed exposure, diff avg -0.91 min -3.94 max 1.38 ms
[II] HMD obs quality: full(strong+ids) 300 ids-verified 0 strong 0 prior-agree 0 reacquire 0 rejected 0 | flags: led-ids 300 strong 300
[II] Device 0: joint reconstruction 26101 solved, 1 rejected, 26779 single-camera (0 observations arrived too late to count)
[II] frame-timing WMTD3052400VZL: 300 frames, 0 missed exposure, diff avg -0.92 min -4.00 max 1.54 ms
[WW] Exposure timestamp 3836716800 was more than 1.5 IMU samples earlier than IMU ts 3836718391 by 1591 µS
[II] sensor 1 calibration feed: 30601 offered, 20562 passed - rejected 0 for LED ids, 10039 for too few blobs (<10), 0 for error
[II] HMD obs quality: full(strong+ids) 300 ids-verified 0 strong 0 prior-agree 0 reacquire 0 rejected 0 | flags: led-ids 300 strong 300
[II] sensor 0 calibration feed: 74701 offered, 11332 passed - rejected 0 for LED ids, 63369 for too few blobs (<10), 0 for error
[II] frame-timing WMTD306Q701DEK: 300 frames, 0 missed exposure, diff avg -0.85 min -3.88 max 1.89 ms
[II] HMD obs quality: full(strong+ids) 300 ids-verified 0 strong 0 prior-agree 0 reacquire 0 rejected 0 | flags: led-ids 300 strong 300
[II] Device 0: joint reconstruction 26401 solved, 1 rejected, 27079 single-camera (0 observations arrived too late to count)
[II] frame-timing WMTD3052400VZL: 300 frames, 0 missed exposure, diff avg -0.87 min -3.55 max 1.72 ms
[II] calib feed: 32401 observations offered (auto_calib 1, sensors 2, exposure_info yes, device 0)
[II] calib feed WMTD3052400VZL: 32401 obs, 8100 paired, history 192 over 7 viewpoints, 505 solves, residual 2.35 px, estimated
[II] HMD obs quality: full(strong+ids) 300 ids-verified 0 strong 0 prior-agree 0 reacquire 0 rejected 0 | flags: led-ids 300 strong 300
[II] sensor 0 calibration feed: 75601 offered, 11632 passed - rejected 0 for LED ids, 63969 for too few blobs (<10), 0 for error
[II] frame-timing WMTD306Q701DEK: 300 frames, 0 missed exposure, diff avg -0.93 min -4.12 max 1.43 ms
[II] HMD obs quality: full(strong+ids) 300 ids-verified 0 strong 0 prior-agree 0 reacquire 0 rejected 0 | flags: led-ids 300 strong 300
[II] Device 0: joint reconstruction 26701 solved, 1 rejected, 27379 single-camera (0 observations arrived too late to count)
[II] frame-timing WMTD3052400VZL: 300 frames, 0 missed exposure, diff avg -0.87 min -4.05 max 1.57 ms
[II] HMD obs quality: full(strong+ids) 300 ids-verified 0 strong 0 prior-agree 0 reacquire 0 rejected 0 | flags: led-ids 300 strong 300
[II] sensor 0 calibration feed: 76501 offered, 11932 passed - rejected 0 for LED ids, 64569 for too few blobs (<10), 0 for error
[II] calib feed: 33301 observations offered (auto_calib 1, sensors 2, exposure_info yes, device 0)
[II] calib feed WMTD3052400VZL: 33301 obs, 8550 paired, history 192 over 7 viewpoints, 533 solves, residual 2.35 px, estimated
[II] frame-timing WMTD306Q701DEK: 300 frames, 0 missed exposure, diff avg -0.91 min -4.38 max 2.02 ms
[II] HMD obs quality: full(strong+ids) 300 ids-verified 0 strong 0 prior-agree 0 reacquire 0 rejected 0 | flags: led-ids 300 strong 300
[II] Device 0: joint reconstruction 27001 solved, 1 rejected, 27679 single-camera (0 observations arrived too late to count)
[II] frame-timing WMTD3052400VZL: 300 frames, 0 missed exposure, diff avg -0.93 min -3.72 max 1.77 ms
[II] sensor 1 calibration feed: 31501 offered, 21462 passed - rejected 0 for LED ids, 10039 for too few blobs (<10), 0 for error
[II] HMD obs quality: full(strong+ids) 300 ids-verified 0 strong 0 prior-agree 0 reacquire 0 rejected 0 | flags: led-ids 300 strong 300
[II] sensor 0 calibration feed: 77401 offered, 12232 passed - rejected 0 for LED ids, 65169 for too few blobs (<10), 0 for error
[II] frame-timing WMTD306Q701DEK: 300 frames, 0 missed exposure, diff avg -0.92 min -3.35 max 1.52 ms
[II] HMD obs quality: full(strong+ids) 300 ids-verified 0 strong 0 prior-agree 0 reacquire 0 rejected 0 | flags: led-ids 300 strong 300
[II] Device 0: joint reconstruction 27301 solved, 1 rejected, 27979 single-camera (0 observations arrived too late to count)
[II] frame-timing WMTD3052400VZL: 300 frames, 0 missed exposure, diff avg -0.94 min -4.59 max 1.56 ms
[II] calib feed: 34201 observations offered (auto_calib 1, sensors 2, exposure_info yes, device 0)
[II] calib feed WMTD3052400VZL: 34201 obs, 9000 paired, history 192 over 7 viewpoints, 561 solves, residual 2.35 px, estimated
[WW] Exposure timestamp 3861081600 was more than 1.5 IMU samples earlier than IMU ts 3861083312 by 1712 µS
[II] HMD obs quality: full(strong+ids) 300 ids-verified 0 strong 0 prior-agree 0 reacquire 0 rejected 0 | flags: led-ids 300 strong 300
[II] sensor 0 calibration feed: 78301 offered, 12532 passed - rejected 0 for LED ids, 65769 for too few blobs (<10), 0 for error
[WW] Exposure timestamp 3861753600 was more than 1.5 IMU samples earlier than IMU ts 3861755467 by 1867 µS
[II] frame-timing WMTD306Q701DEK: 300 frames, 0 missed exposure, diff avg -0.91 min -3.77 max 1.54 ms
[II] HMD obs quality: full(strong+ids) 300 ids-verified 0 strong 0 prior-agree 0 reacquire 0 rejected 0 | flags: led-ids 300 strong 300
[II] Device 0: joint reconstruction 27601 solved, 1 rejected, 28279 single-camera (0 observations arrived too late to count)
[II] frame-timing WMTD3052400VZL: 300 frames, 0 missed exposure, diff avg -0.89 min -3.75 max 2.02 ms
[WW] Exposure timestamp 3866956800 was more than 1.5 IMU samples earlier than IMU ts 3866958396 by 1596 µS
[II] HMD obs quality: full(strong+ids) 300 ids-verified 0 strong 0 prior-agree 0 reacquire 0 rejected 0 | flags: led-ids 300 strong 300
[II] sensor 0 calibration feed: 79201 offered, 12832 passed - rejected 0 for LED ids, 66369 for too few blobs (<10), 0 for error
[II] calib feed: 35101 observations offered (auto_calib 1, sensors 2, exposure_info yes, device 0)
[II] calib feed WMTD3052400VZL: 35101 obs, 9450 paired, history 192 over 7 viewpoints, 589 solves, residual 2.34 px, estimated
[II] frame-timing WMTD306Q701DEK: 300 frames, 0 missed exposure, diff avg -0.90 min -6.45 max 1.80 ms
[II] HMD obs quality: full(strong+ids) 300 ids-verified 0 strong 0 prior-agree 0 reacquire 0 rejected 0 | flags: led-ids 300 strong 300
[II] Device 0: joint reconstruction 27901 solved, 1 rejected, 28579 single-camera (0 observations arrived too late to count)
[II] frame-timing WMTD3052400VZL: 300 frames, 0 missed exposure, diff avg -0.87 min -4.91 max 2.00 ms
[II] sensor 1 calibration feed: 32401 offered, 22362 passed - rejected 0 for LED ids, 10039 for too few blobs (<10), 0 for error
[II] HMD obs quality: full(strong+ids) 300 ids-verified 0 strong 0 prior-agree 0 reacquire 0 rejected 0 | flags: led-ids 300 strong 300
[II] sensor 0 calibration feed: 80101 offered, 13132 passed - rejected 0 for LED ids, 66969 for too few blobs (<10), 0 for error
[II] frame-timing WMTD306Q701DEK: 300 frames, 0 missed exposure, diff avg -0.87 min -3.40 max 1.69 ms
[II] HMD obs quality: full(strong+ids) 300 ids-verified 0 strong 0 prior-agree 0 reacquire 0 rejected 0 | flags: led-ids 300 strong 300
[II] Device 0: joint reconstruction 28201 solved, 1 rejected, 28879 single-camera (0 observations arrived too late to count)
[II] frame-timing WMTD3052400VZL: 300 frames, 0 missed exposure, diff avg -0.89 min -4.04 max 1.30 ms
[II] calib feed: 36001 observations offered (auto_calib 1, sensors 2, exposure_info yes, device 0)
[II] calib feed WMTD3052400VZL: 36001 obs, 9900 paired, history 192 over 7 viewpoints, 617 solves, residual 2.34 px, estimated
[II] HMD obs quality: full(strong+ids) 300 ids-verified 0 strong 0 prior-agree 0 reacquire 0 rejected 0 | flags: led-ids 300 strong 300
[II] sensor 0 calibration feed: 81001 offered, 13432 passed - rejected 0 for LED ids, 67569 for too few blobs (<10), 0 for error
[WW] Exposure timestamp 3879609600 was more than 1.5 IMU samples earlier than IMU ts 3879611102 by 1502 µS
[II] frame-timing WMTD306Q701DEK: 300 frames, 0 missed exposure, diff avg -0.90 min -3.82 max 1.79 ms
[II] HMD obs quality: full(strong+ids) 300 ids-verified 0 strong 0 prior-agree 0 reacquire 0 rejected 0 | flags: led-ids 300 strong 300
[II] Device 0: joint reconstruction 28501 solved, 1 rejected, 29179 single-camera (0 observations arrived too late to count)
[II] frame-timing WMTD3052400VZL: 300 frames, 0 missed exposure, diff avg -0.90 min -3.50 max 2.19 ms
[II] HMD obs quality: full(strong+ids) 300 ids-verified 0 strong 0 prior-agree 0 reacquire 0 rejected 0 | flags: led-ids 300 strong 300
[II] sensor 0 calibration feed: 81901 offered, 13732 passed - rejected 0 for LED ids, 68169 for too few blobs (<10), 0 for error
[II] calib feed: 36901 observations offered (auto_calib 1, sensors 2, exposure_info yes, device 0)
[II] calib feed WMTD3052400VZL: 36901 obs, 10350 paired, history 192 over 7 viewpoints, 645 solves, residual 2.35 px, estimated
[II] frame-timing WMTD306Q701DEK: 300 frames, 0 missed exposure, diff avg -0.90 min -4.16 max 1.54 ms
[II] HMD obs quality: full(strong+ids) 300 ids-verified 0 strong 0 prior-agree 0 reacquire 0 rejected 0 | flags: led-ids 300 strong 300
[II] Device 0: joint reconstruction 28801 solved, 1 rejected, 29479 single-camera (0 observations arrived too late to count)
[II] frame-timing WMTD3052400VZL: 300 frames, 0 missed exposure, diff avg -0.88 min -3.47 max 1.72 ms
[II] sensor 1 calibration feed: 33301 offered, 23262 passed - rejected 0 for LED ids, 10039 for too few blobs (<10), 0 for error
[WW] Exposure timestamp 3889363200 was more than 1.5 IMU samples earlier than IMU ts 3889364830 by 1630 µS
[II] HMD obs quality: full(strong+ids) 300 ids-verified 0 strong 0 prior-agree 0 reacquire 0 rejected 0 | flags: led-ids 300 strong 300
[II] sensor 0 calibration feed: 82801 offered, 14032 passed - rejected 0 for LED ids, 68769 for too few blobs (<10), 0 for error
[WW] Exposure timestamp 3892320000 was more than 1.5 IMU samples earlier than IMU ts 3892321901 by 1901 µS
[II] frame-timing WMTD306Q701DEK: 300 frames, 0 missed exposure, diff avg -0.92 min -4.30 max 1.57 ms
[II] HMD obs quality: full(strong+ids) 300 ids-verified 0 strong 0 prior-agree 0 reacquire 0 rejected 0 | flags: led-ids 300 strong 300
[II] Device 0: joint reconstruction 29101 solved, 1 rejected, 29779 single-camera (0 observations arrived too late to count)
[II] frame-timing WMTD3052400VZL: 300 frames, 0 missed exposure, diff avg -0.89 min -4.33 max 1.31 ms
[II] calib feed: 37801 observations offered (auto_calib 1, sensors 2, exposure_info yes, device 0)
[II] calib feed WMTD3052400VZL: 37801 obs, 10800 paired, history 192 over 7 viewpoints, 674 solves, residual 2.35 px, estimated
[II] HMD obs quality: full(strong+ids) 300 ids-verified 0 strong 0 prior-agree 0 reacquire 0 rejected 0 | flags: led-ids 300 strong 300
[II] sensor 0 calibration feed: 83701 offered, 14332 passed - rejected 0 for LED ids, 69369 for too few blobs (<10), 0 for error
[WW] Exposure timestamp 3896121600 was more than 1.5 IMU samples earlier than IMU ts 3896123421 by 1821 µS
[II] frame-timing WMTD306Q701DEK: 300 frames, 0 missed exposure, diff avg -0.92 min -3.98 max 1.40 ms
[II] HMD obs quality: full(strong+ids) 300 ids-verified 0 strong 0 prior-agree 0 reacquire 0 rejected 0 | flags: led-ids 300 strong 300
[II] Device 0: joint reconstruction 29401 solved, 1 rejected, 30079 single-camera (0 observations arrived too late to count)
[II] frame-timing WMTD3052400VZL: 300 frames, 0 missed exposure, diff avg -0.98 min -9.65 max 1.57 ms
[II] HMD obs quality: full(strong+ids) 300 ids-verified 0 strong 0 prior-agree 0 reacquire 0 rejected 0 | flags: led-ids 300 strong 300
[II] sensor 0 calibration feed: 84601 offered, 14632 passed - rejected 0 for LED ids, 69969 for too few blobs (<10), 0 for error
[WW] Exposure timestamp 3901881600 was more than 1.5 IMU samples earlier than IMU ts 3901883299 by 1699 µS
[II] calib feed: 38701 observations offered (auto_calib 1, sensors 2, exposure_info yes, device 0)
[II] calib feed WMTD3052400VZL: 38701 obs, 11250 paired, history 192 over 7 viewpoints, 702 solves, residual 2.34 px, estimated
[II] frame-timing WMTD306Q701DEK: 300 frames, 0 missed exposure, diff avg -0.99 min -7.86 max 1.55 ms
[II] HMD obs quality: full(strong+ids) 300 ids-verified 0 strong 0 prior-agree 0 reacquire 0 rejected 0 | flags: led-ids 300 strong 300
[II] Device 0: joint reconstruction 29701 solved, 1 rejected, 30379 single-camera (0 observations arrived too late to count)
[II] frame-timing WMTD3052400VZL: 300 frames, 0 missed exposure, diff avg -0.96 min -4.11 max 1.68 ms
[WW] Exposure timestamp 3905913600 was more than 1.5 IMU samples earlier than IMU ts 3905915215 by 1615 µS
[II] sensor 1 calibration feed: 34201 offered, 24162 passed - rejected 0 for LED ids, 10039 for too few blobs (<10), 0 for error
[II] HMD obs quality: full(strong+ids) 300 ids-verified 0 strong 0 prior-agree 0 reacquire 0 rejected 0 | flags: led-ids 300 strong 300
[II] sensor 0 calibration feed: 85501 offered, 14932 passed - rejected 0 for LED ids, 70569 for too few blobs (<10), 0 for error
[WW] Exposure timestamp 3909024000 was more than 1.5 IMU samples earlier than IMU ts 3909025551 by 1551 µS
[II] frame-timing WMTD306Q701DEK: 300 frames, 0 missed exposure, diff avg -0.91 min -3.57 max 1.41 ms
[II] HMD obs quality: full(strong+ids) 300 ids-verified 0 strong 0 prior-agree 0 reacquire 0 rejected 0 | flags: led-ids 300 strong 300
[II] Device 0: joint reconstruction 30001 solved, 1 rejected, 30679 single-camera (0 observations arrived too late to count)
[II] frame-timing WMTD3052400VZL: 300 frames, 0 missed exposure, diff avg -0.87 min -4.02 max 1.47 ms
[WW] Exposure timestamp 3911193600 was more than 1.5 IMU samples earlier than IMU ts 3911195274 by 1674 µS
[II] calib feed: 39601 observations offered (auto_calib 1, sensors 2, exposure_info yes, device 0)
[II] calib feed WMTD3052400VZL: 39601 obs, 11700 paired, history 192 over 7 viewpoints, 730 solves, residual 2.34 px, estimated
[II] HMD obs quality: full(strong+ids) 300 ids-verified 0 strong 0 prior-agree 0 reacquire 0 rejected 0 | flags: led-ids 300 strong 300
[II] sensor 0 calibration feed: 86401 offered, 15232 passed - rejected 0 for LED ids, 71169 for too few blobs (<10), 0 for error
[II] frame-timing WMTD306Q701DEK: 300 frames, 0 missed exposure, diff avg -0.83 min -4.21 max 1.95 ms
[II] HMD obs quality: full(strong+ids) 300 ids-verified 0 strong 0 prior-agree 0 reacquire 0 rejected 0 | flags: led-ids 300 strong 300
[II] Device 0: joint reconstruction 30301 solved, 1 rejected, 30979 single-camera (0 observations arrived too late to count)
[II] frame-timing WMTD3052400VZL: 300 frames, 0 missed exposure, diff avg -0.83 min -3.25 max 1.62 ms
[WW] Exposure timestamp 3918067200 was more than 1.5 IMU samples earlier than IMU ts 3918069068 by 1868 µS
[II] HMD obs quality: full(strong+ids) 300 ids-verified 0 strong 0 prior-agree 0 reacquire 0 rejected 0 | flags: led-ids 300 strong 300
[II] sensor 0 calibration feed: 87301 offered, 15532 passed - rejected 0 for LED ids, 71769 for too few blobs (<10), 0 for error
[II] calib feed: 40501 observations offered (auto_calib 1, sensors 2, exposure_info yes, device 0)
[II] calib feed WMTD3052400VZL: 40501 obs, 12150 paired, history 192 over 7 viewpoints, 758 solves, residual 2.34 px, estimated
[WW] Exposure timestamp 3921465600 was more than 1.5 IMU samples earlier than IMU ts 3921467909 by 2309 µS
[II] frame-timing WMTD306Q701DEK: 300 frames, 0 missed exposure, diff avg -0.90 min -3.53 max 1.42 ms
[II] HMD obs quality: full(strong+ids) 300 ids-verified 0 strong 0 prior-agree 0 reacquire 0 rejected 0 | flags: led-ids 300 strong 300
[WW] Exposure timestamp 3922233600 was more than 1.5 IMU samples earlier than IMU ts 3922235218 by 1618 µS
[II] Device 0: joint reconstruction 30601 solved, 1 rejected, 31279 single-camera (0 observations arrived too late to count)
[II] frame-timing WMTD3052400VZL: 300 frames, 0 missed exposure, diff avg -0.86 min -3.54 max 1.28 ms
[II] sensor 1 calibration feed: 35101 offered, 25062 passed - rejected 0 for LED ids, 10039 for too few blobs (<10), 0 for error
[WW] Exposure timestamp 3923961600 was more than 1.5 IMU samples earlier than IMU ts 3923963184 by 1584 µS
[II] HMD obs quality: full(strong+ids) 300 ids-verified 0 strong 0 prior-agree 0 reacquire 0 rejected 0 | flags: led-ids 300 strong 300
[II] sensor 0 calibration feed: 88201 offered, 15832 passed - rejected 0 for LED ids, 72369 for too few blobs (<10), 0 for error
[II] frame-timing WMTD306Q701DEK: 300 frames, 0 missed exposure, diff avg -0.87 min -4.44 max 1.61 ms
[II] HMD obs quality: full(strong+ids) 300 ids-verified 0 strong 0 prior-agree 0 reacquire 0 rejected 0 | flags: led-ids 300 strong 300
[II] Device 0: joint reconstruction 30901 solved, 1 rejected, 31579 single-camera (0 observations arrived too late to count)
[II] frame-timing WMTD3052400VZL: 300 frames, 0 missed exposure, diff avg -0.92 min -6.54 max 1.57 ms
[II] calib feed: 41401 observations offered (auto_calib 1, sensors 2, exposure_info yes, device 0)
[II] calib feed WMTD3052400VZL: 41401 obs, 12600 paired, history 192 over 7 viewpoints, 786 solves, residual 2.34 px, estimated
[II] HMD obs quality: full(strong+ids) 300 ids-verified 0 strong 0 prior-agree 0 reacquire 0 rejected 0 | flags: led-ids 300 strong 300
[II] sensor 0 calibration feed: 89101 offered, 16132 passed - rejected 0 for LED ids, 72969 for too few blobs (<10), 0 for error
[WW] Exposure timestamp 3930931200 was more than 1.5 IMU samples earlier than IMU ts 3930933149 by 1949 µS
[II] frame-timing WMTD306Q701DEK: 300 frames, 1 missed exposure, diff avg -0.96 min -10.45 max 1.73 ms
[II] HMD obs quality: full(strong+ids) 300 ids-verified 0 strong 0 prior-agree 0 reacquire 0 rejected 0 | flags: led-ids 300 strong 300
[II] Device 0: joint reconstruction 31201 solved, 1 rejected, 31880 single-camera (0 observations arrived too late to count)
[II] frame-timing WMTD3052400VZL: 300 frames, 0 missed exposure, diff avg -0.91 min -9.44 max 1.39 ms
[II] HMD obs quality: full(strong+ids) 300 ids-verified 0 strong 0 prior-agree 0 reacquire 0 rejected 0 | flags: led-ids 300 strong 300
[II] sensor 0 calibration feed: 90001 offered, 16432 passed - rejected 0 for LED ids, 73569 for too few blobs (<10), 0 for error
[II] calib feed: 42301 observations offered (auto_calib 1, sensors 2, exposure_info yes, device 0)
[II] calib feed WMTD3052400VZL: 42301 obs, 13049 paired, history 192 over 7 viewpoints, 814 solves, residual 2.35 px, estimated
[II] frame-timing WMTD306Q701DEK: 300 frames, 0 missed exposure, diff avg -0.88 min -3.74 max 2.52 ms
[II] HMD obs quality: full(strong+ids) 300 ids-verified 0 strong 0 prior-agree 0 reacquire 0 rejected 0 | flags: led-ids 300 strong 300
[II] Device 0: joint reconstruction 31501 solved, 1 rejected, 32180 single-camera (0 observations arrived too late to count)
[II] frame-timing WMTD3052400VZL: 300 frames, 0 missed exposure, diff avg -0.85 min -4.08 max 2.64 ms
[II] sensor 1 calibration feed: 36001 offered, 25962 passed - rejected 0 for LED ids, 10039 for too few blobs (<10), 0 for error
[II] HMD obs quality: full(strong+ids) 300 ids-verified 0 strong 0 prior-agree 0 reacquire 0 rejected 0 | flags: led-ids 300 strong 300
[II] sensor 0 calibration feed: 90901 offered, 16732 passed - rejected 0 for LED ids, 74169 for too few blobs (<10), 0 for error
[II] frame-timing WMTD306Q701DEK: 300 frames, 0 missed exposure, diff avg -0.83 min -4.47 max 1.41 ms
[II] HMD obs quality: full(strong+ids) 300 ids-verified 0 strong 0 prior-agree 0 reacquire 0 rejected 0 | flags: led-ids 300 strong 300
[II] Device 0: joint reconstruction 31801 solved, 1 rejected, 32480 single-camera (0 observations arrived too late to count)
[II] frame-timing WMTD3052400VZL: 300 frames, 0 missed exposure, diff avg -0.87 min -4.56 max 1.74 ms
[II] calib feed: 43201 observations offered (auto_calib 1, sensors 2, exposure_info yes, device 0)
[II] calib feed WMTD3052400VZL: 43201 obs, 13499 paired, history 192 over 7 viewpoints, 842 solves, residual 2.35 px, estimated
[II] HMD obs quality: full(strong+ids) 300 ids-verified 0 strong 0 prior-agree 0 reacquire 0 rejected 0 | flags: led-ids 300 strong 300
[II] sensor 0 calibration feed: 91801 offered, 17032 passed - rejected 0 for LED ids, 74769 for too few blobs (<10), 0 for error
[WW] Exposure timestamp 3948672000 was more than 1.5 IMU samples earlier than IMU ts 3948673625 by 1625 µS
[II] frame-timing WMTD306Q701DEK: 300 frames, 0 missed exposure, diff avg -0.94 min -3.87 max 1.71 ms
[II] HMD obs quality: full(strong+ids) 300 ids-verified 0 strong 0 prior-agree 0 reacquire 0 rejected 0 | flags: led-ids 300 strong 300
[II] Device 0: joint reconstruction 32101 solved, 1 rejected, 32780 single-camera (0 observations arrived too late to count)
[II] frame-timing WMTD3052400VZL: 300 frames, 0 missed exposure, diff avg -0.93 min -4.29 max 1.48 ms
[II] HMD obs quality: full(strong+ids) 300 ids-verified 0 strong 0 prior-agree 0 reacquire 0 rejected 0 | flags: led-ids 300 strong 300
[II] sensor 0 calibration feed: 92701 offered, 17332 passed - rejected 0 for LED ids, 75369 for too few blobs (<10), 0 for error
[II] calib feed: 44101 observations offered (auto_calib 1, sensors 2, exposure_info yes, device 0)
[II] calib feed WMTD3052400VZL: 44101 obs, 13949 paired, history 192 over 7 viewpoints, 870 solves, residual 2.35 px, estimated
[II] frame-timing WMTD306Q701DEK: 300 frames, 0 missed exposure, diff avg -0.95 min -3.95 max 1.62 ms
[WW] Exposure timestamp 3956256000 was more than 1.5 IMU samples earlier than IMU ts 3956257662 by 1662 µS
[II] HMD obs quality: full(strong+ids) 300 ids-verified 0 strong 0 prior-agree 0 reacquire 0 rejected 0 | flags: led-ids 300 strong 300
[II] Device 0: joint reconstruction 32401 solved, 1 rejected, 33080 single-camera (0 observations arrived too late to count)
[II] frame-timing WMTD3052400VZL: 300 frames, 0 missed exposure, diff avg -0.96 min -6.30 max 1.51 ms
[II] sensor 1 calibration feed: 36901 offered, 26862 passed - rejected 0 for LED ids, 10039 for too few blobs (<10), 0 for error
[II] HMD obs quality: full(strong+ids) 300 ids-verified 0 strong 0 prior-agree 0 reacquire 0 rejected 0 | flags: led-ids 300 strong 300
[II] sensor 0 calibration feed: 93601 offered, 17632 passed - rejected 0 for LED ids, 75969 for too few blobs (<10), 0 for error
[II] frame-timing WMTD306Q701DEK: 300 frames, 0 missed exposure, diff avg -0.92 min -7.05 max 1.71 ms
[II] HMD obs quality: full(strong+ids) 300 ids-verified 0 strong 0 prior-agree 0 reacquire 0 rejected 0 | flags: led-ids 300 strong 300
[WW] Exposure timestamp 3962361600 was more than 1.5 IMU samples earlier than IMU ts 3962363162 by 1562 µS
[II] Device 0: joint reconstruction 32701 solved, 1 rejected, 33380 single-camera (0 observations arrived too late to count)
[II] frame-timing WMTD3052400VZL: 300 frames, 0 missed exposure, diff avg -0.87 min -3.56 max 1.37 ms
[WW] Exposure timestamp 3963513600 was more than 1.5 IMU samples earlier than IMU ts 3963515144 by 1544 µS
[II] calib feed: 45001 observations offered (auto_calib 1, sensors 2, exposure_info yes, device 0)
[II] calib feed WMTD3052400VZL: 45001 obs, 14399 paired, history 192 over 7 viewpoints, 898 solves, residual 2.35 px, estimated
[WW] Exposure timestamp 3964204800 was more than 1.5 IMU samples earlier than IMU ts 3964206336 by 1536 µS
[II] HMD obs quality: full(strong+ids) 300 ids-verified 0 strong 0 prior-agree 0 reacquire 0 rejected 0 | flags: led-ids 300 strong 300
[II] sensor 0 calibration feed: 94501 offered, 17932 passed - rejected 0 for LED ids, 76569 for too few blobs (<10), 0 for error
[II] frame-timing WMTD306Q701DEK: 300 frames, 0 missed exposure, diff avg -0.89 min -4.13 max 1.57 ms
[II] HMD obs quality: full(strong+ids) 300 ids-verified 0 strong 0 prior-agree 0 reacquire 0 rejected 0 | flags: led-ids 300 strong 300
[II] Device 0: joint reconstruction 33001 solved, 1 rejected, 33680 single-camera (0 observations arrived too late to count)
[II] frame-timing WMTD3052400VZL: 300 frames, 0 missed exposure, diff avg -0.88 min -3.65 max 1.69 ms
[II] HMD obs quality: full(strong+ids) 300 ids-verified 0 strong 0 prior-agree 0 reacquire 0 rejected 0 | flags: led-ids 300 strong 300
[II] sensor 0 calibration feed: 95401 offered, 18232 passed - rejected 0 for LED ids, 77169 for too few blobs (<10), 0 for error
[II] calib feed: 45901 observations offered (auto_calib 1, sensors 2, exposure_info yes, device 0)
[II] calib feed WMTD3052400VZL: 45901 obs, 14849 paired, history 192 over 7 viewpoints, 927 solves, residual 2.35 px, estimated
[II] frame-timing WMTD306Q701DEK: 300 frames, 0 missed exposure, diff avg -0.85 min -4.06 max 1.69 ms
[II] HMD obs quality: full(strong+ids) 300 ids-verified 0 strong 0 prior-agree 0 reacquire 0 rejected 0 | flags: led-ids 300 strong 300
[II] Device 0: joint reconstruction 33301 solved, 1 rejected, 33980 single-camera (0 observations arrived too late to count)
[II] frame-timing WMTD3052400VZL: 300 frames, 0 missed exposure, diff avg -0.86 min -3.87 max 1.40 ms
[II] sensor 1 calibration feed: 37801 offered, 27762 passed - rejected 0 for LED ids, 10039 for too few blobs (<10), 0 for error
[II] HMD obs quality: full(strong+ids) 300 ids-verified 0 strong 0 prior-agree 0 reacquire 0 rejected 0 | flags: led-ids 300 strong 300
[II] sensor 0 calibration feed: 96301 offered, 18532 passed - rejected 0 for LED ids, 77769 for too few blobs (<10), 0 for error
[II] frame-timing WMTD306Q701DEK: 300 frames, 0 missed exposure, diff avg -0.86 min -4.36 max 1.86 ms
[II] HMD obs quality: full(strong+ids) 300 ids-verified 0 strong 0 prior-agree 0 reacquire 0 rejected 0 | flags: led-ids 300 strong 300
[II] Device 0: joint reconstruction 33601 solved, 1 rejected, 34280 single-camera (0 observations arrived too late to count)
[II] frame-timing WMTD3052400VZL: 300 frames, 0 missed exposure, diff avg -0.87 min -3.81 max 1.63 ms
[II] calib feed: 46801 observations offered (auto_calib 1, sensors 2, exposure_info yes, device 0)
[II] calib feed WMTD3052400VZL: 46801 obs, 15299 paired, history 192 over 7 viewpoints, 955 solves, residual 2.35 px, estimated
[WW] Exposure timestamp 3982022400 was more than 1.5 IMU samples earlier than IMU ts 3982024002 by 1602 µS
[II] HMD obs quality: full(strong+ids) 300 ids-verified 0 strong 0 prior-agree 0 reacquire 0 rejected 0 | flags: led-ids 300 strong 300
[II] sensor 0 calibration feed: 97201 offered, 18832 passed - rejected 0 for LED ids, 78369 for too few blobs (<10), 0 for error
[II] frame-timing WMTD306Q701DEK: 300 frames, 0 missed exposure, diff avg -0.94 min -3.88 max 1.48 ms
[II] HMD obs quality: full(strong+ids) 300 ids-verified 0 strong 0 prior-agree 0 reacquire 0 rejected 0 | flags: led-ids 300 strong 300
[II] Device 0: joint reconstruction 33901 solved, 1 rejected, 34580 single-camera (0 observations arrived too late to count)
[II] frame-timing WMTD3052400VZL: 300 frames, 0 missed exposure, diff avg -0.91 min -3.77 max 1.50 ms
[II] HMD obs quality: full(strong+ids) 300 ids-verified 0 strong 0 prior-agree 0 reacquire 0 rejected 0 | flags: led-ids 300 strong 300
[II] sensor 0 calibration feed: 98101 offered, 19132 passed - rejected 0 for LED ids, 78969 for too few blobs (<10), 0 for error
[II] calib feed: 47701 observations offered (auto_calib 1, sensors 2, exposure_info yes, device 0)
[II] calib feed WMTD3052400VZL: 47701 obs, 15749 paired, history 192 over 7 viewpoints, 983 solves, residual 2.34 px, estimated
[II] frame-timing WMTD306Q701DEK: 300 frames, 0 missed exposure, diff avg -0.88 min -4.08 max 1.97 ms
[II] HMD obs quality: full(strong+ids) 300 ids-verified 0 strong 0 prior-agree 0 reacquire 0 rejected 0 | flags: led-ids 300 strong 300
[II] Device 0: joint reconstruction 34201 solved, 1 rejected, 34880 single-camera (0 observations arrived too late to count)
[II] frame-timing WMTD3052400VZL: 300 frames, 0 missed exposure, diff avg -0.89 min -4.65 max 1.35 ms
[II] sensor 1 calibration feed: 38701 offered, 28662 passed - rejected 0 for LED ids, 10039 for too few blobs (<10), 0 for error
[II] HMD obs quality: full(strong+ids) 300 ids-verified 0 strong 0 prior-agree 0 reacquire 0 rejected 0 | flags: led-ids 300 strong 300
[II] sensor 0 calibration feed: 99001 offered, 19432 passed - rejected 0 for LED ids, 79569 for too few blobs (<10), 0 for error
[II] frame-timing WMTD306Q701DEK: 300 frames, 0 missed exposure, diff avg -0.89 min -3.85 max 1.89 ms
[II] HMD obs quality: full(strong+ids) 300 ids-verified 0 strong 0 prior-agree 0 reacquire 0 rejected 0 | flags: led-ids 300 strong 300
[WW] Exposure timestamp 3996979200 was more than 1.5 IMU samples earlier than IMU ts 3996980821 by 1621 µS
[II] Device 0: joint reconstruction 34501 solved, 1 rejected, 35180 single-camera (0 observations arrived too late to count)
[II] frame-timing WMTD3052400VZL: 300 frames, 0 missed exposure, diff avg -0.91 min -3.53 max 1.81 ms
[II] calib feed: 48601 observations offered (auto_calib 1, sensors 2, exposure_info yes, device 0)
[II] calib feed WMTD3052400VZL: 48601 obs, 16199 paired, history 192 over 7 viewpoints, 1011 solves, residual 2.34 px, estimated
[WW] Exposure timestamp 3998534400 was more than 1.5 IMU samples earlier than IMU ts 3998536457 by 2057 µS
[II] HMD obs quality: full(strong+ids) 300 ids-verified 0 strong 0 prior-agree 0 reacquire 0 rejected 0 | flags: led-ids 300 strong 300
[II] sensor 0 calibration feed: 99901 offered, 19732 passed - rejected 0 for LED ids, 80169 for too few blobs (<10), 0 for error
[II] frame-timing WMTD306Q701DEK: 300 frames, 0 missed exposure, diff avg -0.98 min -4.19 max 1.38 ms
[II] HMD obs quality: full(strong+ids) 300 ids-verified 0 strong 0 prior-agree 0 reacquire 0 rejected 0 | flags: led-ids 300 strong 300
[II] Device 0: joint reconstruction 34801 solved, 1 rejected, 35480 single-camera (0 observations arrived too late to count)
[II] frame-timing WMTD3052400VZL: 300 frames, 0 missed exposure, diff avg -0.95 min -3.87 max 1.84 ms
[II] HMD obs quality: full(strong+ids) 300 ids-verified 0 strong 0 prior-agree 0 reacquire 0 rejected 0 | flags: led-ids 300 strong 300
[II] sensor 0 calibration feed: 100801 offered, 20032 passed - rejected 0 for LED ids, 80769 for too few blobs (<10), 0 for error
[II] calib feed: 49501 observations offered (auto_calib 1, sensors 2, exposure_info yes, device 0)
[II] calib feed WMTD3052400VZL: 49501 obs, 16649 paired, history 192 over 7 viewpoints, 1039 solves, residual 2.34 px, estimated
[II] frame-timing WMTD306Q701DEK: 300 frames, 0 missed exposure, diff avg -0.92 min -3.38 max 1.81 ms
[II] HMD obs quality: full(strong+ids) 300 ids-verified 0 strong 0 prior-agree 0 reacquire 0 rejected 0 | flags: led-ids 300 strong 300
[II] Device 0: joint reconstruction 35101 solved, 1 rejected, 35780 single-camera (0 observations arrived too late to count)
[II] frame-timing WMTD3052400VZL: 300 frames, 0 missed exposure, diff avg -0.90 min -4.34 max 1.57 ms
[II] sensor 1 calibration feed: 39601 offered, 29562 passed - rejected 0 for LED ids, 10039 for too few blobs (<10), 0 for error
[II] HMD obs quality: full(strong+ids) 300 ids-verified 0 strong 0 prior-agree 0 reacquire 0 rejected 0 | flags: led-ids 300 strong 300
[II] sensor 0 calibration feed: 101701 offered, 20332 passed - rejected 0 for LED ids, 81369 for too few blobs (<10), 0 for error
[WW] Exposure timestamp 4012915200 was more than 1.5 IMU samples earlier than IMU ts 4012917266 by 2066 µS
[II] frame-timing WMTD306Q701DEK: 300 frames, 0 missed exposure, diff avg -0.97 min -4.13 max 1.89 ms
[II] HMD obs quality: full(strong+ids) 300 ids-verified 0 strong 0 prior-agree 0 reacquire 0 rejected 0 | flags: led-ids 300 strong 300
[WW] Exposure timestamp 4014201600 was more than 1.5 IMU samples earlier than IMU ts 4014203485 by 1885 µS
[II] Device 0: joint reconstruction 35401 solved, 1 rejected, 36080 single-camera (0 observations arrived too late to count)
[II] frame-timing WMTD3052400VZL: 300 frames, 0 missed exposure, diff avg -0.96 min -3.91 max 1.36 ms
[WW] Exposure timestamp 4015257600 was more than 1.5 IMU samples earlier than IMU ts 4015259307 by 1707 µS
[II] calib feed: 50401 observations offered (auto_calib 1, sensors 2, exposure_info yes, device 0)
[II] calib feed WMTD3052400VZL: 50401 obs, 17099 paired, history 192 over 7 viewpoints, 1067 solves, residual 2.34 px, estimated
[II] HMD obs quality: full(strong+ids) 300 ids-verified 0 strong 0 prior-agree 0 reacquire 0 rejected 0 | flags: led-ids 300 strong 300
[WW] Exposure timestamp 4016870400 was more than 1.5 IMU samples earlier than IMU ts 4016872091 by 1691 µS
[II] sensor 0 calibration feed: 102601 offered, 20632 passed - rejected 0 for LED ids, 81969 for too few blobs (<10), 0 for error
[WW] Exposure timestamp 4017081600 was more than 1.5 IMU samples earlier than IMU ts 4017083456 by 1856 µS
[WW] Exposure timestamp 4018809600 was more than 1.5 IMU samples earlier than IMU ts 4018811440 by 1840 µS
[II] frame-timing WMTD306Q701DEK: 300 frames, 0 missed exposure, diff avg -0.95 min -4.45 max 1.80 ms
[II] HMD obs quality: full(strong+ids) 300 ids-verified 0 strong 0 prior-agree 0 reacquire 0 rejected 0 | flags: led-ids 300 strong 300
[II] Device 0: joint reconstruction 35701 solved, 1 rejected, 36380 single-camera (0 observations arrived too late to count)
[II] frame-timing WMTD3052400VZL: 300 frames, 0 missed exposure, diff avg -0.97 min -4.27 max 1.99 ms
[WW] Exposure timestamp 4021017600 was more than 1.5 IMU samples earlier than IMU ts 4021019252 by 1652 µS
[WW] Exposure timestamp 4021478400 was more than 1.5 IMU samples earlier than IMU ts 4021480047 by 1647 µS
[II] HMD obs quality: full(strong+ids) 300 ids-verified 0 strong 0 prior-agree 0 reacquire 0 rejected 0 | flags: led-ids 300 strong 300
[II] sensor 0 calibration feed: 103501 offered, 20932 passed - rejected 0 for LED ids, 82569 for too few blobs (<10), 0 for error
[WW] Exposure timestamp 4023436800 was more than 1.5 IMU samples earlier than IMU ts 4023438430 by 1630 µS
[II] calib feed: 51301 observations offered (auto_calib 1, sensors 2, exposure_info yes, device 0)
[II] calib feed WMTD3052400VZL: 51301 obs, 17549 paired, history 192 over 7 viewpoints, 1095 solves, residual 2.34 px, estimated
[II] frame-timing WMTD306Q701DEK: 300 frames, 0 missed exposure, diff avg -0.90 min -4.34 max 1.81 ms
[WW] Exposure timestamp 4025280000 was more than 1.5 IMU samples earlier than IMU ts 4025281613 by 1613 µS
[II] HMD obs quality: full(strong+ids) 300 ids-verified 0 strong 0 prior-agree 0 reacquire 0 rejected 0 | flags: led-ids 300 strong 300
[WW] Exposure timestamp 4025625600 was more than 1.5 IMU samples earlier than IMU ts 4025627210 by 1610 µS
[II] Device 0: joint reconstruction 36001 solved, 1 rejected, 36680 single-camera (0 observations arrived too late to count)
[II] frame-timing WMTD3052400VZL: 300 frames, 0 missed exposure, diff avg -0.87 min -4.02 max 1.60 ms
[II] sensor 1 calibration feed: 40501 offered, 30462 passed - rejected 0 for LED ids, 10039 for too few blobs (<10), 0 for error
[WW] Exposure timestamp 4027123200 was more than 1.5 IMU samples earlier than IMU ts 4027124797 by 1597 µS
[II] HMD obs quality: full(strong+ids) 300 ids-verified 0 strong 0 prior-agree 0 reacquire 0 rejected 0 | flags: led-ids 300 strong 300
[II] sensor 0 calibration feed: 104401 offered, 21232 passed - rejected 0 for LED ids, 83169 for too few blobs (<10), 0 for error
[II] frame-timing WMTD306Q701DEK: 300 frames, 0 missed exposure, diff avg -0.86 min -3.48 max 1.72 ms
[II] HMD obs quality: full(strong+ids) 300 ids-verified 0 strong 0 prior-agree 0 reacquire 0 rejected 0 | flags: led-ids 300 strong 300
[II] Device 0: joint reconstruction 36301 solved, 1 rejected, 36980 single-camera (0 observations arrived too late to count)
[II] frame-timing WMTD3052400VZL: 300 frames, 0 missed exposure, diff avg -0.85 min -3.56 max 1.84 ms
[WW] Exposure timestamp 4032537600 was more than 1.5 IMU samples earlier than IMU ts 4032539153 by 1553 µS
[II] calib feed: 52201 observations offered (auto_calib 1, sensors 2, exposure_info yes, device 0)
[II] calib feed WMTD3052400VZL: 52201 obs, 17999 paired, history 192 over 7 viewpoints, 1123 solves, residual 2.34 px, estimated
[II] HMD obs quality: full(strong+ids) 300 ids-verified 0 strong 0 prior-agree 0 reacquire 0 rejected 0 | flags: led-ids 300 strong 300
[II] sensor 0 calibration feed: 105301 offered, 21532 passed - rejected 0 for LED ids, 83769 for too few blobs (<10), 0 for error
[II] frame-timing WMTD306Q701DEK: 300 frames, 0 missed exposure, diff avg -0.93 min -4.00 max 1.72 ms
[II] HMD obs quality: full(strong+ids) 300 ids-verified 0 strong 0 prior-agree 0 reacquire 0 rejected 0 | flags: led-ids 300 strong 300
[II] Device 0: joint reconstruction 36601 solved, 1 rejected, 37280 single-camera (0 observations arrived too late to count)
[II] frame-timing WMTD3052400VZL: 300 frames, 0 missed exposure, diff avg -0.87 min -3.90 max 1.75 ms
[WW] Exposure timestamp 4038067200 was more than 1.5 IMU samples earlier than IMU ts 4038068711 by 1511 µS
[II] HMD obs quality: full(strong+ids) 300 ids-verified 0 strong 0 prior-agree 0 reacquire 0 rejected 0 | flags: led-ids 300 strong 300
[II] sensor 0 calibration feed: 106201 offered, 21832 passed - rejected 0 for LED ids, 84369 for too few blobs (<10), 0 for error
[II] calib feed: 53101 observations offered (auto_calib 1, sensors 2, exposure_info yes, device 0)
[II] calib feed WMTD3052400VZL: 53101 obs, 18449 paired, history 192 over 7 viewpoints, 1152 solves, residual 2.34 px, estimated
[WW] Exposure timestamp 4041849600 was more than 1.5 IMU samples earlier than IMU ts 4041851251 by 1651 µS
[II] frame-timing WMTD306Q701DEK: 300 frames, 0 missed exposure, diff avg -0.82 min -4.10 max 1.82 ms
[II] HMD obs quality: full(strong+ids) 300 ids-verified 0 strong 0 prior-agree 0 reacquire 0 rejected 0 | flags: led-ids 300 strong 300
[II] Device 0: joint reconstruction 36901 solved, 1 rejected, 37580 single-camera (0 observations arrived too late to count)
[II] frame-timing WMTD3052400VZL: 300 frames, 0 missed exposure, diff avg -0.89 min -4.02 max 1.77 ms
[II] sensor 1 calibration feed: 41401 offered, 31362 passed - rejected 0 for LED ids, 10039 for too few blobs (<10), 0 for error
[WW] Exposure timestamp 4044441600 was more than 1.5 IMU samples earlier than IMU ts 4044443735 by 2135 µS
[WW] Exposure timestamp 4045075200 was more than 1.5 IMU samples earlier than IMU ts 4045076832 by 1632 µS
[II] HMD obs quality: full(strong+ids) 300 ids-verified 0 strong 0 prior-agree 0 reacquire 0 rejected 0 | flags: led-ids 300 strong 300
[II] sensor 0 calibration feed: 107101 offered, 22132 passed - rejected 0 for LED ids, 84969 for too few blobs (<10), 0 for error
[II] frame-timing WMTD306Q701DEK: 300 frames, 0 missed exposure, diff avg -0.88 min -3.94 max 1.88 ms
[II] HMD obs quality: full(strong+ids) 300 ids-verified 0 strong 0 prior-agree 0 reacquire 0 rejected 0 | flags: led-ids 300 strong 300
[II] Device 0: joint reconstruction 37201 solved, 1 rejected, 37880 single-camera (0 observations arrived too late to count)
[II] frame-timing WMTD3052400VZL: 300 frames, 0 missed exposure, diff avg -0.87 min -3.72 max 1.42 ms
[II] calib feed: 54001 observations offered (auto_calib 1, sensors 2, exposure_info yes, device 0)
[II] calib feed WMTD3052400VZL: 54001 obs, 18899 paired, history 192 over 7 viewpoints, 1180 solves, residual 2.34 px, estimated
[II] HMD obs quality: full(strong+ids) 300 ids-verified 0 strong 0 prior-agree 0 reacquire 0 rejected 0 | flags: led-ids 300 strong 300
[II] sensor 0 calibration feed: 108001 offered, 22432 passed - rejected 0 for LED ids, 85569 for too few blobs (<10), 0 for error
[II] frame-timing WMTD306Q701DEK: 300 frames, 0 missed exposure, diff avg -0.85 min -4.03 max 1.83 ms
[II] HMD obs quality: full(strong+ids) 300 ids-verified 0 strong 0 prior-agree 0 reacquire 0 rejected 0 | flags: led-ids 300 strong 300
[WW] Exposure timestamp 4054617600 was more than 1.5 IMU samples earlier than IMU ts 4054619342 by 1742 µS
[II] Device 0: joint reconstruction 37501 solved, 1 rejected, 38180 single-camera (0 observations arrived too late to count)
[II] frame-timing WMTD3052400VZL: 300 frames, 0 missed exposure, diff avg -0.85 min -4.22 max 1.66 ms
[II] HMD obs quality: full(strong+ids) 300 ids-verified 0 strong 0 prior-agree 0 reacquire 0 rejected 0 | flags: led-ids 300 strong 300
[II] sensor 0 calibration feed: 108901 offered, 22732 passed - rejected 0 for LED ids, 86169 for too few blobs (<10), 0 for error
[II] calib feed: 54901 observations offered (auto_calib 1, sensors 2, exposure_info yes, device 0)
[II] calib feed WMTD3052400VZL: 54901 obs, 19349 paired, history 192 over 7 viewpoints, 1208 solves, residual 2.34 px, estimated
[II] frame-timing WMTD306Q701DEK: 300 frames, 0 missed exposure, diff avg -0.92 min -3.82 max 1.58 ms
[II] HMD obs quality: full(strong+ids) 300 ids-verified 0 strong 0 prior-agree 0 reacquire 0 rejected 0 | flags: led-ids 300 strong 300
[II] Device 0: joint reconstruction 37801 solved, 1 rejected, 38480 single-camera (0 observations arrived too late to count)
[II] frame-timing WMTD3052400VZL: 300 frames, 0 missed exposure, diff avg -0.93 min -4.15 max 1.35 ms
[II] sensor 1 calibration feed: 42301 offered, 32262 passed - rejected 0 for LED ids, 10039 for too few blobs (<10), 0 for error
[II] HMD obs quality: full(strong+ids) 300 ids-verified 0 strong 0 prior-agree 0 reacquire 0 rejected 0 | flags: led-ids 300 strong 300
[II] sensor 0 calibration feed: 109801 offered, 23032 passed - rejected 0 for LED ids, 86769 for too few blobs (<10), 0 for error
[II] frame-timing WMTD306Q701DEK: 300 frames, 0 missed exposure, diff avg -0.88 min -3.93 max 1.81 ms
[II] HMD obs quality: full(strong+ids) 300 ids-verified 0 strong 0 prior-agree 0 reacquire 0 rejected 0 | flags: led-ids 300 strong 300
[II] Device 0: joint reconstruction 38101 solved, 1 rejected, 38780 single-camera (0 observations arrived too late to count)
[II] frame-timing WMTD3052400VZL: 300 frames, 0 missed exposure, diff avg -0.87 min -3.76 max 1.59 ms
[II] calib feed: 55801 observations offered (auto_calib 1, sensors 2, exposure_info yes, device 0)
[II] calib feed WMTD3052400VZL: 55801 obs, 19799 paired, history 192 over 7 viewpoints, 1236 solves, residual 2.34 px, estimated
[II] HMD obs quality: full(strong+ids) 300 ids-verified 0 strong 0 prior-agree 0 reacquire 0 rejected 0 | flags: led-ids 300 strong 300
[II] sensor 0 calibration feed: 110701 offered, 23332 passed - rejected 0 for LED ids, 87369 for too few blobs (<10), 0 for error
[WW] Exposure timestamp 4069017600 was more than 1.5 IMU samples earlier than IMU ts 4069019278 by 1678 µS
[II] frame-timing WMTD306Q701DEK: 300 frames, 0 missed exposure, diff avg -0.83 min -3.52 max 1.64 ms
[II] HMD obs quality: full(strong+ids) 300 ids-verified 0 strong 0 prior-agree 0 reacquire 0 rejected 0 | flags: led-ids 300 strong 300
[II] Device 0: joint reconstruction 38401 solved, 1 rejected, 39080 single-camera (0 observations arrived too late to count)
[II] frame-timing WMTD3052400VZL: 300 frames, 0 missed exposure, diff avg -0.85 min -3.48 max 1.34 ms
[WW] Exposure timestamp 4073740800 was more than 1.5 IMU samples earlier than IMU ts 4073742463 by 1663 µS
[II] HMD obs quality: full(strong+ids) 300 ids-verified 0 strong 0 prior-agree 0 reacquire 0 rejected 0 | flags: led-ids 300 strong 300
[II] sensor 0 calibration feed: 111601 offered, 23632 passed - rejected 0 for LED ids, 87969 for too few blobs (<10), 0 for error
[II] calib feed: 56701 observations offered (auto_calib 1, sensors 2, exposure_info yes, device 0)
[II] calib feed WMTD3052400VZL: 56701 obs, 20249 paired, history 192 over 7 viewpoints, 1264 solves, residual 2.34 px, estimated
[WW] Exposure timestamp 4076467200 was more than 1.5 IMU samples earlier than IMU ts 4076469189 by 1989 µS
[WW] Exposure timestamp 4076620800 was more than 1.5 IMU samples earlier than IMU ts 4076622455 by 1655 µS
[II] frame-timing WMTD306Q701DEK: 300 frames, 0 missed exposure, diff avg -0.90 min -4.76 max 1.66 ms
[II] HMD obs quality: full(strong+ids) 300 ids-verified 0 strong 0 prior-agree 0 reacquire 0 rejected 0 | flags: led-ids 300 strong 300
[II] Device 0: joint reconstruction 38701 solved, 1 rejected, 39380 single-camera (0 observations arrived too late to count)
[II] frame-timing WMTD3052400VZL: 300 frames, 0 missed exposure, diff avg -0.85 min -5.10 max 1.68 ms
[WW] Exposure timestamp 4078771200 was more than 1.5 IMU samples earlier than IMU ts 4078773183 by 1983 µS
[II] sensor 1 calibration feed: 43201 offered, 33162 passed - rejected 0 for LED ids, 10039 for too few blobs (<10), 0 for error
[II] HMD obs quality: full(strong+ids) 300 ids-verified 0 strong 0 prior-agree 0 reacquire 0 rejected 0 | flags: led-ids 300 strong 300
[II] sensor 0 calibration feed: 112501 offered, 23932 passed - rejected 0 for LED ids, 88569 for too few blobs (<10), 0 for error
[II] frame-timing WMTD306Q701DEK: 300 frames, 0 missed exposure, diff avg -0.87 min -3.85 max 1.31 ms
[II] HMD obs quality: full(strong+ids) 300 ids-verified 0 strong 0 prior-agree 0 reacquire 0 rejected 0 | flags: led-ids 300 strong 300
[II] Device 0: joint reconstruction 39001 solved, 1 rejected, 39680 single-camera (0 observations arrived too late to count)
[II] frame-timing WMTD3052400VZL: 300 frames, 0 missed exposure, diff avg -0.87 min -3.54 max 1.66 ms
[II] calib feed: 57601 observations offered (auto_calib 1, sensors 2, exposure_info yes, device 0)
[II] calib feed WMTD3052400VZL: 57601 obs, 20699 paired, history 192 over 7 viewpoints, 1292 solves, residual 2.34 px, estimated
[II] HMD obs quality: full(strong+ids) 300 ids-verified 0 strong 0 prior-agree 0 reacquire 0 rejected 0 | flags: led-ids 300 strong 300
[II] sensor 0 calibration feed: 113401 offered, 24232 passed - rejected 0 for LED ids, 89169 for too few blobs (<10), 0 for error
[II] frame-timing WMTD306Q701DEK: 300 frames, 0 missed exposure, diff avg -0.93 min -3.66 max 1.63 ms
[II] HMD obs quality: full(strong+ids) 300 ids-verified 0 strong 0 prior-agree 0 reacquire 0 rejected 0 | flags: led-ids 300 strong 300
[II] Device 0: joint reconstruction 39301 solved, 1 rejected, 39980 single-camera (0 observations arrived too late to count)
[II] frame-timing WMTD3052400VZL: 300 frames, 0 missed exposure, diff avg -0.94 min -3.62 max 2.12 ms
[II] HMD obs quality: full(strong+ids) 300 ids-verified 0 strong 0 prior-agree 0 reacquire 0 rejected 0 | flags: led-ids 300 strong 300
[II] sensor 0 calibration feed: 114301 offered, 24532 passed - rejected 0 for LED ids, 89769 for too few blobs (<10), 0 for error
[II] calib feed: 58501 observations offered (auto_calib 1, sensors 2, exposure_info yes, device 0)
[II] calib feed WMTD3052400VZL: 58501 obs, 21149 paired, history 192 over 7 viewpoints, 1320 solves, residual 2.34 px, estimated
[II] frame-timing WMTD306Q701DEK: 300 frames, 0 missed exposure, diff avg -0.89 min -3.47 max 1.74 ms
[II] HMD obs quality: full(strong+ids) 300 ids-verified 0 strong 0 prior-agree 0 reacquire 0 rejected 0 | flags: led-ids 300 strong 300
[II] Device 0: joint reconstruction 39601 solved, 1 rejected, 40280 single-camera (0 observations arrived too late to count)
[II] frame-timing WMTD3052400VZL: 300 frames, 0 missed exposure, diff avg -0.84 min -3.42 max 1.80 ms
[II] sensor 1 calibration feed: 44101 offered, 34062 passed - rejected 0 for LED ids, 10039 for too few blobs (<10), 0 for error
[II] HMD obs quality: full(strong+ids) 300 ids-verified 0 strong 0 prior-agree 0 reacquire 0 rejected 0 | flags: led-ids 300 strong 300
[II] sensor 0 calibration feed: 115201 offered, 24832 passed - rejected 0 for LED ids, 90369 for too few blobs (<10), 0 for error
[WW] Exposure timestamp 4098739200 was more than 1.5 IMU samples earlier than IMU ts 4098740824 by 1624 µS
[II] frame-timing WMTD306Q701DEK: 300 frames, 0 missed exposure, diff avg -0.86 min -3.78 max 1.72 ms
[II] HMD obs quality: full(strong+ids) 300 ids-verified 0 strong 0 prior-agree 0 reacquire 0 rejected 0 | flags: led-ids 300 strong 300
[II] Device 0: joint reconstruction 39901 solved, 1 rejected, 40580 single-camera (0 observations arrived too late to count)
[II] frame-timing WMTD3052400VZL: 300 frames, 0 missed exposure, diff avg -0.86 min -4.35 max 1.96 ms
[II] calib feed: 59401 observations offered (auto_calib 1, sensors 2, exposure_info yes, device 0)
[II] calib feed WMTD3052400VZL: 59401 obs, 21599 paired, history 192 over 7 viewpoints, 1348 solves, residual 2.35 px, estimated
[II] HMD obs quality: full(strong+ids) 300 ids-verified 0 strong 0 prior-agree 0 reacquire 0 rejected 0 | flags: led-ids 300 strong 300
[II] sensor 0 calibration feed: 116101 offered, 25132 passed - rejected 0 for LED ids, 90969 for too few blobs (<10), 0 for error
[II] frame-timing WMTD306Q701DEK: 300 frames, 0 missed exposure, diff avg -0.93 min -4.45 max 1.40 ms
[II] HMD obs quality: full(strong+ids) 300 ids-verified 0 strong 0 prior-agree 0 reacquire 0 rejected 0 | flags: led-ids 300 strong 300
[II] Device 0: joint reconstruction 40201 solved, 1 rejected, 40880 single-camera (0 observations arrived too late to count)
[II] frame-timing WMTD3052400VZL: 300 frames, 0 missed exposure, diff avg -0.97 min -5.68 max 1.98 ms
[II] HMD obs quality: full(strong+ids) 300 ids-verified 0 strong 0 prior-agree 0 reacquire 0 rejected 0 | flags: led-ids 300 strong 300
[II] sensor 0 calibration feed: 117001 offered, 25432 passed - rejected 0 for LED ids, 91569 for too few blobs (<10), 0 for error
[II] calib feed: 60301 observations offered (auto_calib 1, sensors 2, exposure_info yes, device 0)
[II] calib feed WMTD3052400VZL: 60301 obs, 22049 paired, history 192 over 7 viewpoints, 1377 solves, residual 2.34 px, estimated
[II] frame-timing WMTD306Q701DEK: 300 frames, 0 missed exposure, diff avg -0.91 min -5.04 max 1.81 ms
[II] HMD obs quality: full(strong+ids) 300 ids-verified 0 strong 0 prior-agree 0 reacquire 0 rejected 0 | flags: led-ids 300 strong 300
[II] Device 0: joint reconstruction 40501 solved, 1 rejected, 41180 single-camera (0 observations arrived too late to count)
[II] frame-timing WMTD3052400VZL: 300 frames, 0 missed exposure, diff avg -0.87 min -3.75 max 1.90 ms
[II] sensor 1 calibration feed: 45001 offered, 34962 passed - rejected 0 for LED ids, 10039 for too few blobs (<10), 0 for error
[II] HMD obs quality: full(strong+ids) 300 ids-verified 0 strong 0 prior-agree 0 reacquire 0 rejected 0 | flags: led-ids 300 strong 300
[II] sensor 0 calibration feed: 117901 offered, 25732 passed - rejected 0 for LED ids, 92169 for too few blobs (<10), 0 for error
[II] frame-timing WMTD306Q701DEK: 300 frames, 0 missed exposure, diff avg -0.87 min -4.10 max 2.02 ms
[II] HMD obs quality: full(strong+ids) 300 ids-verified 0 strong 0 prior-agree 0 reacquire 0 rejected 0 | flags: led-ids 300 strong 300
[II] Device 0: joint reconstruction 40801 solved, 1 rejected, 41480 single-camera (0 observations arrived too late to count)
[II] frame-timing WMTD3052400VZL: 300 frames, 0 missed exposure, diff avg -0.86 min -3.54 max 1.99 ms
[II] calib feed: 61201 observations offered (auto_calib 1, sensors 2, exposure_info yes, device 0)
[II] calib feed WMTD3052400VZL: 61201 obs, 22499 paired, history 192 over 7 viewpoints, 1405 solves, residual 2.34 px, estimated
[II] HMD obs quality: full(strong+ids) 300 ids-verified 0 strong 0 prior-agree 0 reacquire 0 rejected 0 | flags: led-ids 300 strong 300
[II] sensor 0 calibration feed: 118801 offered, 26032 passed - rejected 0 for LED ids, 92769 for too few blobs (<10), 0 for error
[II] frame-timing WMTD306Q701DEK: 300 frames, 0 missed exposure, diff avg -0.87 min -4.21 max 1.50 ms
[II] HMD obs quality: full(strong+ids) 300 ids-verified 0 strong 0 prior-agree 0 reacquire 0 rejected 0 | flags: led-ids 300 strong 300
[II] Device 0: joint reconstruction 41101 solved, 1 rejected, 41780 single-camera (0 observations arrived too late to count)
[II] frame-timing WMTD3052400VZL: 300 frames, 0 missed exposure, diff avg -0.84 min -3.93 max 1.55 ms
[WW] Exposure timestamp 4124275200 was more than 1.5 IMU samples earlier than IMU ts 4124277193 by 1993 µS
[WW] Exposure timestamp 4125465600 was more than 1.5 IMU samples earlier than IMU ts 4125467262 by 1662 µS
[II] HMD obs quality: full(strong+ids) 300 ids-verified 0 strong 0 prior-agree 0 reacquire 0 rejected 0 | flags: led-ids 300 strong 300
[II] sensor 0 calibration feed: 119701 offered, 26332 passed - rejected 0 for LED ids, 93369 for too few blobs (<10), 0 for error
[II] calib feed: 62101 observations offered (auto_calib 1, sensors 2, exposure_info yes, device 0)
[II] calib feed WMTD3052400VZL: 62101 obs, 22949 paired, history 192 over 7 viewpoints, 1433 solves, residual 2.35 px, estimated
[WW] Exposure timestamp 4128345600 was more than 1.5 IMU samples earlier than IMU ts 4128347272 by 1672 µS
[II] frame-timing WMTD306Q701DEK: 300 frames, 0 missed exposure, diff avg -0.87 min -3.54 max 1.73 ms
[II] HMD obs quality: full(strong+ids) 300 ids-verified 0 strong 0 prior-agree 0 reacquire 0 rejected 0 | flags: led-ids 300 strong 300
[II] Device 0: joint reconstruction 41401 solved, 1 rejected, 42080 single-camera (0 observations arrived too late to count)
[II] frame-timing WMTD3052400VZL: 300 frames, 0 missed exposure, diff avg -0.86 min -3.95 max 1.74 ms
[II] sensor 1 calibration feed: 45901 offered, 35862 passed - rejected 0 for LED ids, 10039 for too few blobs (<10), 0 for error
[WW] Exposure timestamp 4131225600 was more than 1.5 IMU samples earlier than IMU ts 4131227281 by 1681 µS
[II] HMD obs quality: full(strong+ids) 300 ids-verified 0 strong 0 prior-agree 0 reacquire 0 rejected 0 | flags: led-ids 300 strong 300
[II] sensor 0 calibration feed: 120601 offered, 26632 passed - rejected 0 for LED ids, 93969 for too few blobs (<10), 0 for error
[II] frame-timing WMTD306Q701DEK: 300 frames, 0 missed exposure, diff avg -0.90 min -3.35 max 1.62 ms
[II] HMD obs quality: full(strong+ids) 300 ids-verified 0 strong 0 prior-agree 0 reacquire 0 rejected 0 | flags: led-ids 300 strong 300
[II] Device 0: joint reconstruction 41701 solved, 1 rejected, 42380 single-camera (0 observations arrived too late to count)
[II] frame-timing WMTD3052400VZL: 300 frames, 0 missed exposure, diff avg -0.93 min -4.21 max 1.95 ms
[II] calib feed: 63001 observations offered (auto_calib 1, sensors 2, exposure_info yes, device 0)
[II] calib feed WMTD3052400VZL: 63001 obs, 23399 paired, history 192 over 7 viewpoints, 1461 solves, residual 2.34 px, estimated
[II] HMD obs quality: full(strong+ids) 300 ids-verified 0 strong 0 prior-agree 0 reacquire 0 rejected 0 | flags: led-ids 300 strong 300
[II] sensor 0 calibration feed: 121501 offered, 26932 passed - rejected 0 for LED ids, 94569 for too few blobs (<10), 0 for error
[II] frame-timing WMTD306Q701DEK: 300 frames, 0 missed exposure, diff avg -0.95 min -5.56 max 1.35 ms
[II] HMD obs quality: full(strong+ids) 300 ids-verified 0 strong 0 prior-agree 0 reacquire 0 rejected 0 | flags: led-ids 300 strong 300
[II] Device 0: joint reconstruction 42001 solved, 1 rejected, 42680 single-camera (0 observations arrived too late to count)
[II] frame-timing WMTD3052400VZL: 300 frames, 0 missed exposure, diff avg -0.91 min -4.43 max 1.43 ms
[WW] Exposure timestamp 4142515200 was more than 1.5 IMU samples earlier than IMU ts 4142516930 by 1730 µS
[II] HMD obs quality: full(strong+ids) 300 ids-verified 0 strong 0 prior-agree 0 reacquire 0 rejected 0 | flags: led-ids 300 strong 300
[II] sensor 0 calibration feed: 122401 offered, 27232 passed - rejected 0 for LED ids, 95169 for too few blobs (<10), 0 for error
[II] calib feed: 63901 observations offered (auto_calib 1, sensors 2, exposure_info yes, device 0)
[II] calib feed WMTD3052400VZL: 63901 obs, 23849 paired, history 192 over 7 viewpoints, 1489 solves, residual 2.34 px, estimated
[II] frame-timing WMTD306Q701DEK: 300 frames, 0 missed exposure, diff avg -0.89 min -4.41 max 1.86 ms
[II] HMD obs quality: full(strong+ids) 300 ids-verified 0 strong 0 prior-agree 0 reacquire 0 rejected 0 | flags: led-ids 300 strong 300
[II] Device 0: joint reconstruction 42301 solved, 1 rejected, 42980 single-camera (0 observations arrived too late to count)
[II] frame-timing WMTD3052400VZL: 300 frames, 0 missed exposure, diff avg -0.87 min -3.78 max 2.08 ms
[II] sensor 1 calibration feed: 46801 offered, 36762 passed - rejected 0 for LED ids, 10039 for too few blobs (<10), 0 for error
[WW] Exposure timestamp 4148160000 was more than 1.5 IMU samples earlier than IMU ts 4148161756 by 1756 µS
[WW] Exposure timestamp 4148620800 was more than 1.5 IMU samples earlier than IMU ts 4148622566 by 1766 µS
[WW] Exposure timestamp 4148985600 was more than 1.5 IMU samples earlier than IMU ts 4148987194 by 1594 µS
[WW] Exposure timestamp 4149196800 was more than 1.5 IMU samples earlier than IMU ts 4149198562 by 1762 µS
[II] HMD obs quality: full(strong+ids) 300 ids-verified 0 strong 0 prior-agree 0 reacquire 0 rejected 0 | flags: led-ids 300 strong 300
[II] sensor 0 calibration feed: 123301 offered, 27532 passed - rejected 0 for LED ids, 95769 for too few blobs (<10), 0 for error
[WW] Exposure timestamp 4150944000 was more than 1.5 IMU samples earlier than IMU ts 4150945605 by 1605 µS
[II] frame-timing WMTD306Q701DEK: 300 frames, 0 missed exposure, diff avg -0.93 min -4.02 max 1.53 ms
[II] HMD obs quality: full(strong+ids) 300 ids-verified 0 strong 0 prior-agree 0 reacquire 0 rejected 0 | flags: led-ids 300 strong 300
[II] Device 0: joint reconstruction 42601 solved, 1 rejected, 43280 single-camera (0 observations arrived too late to count)
[II] frame-timing WMTD3052400VZL: 300 frames, 0 missed exposure, diff avg -0.92 min -4.13 max 1.75 ms
[II] calib feed: 64801 observations offered (auto_calib 1, sensors 2, exposure_info yes, device 0)
[II] calib feed WMTD3052400VZL: 64801 obs, 24299 paired, history 192 over 7 viewpoints, 1517 solves, residual 2.34 px, estimated
[II] HMD obs quality: full(strong+ids) 300 ids-verified 0 strong 0 prior-agree 0 reacquire 0 rejected 0 | flags: led-ids 300 strong 300
[II] sensor 0 calibration feed: 124201 offered, 27832 passed - rejected 0 for LED ids, 96369 for too few blobs (<10), 0 for error
[WW] Exposure timestamp 4157049600 was more than 1.5 IMU samples earlier than IMU ts 4157051242 by 1642 µS
[II] frame-timing WMTD306Q701DEK: 300 frames, 0 missed exposure, diff avg -0.88 min -4.08 max 1.88 ms
[II] HMD obs quality: full(strong+ids) 300 ids-verified 0 strong 0 prior-agree 0 reacquire 0 rejected 0 | flags: led-ids 300 strong 300
[II] Device 0: joint reconstruction 42901 solved, 1 rejected, 43580 single-camera (0 observations arrived too late to count)
[II] frame-timing WMTD3052400VZL: 300 frames, 0 missed exposure, diff avg -0.90 min -4.08 max 1.42 ms
[II] HMD obs quality: full(strong+ids) 300 ids-verified 0 strong 0 prior-agree 0 reacquire 0 rejected 0 | flags: led-ids 300 strong 300
[II] sensor 0 calibration feed: 125101 offered, 28132 passed - rejected 0 for LED ids, 96969 for too few blobs (<10), 0 for error
[WW] Exposure timestamp 4161081600 was more than 1.5 IMU samples earlier than IMU ts 4161083268 by 1668 µS
[WW] Exposure timestamp 4161273600 was more than 1.5 IMU samples earlier than IMU ts 4161275649 by 2049 µS
[II] calib feed: 65701 observations offered (auto_calib 1, sensors 2, exposure_info yes, device 0)
[II] calib feed WMTD3052400VZL: 65701 obs, 24749 paired, history 192 over 7 viewpoints, 1545 solves, residual 2.34 px, estimated
[WW] Exposure timestamp 4163174400 was more than 1.5 IMU samples earlier than IMU ts 4163175915 by 1515 µS
[II] frame-timing WMTD306Q701DEK: 300 frames, 0 missed exposure, diff avg -0.91 min -3.47 max 1.62 ms
[II] HMD obs quality: full(strong+ids) 300 ids-verified 0 strong 0 prior-agree 0 reacquire 0 rejected 0 | flags: led-ids 300 strong 300
[WW] Exposure timestamp 4164096000 was more than 1.5 IMU samples earlier than IMU ts 4164097522 by 1522 µS
[II] Device 0: joint reconstruction 43201 solved, 1 rejected, 43880 single-camera (0 observations arrived too late to count)
[II] frame-timing WMTD3052400VZL: 300 frames, 0 missed exposure, diff avg -0.91 min -3.55 max 1.54 ms
[II] sensor 1 calibration feed: 47701 offered, 37662 passed - rejected 0 for LED ids, 10039 for too few blobs (<10), 0 for error
[WW] Exposure timestamp 4165708800 was more than 1.5 IMU samples earlier than IMU ts 4165710333 by 1533 µS
[II] HMD obs quality: full(strong+ids) 300 ids-verified 0 strong 0 prior-agree 0 reacquire 0 rejected 0 | flags: led-ids 300 strong 300
[II] sensor 0 calibration feed: 126001 offered, 28432 passed - rejected 0 for LED ids, 97569 for too few blobs (<10), 0 for error
[WW] Exposure timestamp 4166745600 was more than 1.5 IMU samples earlier than IMU ts 4166747141 by 1541 µS
[II] frame-timing WMTD306Q701DEK: 300 frames, 0 missed exposure, diff avg -0.94 min -6.04 max 1.32 ms
[II] HMD obs quality: full(strong+ids) 300 ids-verified 0 strong 0 prior-agree 0 reacquire 0 rejected 0 | flags: led-ids 300 strong 300
[II] Device 0: joint reconstruction 43501 solved, 1 rejected, 44180 single-camera (0 observations arrived too late to count)
[II] frame-timing WMTD3052400VZL: 300 frames, 0 missed exposure, diff avg -0.91 min -7.27 max 1.55 ms
[WW] Exposure timestamp 4170835200 was more than 1.5 IMU samples earlier than IMU ts 4170837319 by 2119 µS
[II] calib feed: 66601 observations offered (auto_calib 1, sensors 2, exposure_info yes, device 0)
[II] calib feed WMTD3052400VZL: 66601 obs, 25199 paired, history 192 over 7 viewpoints, 1573 solves, residual 2.34 px, estimated
[WW] Exposure timestamp 4172025600 was more than 1.5 IMU samples earlier than IMU ts 4172027348 by 1748 µS
[II] HMD obs quality: full(strong+ids) 300 ids-verified 0 strong 0 prior-agree 0 reacquire 0 rejected 0 | flags: led-ids 300 strong 300
[II] sensor 0 calibration feed: 126901 offered, 28732 passed - rejected 0 for LED ids, 98169 for too few blobs (<10), 0 for error
[II] frame-timing WMTD306Q701DEK: 300 frames, 0 missed exposure, diff avg -0.90 min -4.00 max 1.93 ms
[II] HMD obs quality: full(strong+ids) 300 ids-verified 0 strong 0 prior-agree 0 reacquire 0 rejected 0 | flags: led-ids 300 strong 300
[WW] Exposure timestamp 4175385600 was more than 1.5 IMU samples earlier than IMU ts 4175387208 by 1608 µS
[II] Device 0: joint reconstruction 43801 solved,crash_20260730234349_5.dmp[40250]: Uploading dump (out-of-process)
/tmp/dumps/crash_20260730234349_5.dmp
crash_20260730234349_6.dmp[40255]: Uploading dump (out-of-process)
/tmp/dumps/crash_20260730234349_6.dmp
crash_20260730234349_7.dmp[40260]: Uploading dump (out-of-process)
/tmp/dumps/crash_20260730234349_7.dmp
crash_20260730234349_8.dmp[40269]: Uploading dump (out-of-process)
/tmp/dumps/crash_20260730234349_8.dmp
crash_20260730234349_9.dmp[40281]: Uploading dump (out-of-process)
/tmp/dumps/crash_20260730234349_9.dmp
crash_20260730234349_10.dmp[40286]: Uploading dump (out-of-process)
/tmp/dumps/crash_20260730234349_10.dmp
crash_20260730234349_11.dmp[40291]: Uploading dump (out-of-process)
/tmp/dumps/crash_20260730234349_11.dmp
crash_20260730234349_12.dmp[40296]: Uploading dump (out-of-process)
/tmp/dumps/crash_20260730234349_12.dmp
crash_20260730234349_13.dmp[40301]: Uploading dump (out-of-process)
/tmp/dumps/crash_20260730234349_13.dmp
crash_20260730234349_14.dmp[40306]: Uploading dump (out-of-process)
/tmp/dumps/crash_20260730234349_14.dmp
crash_20260730234349_15.dmp[40312]: Uploading dump (out-of-process)
/tmp/dumps/crash_20260730234349_15.dmp
crash_20260730234350_16.dmp[40320]: Uploading dump (out-of-process)
/tmp/dumps/crash_20260730234350_16.dmp
crash_20260730234350_17.dmp[40325]: Uploading dump (out-of-process)
/tmp/dumps/crash_20260730234350_17.dmp
crash_20260730234349_5.dmp[40250]: Finished uploading minidump (out-of-process): success = yes
crash_20260730234349_5.dmp[40250]: response: CrashID=bp-d6c90806-b15c-499f-83b4-2f8592260730
crash_20260730234349_5.dmp[40250]: file ''/tmp/dumps/crash_20260730234349_5.dmp'', upload yes: ''CrashID=bp-d6c90806-b15c-499f-83b4-2f8592260730''
crash_20260730234349_7.dmp[40260]: Finished uploading minidump (out-of-process): success = yes
crash_20260730234349_7.dmp[40260]: response: CrashID=bp-44e121ac-5428-4da0-98ba-984152260730
crash_20260730234349_7.dmp[40260]: file ''/tmp/dumps/crash_20260730234349_7.dmp'', upload yes: ''CrashID=bp-44e121ac-5428-4da0-98ba-984152260730''
crash_20260730234349_6.dmp[40255]: Finished uploading minidump (out-of-process): success = yes
crash_20260730234349_6.dmp[40255]: response: CrashID=bp-72cf585d-4fe8-45b4-9c10-8df332260730
crash_20260730234349_6.dmp[40255]: file ''/tmp/dumps/crash_20260730234349_6.dmp'', upload yes: ''CrashID=bp-72cf585d-4fe8-45b4-9c10-8df332260730''
crash_20260730234349_8.dmp[40269]: Finished uploading minidump (out-of-process): success = yes
crash_20260730234349_8.dmp[40269]: response: CrashID=bp-d56caa77-29da-4d2e-8f6d-d99c92260730
crash_20260730234349_8.dmp[40269]: file ''/tmp/dumps/crash_20260730234349_8.dmp'', upload yes: ''CrashID=bp-d56caa77-29da-4d2e-8f6d-d99c92260730''
crash_20260730234350_17.dmp[40325]: Finished uploading minidump (out-of-process): success = yes
crash_20260730234350_17.dmp[40325]: response: CrashID=bp-ebb79328-f03a-40cc-92a6-1a52c2260730
crash_20260730234350_17.dmp[40325]: file ''/tmp/dumps/crash_20260730234350_17.dmp'', upload yes: ''CrashID=bp-ebb79328-f03a-40cc-92a6-1a52c2260730''
crash_20260730234349_9.dmp[40281]: Finished uploading minidump (out-of-process): success = yes
crash_20260730234349_9.dmp[40281]: response: CrashID=bp-0b301c7d-ee2c-402e-8d16-6141e2260730
crash_20260730234349_9.dmp[40281]: file ''/tmp/dumps/crash_20260730234349_9.dmp'', upload yes: ''CrashID=bp-0b301c7d-ee2c-402e-8d16-6141e2260730''
crash_20260730234349_10.dmp[40286]: Finished uploading minidump (out-of-process): success = yes
crash_20260730234349_10.dmp[40286]: response: CrashID=bp-4756de47-9ac6-4faf-b9b9-a21f02260730
crash_20260730234349_10.dmp[40286]: file ''/tmp/dumps/crash_20260730234349_10.dmp'', upload yes: ''CrashID=bp-4756de47-9ac6-4faf-b9b9-a21f02260730''
crash_20260730234349_13.dmp[40301]: Finished uploading minidump (out-of-process): success = yes
crash_20260730234349_13.dmp[40301]: response: CrashID=bp-a88b9851-b7f4-4b39-8afc-162262260730
crash_20260730234349_13.dmp[40301]: file ''/tmp/dumps/crash_20260730234349_13.dmp'', upload yes: ''CrashID=bp-a88b9851-b7f4-4b39-8afc-162262260730''
crash_20260730234349_11.dmp[40291]: Finished uploading minidump (out-of-process): success = yes
crash_20260730234349_11.dmp[40291]: response: CrashID=bp-1ec813c9-b182-4909-8099-241022260730
crash_20260730234349_11.dmp[40291]: file ''/tmp/dumps/crash_20260730234349_11.dmp'', upload yes: ''CrashID=bp-1ec813c9-b182-4909-8099-241022260730''
crash_20260730234349_15.dmp[40312]: Finished uploading minidump (out-of-process): success = yes
crash_20260730234349_15.dmp[40312]: response: CrashID=bp-68126faa-b661-4f96-b306-bbb4b2260730
crash_20260730234349_15.dmp[40312]: file ''/tmp/dumps/crash_20260730234349_15.dmp'', upload yes: ''CrashID=bp-68126faa-b661-4f96-b306-bbb4b2260730''
crash_20260730234349_12.dmp[40296]: Finished uploading minidump (out-of-process): success = yes
crash_20260730234349_12.dmp[40296]: response: CrashID=bp-f001e083-c807-44d7-83bb-e1e4d2260730
crash_20260730234349_12.dmp[40296]: file ''/tmp/dumps/crash_20260730234349_12.dmp'', upload yes: ''CrashID=bp-f001e083-c807-44d7-83bb-e1e4d2260730''
crash_20260730234350_16.dmp[40320]: Finished uploading minidump (out-of-process): success = yes
crash_20260730234350_16.dmp[40320]: response: CrashID=bp-a2e86d65-470b-4158-ab54-3330d2260730
crash_20260730234350_16.dmp[40320]: file ''/tmp/dumps/crash_20260730234350_16.dmp'', upload yes: ''CrashID=bp-a2e86d65-470b-4158-ab54-3330d2260730''
libpng warning: iCCP: known incorrect sRGB profile
libpng warning: iCCP: known incorrect sRGB profile
crash_20260730234349_14.dmp[40306]: Finished uploading minidump (out-of-process): success = yes
crash_20260730234349_14.dmp[40306]: response: CrashID=bp-8d84307c-5fba-413f-bcfb-7f6fb2260730
crash_20260730234349_14.dmp[40306]: file ''/tmp/dumps/crash_20260730234349_14.dmp'', upload yes: ''CrashID=bp-8d84307c-5fba-413f-bcfb-7f6fb2260730''
Destroy() is failed!!
