+++ dirname /home/mia/.local/share/Steam/steamapps/common/SteamVR/bin/vrmonitor.sh
++ cd /home/mia/.local/share/Steam/steamapps/common/SteamVR/bin/
++ pwd
+ VRBINDIR=/home/mia/.local/share/Steam/steamapps/common/SteamVR/bin
+ [[ -n '' ]]
+ exec /home/mia/.local/share/Steam/steamapps/common/SteamVR/bin/vrenv.sh /home/mia/.local/share/Steam/steamapps/common/SteamVR/bin/vrmonitor.sh
vrenv.sh[26249]: VRCOMPOSITOR_LD_LIBRARY_PATH=/home/mia/git/rift-cv1-center:/home/mia/.local/share/Steam/steamapps/common/SteamVR/bin/linux64/qt/lib:/home/mia/.local/share/Steam/steamapps/common/SteamVR/bin/linux64
vrenv.sh[26249]: exec /home/mia/.local/share/Steam/steamapps/common/SteamVR/bin/vrmonitor.sh
+++ dirname /home/mia/.local/share/Steam/steamapps/common/SteamVR/bin/vrmonitor.sh
++ cd /home/mia/.local/share/Steam/steamapps/common/SteamVR/bin/
++ pwd
+ VRBINDIR=/home/mia/.local/share/Steam/steamapps/common/SteamVR/bin
+ [[ -n /home/mia/.local/share/Steam/steamapps/common/SteamVR/bin/vrenv.sh ]]
+ case $(uname) in
++ uname
+ VRMONITOR=/home/mia/.local/share/Steam/steamapps/common/SteamVR/bin/linux64/vrmonitor
+ exec /home/mia/.local/share/Steam/steamapps/common/SteamVR/bin/linux64/vrmonitor
Using breakpad crash handler
Setting breakpad minidump AppID = 250820
Forcing breakpad minidump interfaces to load
Looking up breakpad interfaces from steamclient
Calling BreakpadMiniDumpSystemInit
07/30 20:53:33 minidumps folder is set to /tmp/dumps
07/30 20:53:33 Init: Installing breakpad exception handler for appid(250820)/version(2.16.7)/tid(26249)
static QPlatformTheme* QKdeTheme::createKdeTheme(): Unable to determine KDE dirs
sh: line 1: steamxdg-icon-resource: command not found
sh: line 1: steam-runtime-launch-client: command not found
QObject::connect: No such slot CQVRMonitorController::OnStartRecordingAction() in /data/src/vrmonitor/qvrmonitorcontroller.cpp:1112
QObject::connect: No such slot CQVRMonitorController::OnStopRecordingAction() in /data/src/vrmonitor/qvrmonitorcontroller.cpp:1115
libpng warning: iCCP: known incorrect sRGB profile
libpng warning: iCCP: known incorrect sRGB profile
libpng warning: iCCP: known incorrect sRGB profile
libpng warning: iCCP: known incorrect sRGB profile
libpng warning: iCCP: known incorrect sRGB profile
libpng warning: iCCP: known incorrect sRGB profile
libpng warning: iCCP: known incorrect sRGB profile
libpng warning: iCCP: known incorrect sRGB profile
libpng warning: iCCP: known incorrect sRGB profile
libpng warning: iCCP: known incorrect sRGB profile
libpng warning: iCCP: known incorrect sRGB profile
libpng warning: iCCP: known incorrect sRGB profile
libpng warning: iCCP: known incorrect sRGB profile
libpng warning: iCCP: known incorrect sRGB profile
libpng warning: iCCP: known incorrect sRGB profile
libpng warning: iCCP: known incorrect sRGB profile
libpng warning: iCCP: known incorrect sRGB profile
libpng warning: iCCP: known incorrect sRGB profile
libpng warning: iCCP: known incorrect sRGB profile
libpng warning: iCCP: known incorrect sRGB profile
libpng warning: iCCP: known incorrect sRGB profile
libpng warning: iCCP: known incorrect sRGB profile
libpng warning: iCCP: known incorrect sRGB profile
libpng warning: iCCP: known incorrect sRGB profile
libpng warning: iCCP: known incorrect sRGB profile
libpng warning: iCCP: known incorrect sRGB profile
libpng warning: iCCP: known incorrect sRGB profile
libpng warning: iCCP: known incorrect sRGB profile
CQVRMonitorHeadsetWarning(0x557b5d2f6fd0)  does not have a property named  "green_color"
CQVRMonitorHeadsetWarning(0x557b5d2f6fd0)  does not have a property named  "red_color"
Using breakpad crash handler
Setting breakpad minidump AppID = 250820
Forcing breakpad minidump interfaces to load
Looking up breakpad interfaces from steamclient
Calling BreakpadMiniDumpSystemInit
07/30 20:53:33 minidumps folder is set to /tmp/dumps
07/30 20:53:33 Init: Installing breakpad exception handler for appid(250820)/version(2.16.7)/tid(26358)
[S_API] SteamAPI_Init(): Loaded '/home/mia/.local/share/Steam/linux64/steamclient.so' OK.
VR Server (v1781734990)

Looking up breakpad interfaces from steamclient
Calling BreakpadMiniDumpSystemInit
SteamInternal_SetMinidumpSteamID:  Caching Steam ID:  76561198428899653 [API loaded yes]
SteamInternal_SetMinidumpSteamID:  Setting Steam ID:  76561198428899653
assert_20260730205334_4.dmp[26377]: Uploading dump (out-of-process)
/tmp/dumps/assert_20260730205334_4.dmp
[II] HMD IMU calibration  gyro_offset [ -0.003900, 0.001300, 0.001100 ]  accel_offset [ 0.108000, -0.305600, 0.024900 ]
[II]   gyro_calib = 
[II]   [    0.999,    0.005,   -0.021 ]
[II]   [    0.004,    1.000,   -0.007 ]
[II]   [    0.008,    0.038,    0.999 ]
[II]   accel_calib = 
[II]   [    1.021,    0.001,   -0.018 ]
[II]   [    0.001,    1.037,    0.022 ]
[II]   [    0.004,   -0.005,    0.963 ]
[II] CV1 display config: brightness=0 flags=0x400 persistence=273/1472 rows
[II] Using 34 visor LEDs; dropped 10 headband LEDs (not tracked as a separate body yet - the headset is only trackable from the front)
LED model: HMD LEDs
{ .pos = {0.062939,-0.032042,0.067541}, .dir={0.181956,-0.102972,0.977900}, .pattern=0x1 },
{ .pos = {0.077151,0.000993,0.065562}, .dir={0.299055,0.001984,0.954234}, .pattern=0x6 },
{ .pos = {0.028983,-0.019018,0.073518}, .dir={0.082983,-0.096960,0.991823}, .pattern=0x1a },
{ .pos = {-0.000097,-0.033045,0.072449}, .dir={0.000000,-0.188028,0.982164}, .pattern=0x1d },
{ .pos = {-0.028998,-0.019144,0.073384}, .dir={-0.082983,-0.096960,0.991823}, .pattern=0x28 },
{ .pos = {-0.063022,-0.032156,0.067359}, .dir={-0.181956,-0.102972,0.977900}, .pattern=0x2f },
{ .pos = {-0.077078,0.000964,0.065342}, .dir={-0.299055,0.001984,0.954234}, .pattern=0x33 },
{ .pos = {-0.054039,0.034440,0.068623}, .dir={-0.140969,0.134957,0.980772}, .pattern=0x4b },
{ .pos = {-0.020202,0.017950,0.074224}, .dir={-0.056979,0.095951,0.993754}, .pattern=0x4c },
{ .pos = {0.053973,0.034595,0.069160}, .dir={0.140969,0.134957,0.980772}, .pattern=0x57 },
{ .pos = {0.020062,0.018061,0.074368}, .dir={0.056979,0.095951,0.993754}, .pattern=0x62 },
{ .pos = {-0.078856,-0.011904,0.028395}, .dir={-0.993057,-0.099980,-0.061984}, .pattern=0x65 },
{ .pos = {-0.077293,-0.012335,-0.008668}, .dir={-0.981566,-0.188915,-0.028963}, .pattern=0x79 },
{ .pos = {-0.070740,-0.031349,0.010284}, .dir={-0.734056,-0.668042,-0.121987}, .pattern=0x7e },
{ .pos = {-0.059124,-0.040984,0.036314}, .dir={-0.153997,-0.983099,-0.099003}, .pattern=0x90 },
{ .pos = {0.058835,-0.040830,0.035942}, .dir={0.153997,-0.983099,-0.099003}, .pattern=0xa4 },
{ .pos = {0.028165,-0.043453,0.061352}, .dir={-0.004975,-0.998636,-0.051974}, .pattern=0x114 },
{ .pos = {-0.080319,-0.024476,0.053355}, .dir={-0.947594,-0.225904,-0.225904}, .pattern=0x151 },
{ .pos = {-0.027992,-0.043610,0.061432}, .dir={0.004975,-0.998636,-0.051974}, .pattern=0x183 },
{ .pos = {0.070561,-0.031850,0.009988}, .dir={0.734056,-0.668042,-0.121987}, .pattern=0x18c },
{ .pos = {0.077672,-0.012729,-0.008828}, .dir={0.981566,-0.188915,-0.028963}, .pattern=0x199 },
{ .pos = {0.079252,-0.012425,0.027945}, .dir={0.993057,-0.099980,-0.061984}, .pattern=0x1aa },
{ .pos = {0.080678,-0.024862,0.053475}, .dir={0.947594,-0.225904,-0.225904}, .pattern=0x1b5 },
{ .pos = {-0.029139,0.043728,0.057487}, .dir={-0.004975,0.999980,0.003998}, .pattern=0x1c0 },
{ .pos = {-0.078382,0.029385,0.053600}, .dir={-0.871752,0.428856,-0.236921}, .pattern=0x1cf },
{ .pos = {0.072131,0.030937,0.000022}, .dir={0.816019,0.577024,-0.033998}, .pattern=0x1d6 },
{ .pos = {0.067042,0.037833,0.030095}, .dir={0.526908,0.847875,-0.058962}, .pattern=0x1e9 },
{ .pos = {0.078260,0.029513,0.053292}, .dir={0.871752,0.428856,-0.236921}, .pattern=0x1f3 },
{ .pos = {0.028896,0.043669,0.057676}, .dir={0.004975,0.999980,0.003998}, .pattern=0x1fc },
{ .pos = {-0.067240,0.037555,0.029876}, .dir={-0.526908,0.847875,-0.058962}, .pattern=0x230 },
{ .pos = {-0.072200,0.030241,0.000120}, .dir={-0.816019,0.577024,-0.033998}, .pattern=0x252 },
{ .pos = {-0.041120,0.043276,0.023325}, .dir={-0.041995,0.999110,-0.003998}, .pattern=0x282 },
{ .pos = {0.000159,0.043811,0.033423}, .dir={0.005982,0.999932,0.009980}, .pattern=0x285 },
{ .pos = {0.041085,0.043260,0.023553}, .dir={0.041995,0.999110,-0.003998}, .pattern=0x29b },
Opened Rift Sensor 0 w/ Serial WMTD306Q701DEK. Connecting to Radio address 0x11563cc989
[II] camera width 1280 height 960
[II] f = [ 716.935 716.935 ], c = [ 661.864 469.517 ]
[II] k = [  0.070819 -0.023264  0.005108 -0.000523 ]
[II] Calibration capture enabled -assert_20260730205334_4.dmp[26377]: Finished uploading minidump (out-of-process): success = yes
assert_20260730205334_4.dmp[26377]: response: CrashID=bp-313d7d09-eb46-44f9-9296-eca2a2260730
assert_20260730205334_4.dmp[26377]: file ''/tmp/dumps/assert_20260730205334_4.dmp'', upload yes: ''CrashID=bp-313d7d09-eb46-44f9-9296-eca2a2260730''
vrcompositor-launcher.sh[26430]: Relaunch under scout LDLP runtime.
vrcompositor-launcher.sh[26430]: exec /home/mia/.steam/root/ubuntu12_32/steam-runtime/run.sh /home/mia/.local/share/Steam/steamapps/common/SteamVR/bin/linux64/vrcompositor-launcher.sh
vrcompositor-launcher.sh[26430]: Detected scout LDLP runtime.
Using breakpad crash handler
Setting breakpad minidump AppID = 250820
Forcing breakpad minidump interfaces to load
libpng warning: iCCP: known incorrect sRGB profile
libpng warning: iCCP: known incorrect sRGB profile
libpng warning: iCCP: known incorrect sRGB profile
libpng warning: iCCP: known incorrect sRGB profile
Looking up breakpad interfaces from steamclient
Calling BreakpadMiniDumpSystemInit
07/30 20:53:38 minidumps folder is set to /tmp/dumps
07/30 20:53:38 Init: Installing breakpad exception handler for appid(250820)/version(2.16.7)/tid(26477)
[S_API] SteamAPI_Init(): Loaded '/home/mia/.local/share/Steam/linux64/steamclient.so' OK.
Initialize() is failed!!!
Looking up breakpad interfaces from steamclient
Calling BreakpadMiniDumpSystemInit
SteamInternal_SetMinidumpSteamID:  Caching Steam ID:  76561198428899653 [API loaded yes]
SteamInternal_SetMinidumpSteamID:  Setting Steam ID:  76561198428899653
[S_API] SteamAPI_Init(): Loaded '/home/mia/.local/share/Steam/linux64/steamclient.so' OK.
Looking up breakpad interfaces from steamclient
Calling BreakpadMiniDumpSystemInit
SteamInternal_SetMinidumpSteamID:  Caching Steam ID:  76561198428899653 [API loaded yes]
SteamInternal_SetMinidumpSteamID:  Setting Steam ID:  76561198428899653
Using breakpad crash handler
Setting breakpad minidump AppID = 250820
Forcing breakpad minidump interfaces to load
Looking up breakpad interfaces from steamclient
Calling BreakpadMiniDumpSystemInit
07/30 20:53:38 minidumps folder is set to /tmp/dumps
07/30 20:53:38 Init: Installing breakpad exception handler for appid(250820)/version(2.16.7)/tid(26480)
qt.network.ssl: QSslSocket: cannot resolve CRYPTO_num_locks
qt.network.ssl: QSslSocket: cannot resolve CRYPTO_set_id_callback
qt.network.ssl: QSslSocket: cannot resolve CRYPTO_set_locking_callback
qt.network.ssl: QSslSocket: cannot resolve ERR_free_strings
qt.network.ssl: QSslSocket: cannot resolve sk_new_null
qt.network.ssl: QSslSocket: cannot resolve sk_push
qt.network.ssl: QSslSocket: cannot resolve sk_free
qt.network.ssl: QSslSocket: cannot resolve sk_num
qt.network.ssl: QSslSocket: cannot resolve sk_pop_free
qt.network.ssl: QSslSocket: cannot resolve sk_value
qt.network.ssl: QSslSocket: cannot resolve SSL_get_peer_certificate
qt.network.ssl: QSslSocket: cannot resolve SSL_library_init
qt.network.ssl: QSslSocket: cannot resolve SSL_load_error_strings
qt.network.ssl: QSslSocket: cannot resolve SSL_get_ex_new_index
qt.network.ssl: QSslSocket: cannot resolve SSLv2_client_method
qt.network.ssl: QSslSocket: cannot resolve SSLv3_client_method
qt.network.ssl: QSslSocket: cannot resolve SSLv23_client_method
qt.network.ssl: QSslSocket: cannot resolve SSLv2_server_method
qt.network.ssl: QSslSocket: cannot resolve SSLv3_server_method
qt.network.ssl: QSslSocket: cannot resolve SSLv23_server_method
qt.network.ssl: QSslSocket: cannot resolve X509_STORE_CTX_get_chain
qt.network.ssl: QSslSocket: cannot resolve OPENSSL_add_all_algorithms_noconf
qt.network.ssl: QSslSocket: cannot resolve OPENSSL_add_all_algorithms_conf
qt.network.ssl: QSslSocket: cannot resolve SSLeay
qt.network.ssl: QSslSocket: cannot resolve SSLeay_version
qt.network.ssl: QSslSocket: cannot call unresolved function SSLeay
qt.network.ssl: QSslSocket: cannot call unresolved function CRYPTO_num_locks
qt.network.ssl: QSslSocket: cannot call unresolved function CRYPTO_set_id_callback
qt.network.ssl: QSslSocket: cannot call unresolved function CRYPTO_set_locking_callback
qt.network.ssl: QSslSocket: cannot call unresolved function SSL_library_init
qt.network.ssl: QSslSocket: cannot call unresolved function SSLv23_client_method
qt.network.ssl: QSslSocket: cannot call unresolved function sk_num
[0730/205338.366617:ERROR:check.cc(376)] Check failed: false. NOTREACHED log messages are omitted in official builds. Sorry!
Using breakpad crash handler
Using breakpad crash handler
Setting breakpad minidump AppID = 250820
Setting breakpad minidump AppID = 250820
Forcing breakpad minidump interfaces to load
Forcing breakpad minidump interfaces to load
Looking up breakpad interfaces from steamclient
Calling BreakpadMiniDumpSystemInit
07/30 20:53:38 minidumps folder is set to /tmp/dumps
Looking up breakpad interfaces from steamclient
07/30 20:53:38 Calling BreakpadMiniDumpSystemInit
Init: Installing breakpad exception handler for appid(250820)/version(2.16.7)/tid(26572)
07/30 20:53:38 minidumps folder is set to /tmp/dumps
07/30 20:53:38 Init: Installing breakpad exception handler for appid(250820)/version(2.16.7)/tid(26571)
[0730/205338.450542:ERROR:check.cc(376)] Check failed: false. NOTREACHED log messages are omitted in official builds. Sorry!
[0730/205338.450719:ERROR:check.cc(376)] Check failed: false. NOTREACHED log messages are omitted in official builds. Sorry!
Fontconfig warning: "/etc/fonts/conf.d/48-guessfamily.conf", line 19: invalid attribute 'xsi:nil'
Fontconfig warning: "/etc/fonts/conf.d/48-guessfamily.conf", line 20: invalid constant used : 
Fontconfig warning: "/etc/fonts/conf.d/48-guessfamily.conf", line 23: invalid constant used : monospace
Fontconfig warning: "/etc/fonts/conf.d/48-guessfamily.conf", line 42: invalid attribute 'xsi:nil'
Fontconfig warning: "/etc/fonts/conf.d/48-guessfamily.conf", line 43: invalid constant used : 
Fontconfig warning: "/etc/fonts/conf.d/48-guessfamily.conf", line 46: invalid constant used : sans-serif
Fontconfig warning: "/etc/fonts/conf.d/48-guessfamily.conf", line 68: invalid attribute 'xsi:nil'
Fontconfig warning: "/etc/fonts/conf.d/48-guessfamily.conf", line 69: invalid constant used : 
Fontconfig warning: "/etc/fonts/conf.d/48-guessfamily.conf", line 72: invalid constant used : serif
Fontconfig warning: "/etc/fonts/conf.d/48-guessfamily.conf", line 88: invalid attribute 'xsi:nil'
Fontconfig warning: "/etc/fonts/conf.d/48-guessfamily.conf", line 89: invalid constant used : 
Fontconfig warning: "/etc/fonts/conf.d/48-guessfamily.conf", line 92: invalid constant used : emoji
Fontconfig warning: "/etc/fonts/conf.d/48-guessfamily.conf", line 108: invalid attribute 'xsi:nil'
Fontconfig warning: "/etc/fonts/conf.d/48-guessfamily.conf", line 109: invalid constant used : 
Fontconfig warning: "/etc/fonts/conf.d/48-guessfamily.conf", line 112: invalid constant used : math
Fontconfig warning: "/etc/fonts/conf.d/48-guessfamily.conf", line 120: invalid attribute 'xsi:nil'
Fontconfig warning: "/etc/fonts/conf.d/48-guessfamily.conf", line 121: invalid constant used : 
Fontconfig warning: "/etc/fonts/conf.d/48-guessfamily.conf", line 124: invalid constant used : system-ui
Fontconfig warning: "/etc/fonts/conf.d/48-guessfamily.conf", line 132: invalid attribute 'xsi:nil'
Fontconfig warning: "/etc/fonts/conf.d/48-guessfamily.conf", line 133: invalid constant used : 
Fontconfig warning: "/etc/fonts/conf.d/48-guessfamily.conf", line 136: invalid constant used : cursive
Fontconfig warning: "/etc/fonts/conf.d/48-guessfamily.conf", line 144: invalid attribute 'xsi:nil'
Fontconfig warning: "/etc/fonts/conf.d/48-guessfamily.conf", line 145: invalid constant used : 
Fontconfig warning: "/etc/fonts/conf.d/48-guessfamily.conf", line 148: invalid constant used : fantasy
Fontconfig warning: "/etc/fonts/conf.d/48-guessfamily.conf", line 156: invalid attribute 'xsi:nil'
Fontconfig warning: "/etc/fonts/conf.d/48-guessfamily.conf", line 157: invalid constant used : 
Fontconfig warning: "/etc/fonts/conf.d/48-guessfamily.conf", line 160: invalid constant used : ui-sans-serif
Fontconfig warning: "/etc/fonts/conf.d/48-guessfamily.conf", line 168: invalid attribute 'xsi:nil'
Fontconfig warning: "/etc/fonts/conf.d/48-guessfamily.conf", line 169: invalid constant used : 
Fontconfig warning: "/etc/fonts/conf.d/48-guessfamily.conf", line 172: invalid constant used : ui-serif
Fontconfig warning: "/etc/fonts/conf.d/48-guessfamily.conf", line 180: invalid attribute 'xsi:nil'
Fontconfig warning: "/etc/fonts/conf.d/48-guessfamily.conf", line 181: invalid constant used : 
Fontconfig warning: "/etc/fonts/conf.d/48-guessfamily.conf", line 184: invalid constant used : ui-monospace
Fontconfig warning: "/etc/fonts/conf.d/48-guessfamily.conf", line 192: invalid attribute 'xsi:nil'
Fontconfig warning: "/etc/fonts/conf.d/48-guessfamily.conf", line 193: invalid constant used : 
Fontconfig warning: "/etc/fonts/conf.d/48-guessfamily.conf", line 196: invalid constant used : ui-rounded
Fontconfig warning: "/etc/fonts/conf.d/48-guessfamily.conf", line 204: invalid attribute 'xsi:nil'
Fontconfig warning: "/etc/fonts/conf.d/48-guessfamily.conf", line 205: invalid constant used : 
Fontconfig warning: "/etc/fonts/conf.d/48-guessfamily.conf", line 208: invalid constant used : fangsong
Fontconfig warning: "/etc/fonts/conf.d/48-spacing.conf", line 14: invalid constant used : monospace
Fontconfig warning: "/etc/fonts/conf.d/49-sansserif.conf", line 10: invalid constant used : serif
Fontconfig warning: "/etc/fonts/conf.d/49-sansserif.conf", line 18: invalid constant used : sans-serif
Fontconfig warning: "/etc/fonts/conf.d/49-sansserif.conf", line 26: invalid constant used : monospace
Fontconfig warning: "/etc/fonts/conf.d/49-sansserif.conf", line 34: invalid constant used : emoji
Fontconfig warning: "/etc/fonts/conf.d/49-sansserif.conf", line 42: invalid constant used : math
Fontconfig warning: "/usr/share/fontconfig/conf.avail/48-guessfamily.conf", line 19: invalid attribute 'xsi:nil'
Fontconfig warning: "/usr/share/fontconfig/conf.avail/48-guessfamily.conf", line 20: invalid constant used : 
Fontconfig warning: "/usr/share/fontconfig/conf.avail/48-guessfamily.conf", line 23: invalid constant used : monospace
Fontconfig warning: "/usr/share/fontconfig/conf.avail/48-guessfamily.conf", line 42: invalid attribute 'xsi:nil'
Fontconfig warning: "/usr/share/fontconfig/conf.avail/48-guessfamily.conf", line 43: invalid constant used : 
Fontconfig warning: "/usr/share/fontconfig/conf.avail/48-guessfamily.conf", line 46: invalid constant used : sans-serif
Fontconfig warning: "/usr/share/fontconfig/conf.avail/48-guessfamily.conf", line 68: invalid attribute 'xsi:nil'
Fontconfig warning: "/usr/share/fontconfig/conf.avail/48-guessfamily.conf", line 69: invalid constant used : 
Fontconfig warning: "/usr/share/fontconfig/conf.avail/48-guessfamily.conf", line 72: invalid constant used : serif
Fontconfig warning: "/usr/share/fontconfig/conf.avail/48-guessfamily.conf", line 88: invalid attribute 'xsi:nil'
Fontconfig warning: "/usr/share/fontconfig/conf.avail/48-guessfamily.conf", line 89: invalid constant used : 
Fontconfig warning: "/usr/share/fontconfig/conf.avail/48-guessfamily.conf", line 92: invalid constant used : emoji
Fontconfig warning: "/usr/share/fontconfig/conf.avail/48-guessfamily.conf", line 108: invalid attribute 'xsi:nil'
Fontconfig warning: "/usr/share/fontconfig/conf.avail/48-guessfamily.conf", line 109: invalid constant used : 
Fontconfig warning: "/usr/share/fontconfig/conf.avail/48-guessfamily.conf", line 112: invalid constant used : math
Fontconfig warning: "/usr/share/fontconfig/conf.avail/48-guessfamily.conf", line 120: invalid attribute 'xsi:nil'
Fontconfig warning: "/usr/share/fontconfig/conf.avail/48-guessfamily.conf", line 121: invalid constant used : 
Fontconfig warning: "/usr/share/fontconfig/conf.avail/48-guessfamily.conf", line 124: invalid constant used : system-ui
Fontconfig warning: "/usr/share/fontconfig/conf.avail/48-guessfamily.conf", line 132: invalid attribute 'xsi:nil'
Fontconfig warning: "/usr/share/fontconfig/conf.avail/48-guessfamily.conf", line 133: invalid constant used : 
Fontconfig warning: "/usr/share/fontconfig/conf.avail/48-guessfamily.conf", line 136: invalid constant used : cursive
Fontconfig warning: "/usr/share/fontconfig/conf.avail/48-guessfamily.conf", line 144: invalid attribute 'xsi:nil'
Fontconfig warning: "/usr/share/fontconfig/conf.avail/48-guessfamily.conf", line 145: invalid constant used : 
Fontconfig warning: "/usr/share/fontconfig/conf.avail/48-guessfamily.conf", line 148: invalid constant used : fantasy
Fontconfig warning: "/usr/share/fontconfig/conf.avail/48-guessfamily.conf", line 156: invalid attribute 'xsi:nil'
Fontconfig warning: "/usr/share/fontconfig/conf.avail/48-guessfamily.conf", line 157: invalid constant used : 
Fontconfig warning: "/usr/share/fontconfig/conf.avail/48-guessfamily.conf", line 160: invalid constant used : ui-sans-serif
Fontconfig warning: "/usr/share/fontconfig/conf.avail/48-guessfamily.conf", line 168: invalid attribute 'xsi:nil'
Fontconfig warning: "/usr/share/fontconfig/conf.avail/48-guessfamily.conf", line 169: invalid constant used : 
Fontconfig warning: "/usr/share/fontconfig/conf.avail/48-guessfamily.conf", line 172: invalid constant used : ui-serif
Fontconfig warning: "/usr/share/fontconfig/conf.avail/48-guessfamily.conf", line 180: invalid attribute 'xsi:nil'
Fontconfig warning: "/usr/share/fontconfig/conf.avail/48-guessfamily.conf", line 181: invalid constant used : 
Fontconfig warning: "/usr/share/fontconfig/conf.avail/48-guessfamily.conf", line 184: invalid constant used : ui-monospace
Fontconfig warning: "/usr/share/fontconfig/conf.avail/48-guessfamily.conf", line 192: invalid attribute 'xsi:nil'
Fontconfig warning: "/usr/share/fontconfig/conf.avail/48-guessfamily.conf", line 193: invalid constant used : 
Fontconfig warning: "/usr/share/fontconfig/conf.avail/48-guessfamily.conf", line 196: invalid constant used : ui-rounded
Fontconfig warning: "/usr/share/fontconfig/conf.avail/48-guessfamily.conf", line 204: invalid attribute 'xsi:nil'
Fontconfig warning: "/usr/share/fontconfig/conf.avail/48-guessfamily.conf", line 205: invalid constant used : 
Fontconfig warning: "/usr/share/fontconfig/conf.avail/48-guessfamily.conf", line 208: invalid constant used : fangsong
Fontconfig warning: "/usr/share/fontconfig/conf.avail/48-spacing.conf", line 14: invalid constant used : monospace
Fontconfig warning: "/usr/share/fontconfig/conf.avail/49-sansserif.conf", line 10: invalid constant used : serif
Fontconfig warning: "/usr/share/fontconfig/conf.avail/49-sansserif.conf", line 18: invalid constant used : sans-serif
Fontconfig warning: "/usr/share/fontconfig/conf.avail/49-sansserif.conf", line 26: invalid constant used : monospace
Fontconfig warning: "/usr/share/fontconfig/conf.avail/49-sansserif.conf", line 34: invalid constant used : emoji
Fontconfig warning: "/usr/share/fontconfig/conf.avail/49-sansserif.conf", line 42: invalid constant used : math
Using breakpad crash handler
Setting breakpad minidump AppID = 250820
Forcing breakpad minidump interfaces to load
Looking up breakpad interfaces from steamclient
Calling BreakpadMiniDumpSystemInit
07/30 20:53:38 minidumps folder is set to /tmp/dumps
07/30 20:53:38 Init: Installing breakpad exception handler for appid(250820)/version(2.16.7)/tid(26636)
[0730/205338.735396:ERROR:check.cc(376)] Check failed: false. NOTREACHED log messages are omitted in official builds. Sorry!
Using breakpad crash handler
Setting breakpad minidump AppID = 250820
Forcing breakpad minidump interfaces to load
Looking up breakpad interfaces from steamclient
Calling BreakpadMiniDumpSystemInit
07/30 20:53:39 minidumps folder is set to /tmp/dumps
07/30 20:53:39 Init: Installing breakpad exception handler for appid(250820)/version(2.16.7)/tid(26783)
[0730/205339.114435:ERROR:check.cc(376)] Check failed: false. NOTREACHED log messages are omitted in official builds. Sorry!
> /home/mia/git/rift-cv1-center/captures/lin/2026-07-30/postmove.jsonl
stream state: "connecting"
stream state: "connecting"
[II] Loaded pose for sensor WMTD306Q701DEK from room store: "pos" : [ 0.487753, 1.558727, -1.620581 ], "orient" : [ -0.073309, -0.090091, 0.992933, -0.024366 ]
[II] Set sensor 0 pose to orient -0.073309 -0.090091 0.992933 -0.024366  pos 0.487753 1.558727 -1.620581
stream state: "paused"
stream state: "paused"
Opened Rift Sensor 1 w/ Serial WMTD3052400VZL. Connecting to Radio address 0x11563cc989
[II] camera width 1280 height 960
[II] f = [ 716.734 716.734 ], c = [ 647.399 478.498 ]
[II] k = [  0.071847 -0.025176  0.006398 -0.000817 ]
stream state: "connecting"
stream state: "connecting"
[II] Loaded pose for sensor WMTD3052400VZL from room store: "pos" : [ -0.534154, 1.768707, -1.456406 ], "orient" : [ 0.198830, -0.193456, 0.960573, -0.018469 ]
[II] Set sensor 1 pose to orient 0.198830 -0.193456 0.960573 -0.018469  pos -0.534154 1.768707 -1.456406
Opened 2 Rift Sensor cameras
stream state: "paused"
stream state: "paused"
Temperature: 32.7 °C
UVC PTS changed in-frame at 16372 bytes. Lost 21 ms
UVC Dropping short frame: 16372 < 1228800 (1212428 lost)
Temperature: 30.0 °C
[II] Device 0 using OVR-SDK complementary fusion backend
stream state: "connecting"
device 0 online. Now tracking.
stream state: "paused"
[WW] Exposure timestamp 1432872704 was more than 1.5 IMU samples earlier than IMU ts 1432886790 by 14086 µS
[WW] Sensor WMTD306Q701DEK: predicted exposure-to-frame latency of -6.7 ms differed from measured 0.7 ms (1 so far) - check the sensor sync cable
[WW] Device 0: late pose time 2772.787 ms from WMTD306Q701DEK (1 so far, worst 2772.787 ms)
[II] Forcing orientation observation
[II] Matched orientation after 0.078109 sec
[II] Device 0: joint reconstruction over 2 cameras left 10.50 px in the worst camera (>2.0 px) - check sensor calibration
[II] Ignoring position observation with error -0.005574 -0.124260 0.251559 (prior stddev was 0.100000 0.100000 0.100000)

[II] sensor WMTD3052400VZL calibration SETTLED
[II] Matched orientation after 0.061084 sec
[II] Ignoring position observation with error -0.009885 -0.127350 0.265133 (prior stddev was 0.100000 0.100000 0.100000)

[II] Ignoring position observation with error -0.007782 -0.114369 0.252403 (prior stddev was 0.100000 0.100000 0.100000)

[II] Forcing orientation observation
[II] Forcing orientation observation
[II] Matched orientation after 0.009012 sec
[II] Device 0: joint reconstruction 1 solved, 2 rejected, 8 single-camera (0 observations arrived too late to count)
[II] Ignoring position observation with error 0.007486 -0.056061 0.149056 (prior stddev was 0.100000 0.100000 0.100000)

[II] sensor WMTD3052400VZL: adopted calibration from 31 poses over 1 viewpoints (stored: 1), residual 0.56 px (estimated)
[II] sensor WMTD3052400VZL: the stored calibration left 0.47 px; moving the sensor 3.3 mm / 0.09 deg
[II] Set sensor 1 pose to orient 0.198618 -0.194079 0.960496 -0.018201  pos -0.532732 1.770633 -1.454173
[II] sensor WMTD3052400VZL: re-solved calibration from 32 poses over 1 viewpoints (stored: 1), residual 0.46 px (estimated)
[II] sensor WMTD3052400VZL: its previous calibration left 0.55 px; moving the sensor 3.4 mm / 0.08 deg
[II] Set sensor 1 pose to orient 0.199069 -0.193580 0.960496 -0.018594  pos -0.535226 1.769143 -1.455850
[II] sensor WMTD3052400VZL calibration SETTLED
[WW] Exposure timestamp 1435464704 was more than 1.5 IMU samples earlier than IMU ts 1435466406 by 1702 µS
[II] HMD obs quality: full(strong+ids) 290 ids-verified 10 strong 0 prior-agree 0 reacquire 0 rejected 0 | flags: led-ids 300 strong 290
[II] frame-timing WMTD306Q701DEK: 300 frames, 50 missed exposure, diff avg -0.69 min -6.81 max 1.76 ms
[II] frame-timing WMTD3052400VZL: 300 frames, 1 missed exposure, diff avg -0.74 min -3.94 max 1.62 ms
[II] Matched orientation after 1.108556 sec
[II] HMD obs quality: full(strong+ids) 299 ids-verified 1 strong 0 prior-agree 0 reacquire 0 rejected 0 | flags: led-ids 300 strong 299
[II] Device 0: joint reconstruction 301 solved, 2 rejected, 316 single-camera (0 observations arrived too late to count)
[II] sensor WMTD3052400VZL: re-solved calibration from 192 poses over 2 viewpoints (stored: 1), residual 1.17 px (estimated)
[II] sensor WMTD3052400VZL: its previous calibration left 1.38 px; moving the sensor 3.7 mm / 0.09 deg
[II] Set sensor 1 pose to orient 0.198790 -0.194413 0.960384 -0.018699  pos -0.533632 1.772009 -1.454137
[II] sensor WMTD3052400VZL calibration SETTLED
[WW] Exposure timestamp 1442875904 was more than 1.5 IMU samples earlier than IMU ts 1442877778 by 1874 µS
[II] HMD obs quality: full(strong+ids) 300 ids-verified 0 strong 0 prior-agree 0 reacquire 0 rejected 0 | flags: led-ids 300 strong 300
[II] frame-timing WMTD306Q701DEK: 300 frames, 0 missed exposure, diff avg -0.91 min -3.55 max 2.08 ms
[II] frame-timing WMTD3052400VZL: 300 frames, 0 missed exposure, diff avg -0.95 min -3.70 max 2.27 ms
[II] HMD obs quality: full(strong+ids) 300 ids-verified 0 strong 0 prior-agree 0 reacquire 0 rejected 0 | flags: led-ids 300 strong 300
[II] Device 0: joint reconstruction 601 solved, 2 rejected, 616 single-camera (0 observations arrived too late to count)
[WW] Exposure timestamp 1446792704 was more than 1.5 IMU samples earlier than IMU ts 1446794310 by 1606 µS
[II] HMD obs quality: full(strong+ids) 300 ids-verified 0 strong 0 prior-agree 0 reacquire 0 rejected 0 | flags: led-ids 300 strong 300
[II] frame-timing WMTD306Q701DEK: 300 frames, 0 missed exposure, diff avg -0.90 min -3.84 max 1.55 ms
[II] frame-timing WMTD3052400VZL: 300 frames, 0 missed exposure, diff avg -0.93 min -3.93 max 1.57 ms
[II] sensor WMTD3052400VZL: re-solved calibration from 192 poses over 3 viewpoints (stored: 2), residual 1.07 px - SETTLED
[II] sensor WMTD3052400VZL: its previous calibration left 1.29 px; moving the sensor 2.6 mm / 0.08 deg
[II] Set sensor 1 pose to orient 0.198961 -0.194776 0.960268 -0.019049  pos -0.535102 1.773526 -1.452700
[II] sensor WMTD3052400VZL calibration SETTLED
[II] HMD obs quality: full(strong+ids) 300 ids-verified 0 strong 0 prior-agree 0 reacquire 0 rejected 0 | flags: led-ids 300 strong 300
[II] Device 0: joint reconstruction 901 solved, 2 rejected, 916 single-camera (0 observations arrived too late to count)
[II] HMD obs quality: full(strong+ids) 300 ids-verified 0 strong 0 prior-agree 0 reacquire 0 rejected 0 | flags: led-ids 300 strong 300
[II] frame-timing WMTD306Q701DEK: 300 frames, 0 missed exposure, diff avg -0.90 min -4.10 max 1.45 ms
[II] frame-timing WMTD3052400VZL: 300 frames, 0 missed exposure, diff avg -0.91 min -4.21 max 1.40 ms
[II] HMD obs quality: full(strong+ids) 300 ids-verified 0 strong 0 prior-agree 0 reacquire 0 rejected 0 | flags: led-ids 300 strong 300
[II] Device 0: joint reconstruction 1201 solved, 2 rejected, 1216 single-camera (0 observations arrived too late to count)
[WW] Exposure timestamp 1459925504 was more than 1.5 IMU samples earlier than IMU ts 1459927022 by 1518 µS
[II] HMD obs quality: full(strong+ids) 300 ids-verified 0 strong 0 prior-agree 0 reacquire 0 rejected 0 | flags: led-ids 300 strong 300
[II] frame-timing WMTD306Q701DEK: 300 frames, 0 missed exposure, diff avg -0.89 min -3.83 max 1.61 ms
[II] Matched orientation after 0.269407 sec
[II] frame-timing WMTD3052400VZL: 300 frames, 0 missed exposure, diff avg -0.86 min -4.00 max 1.51 ms
[II] HMD obs quality: full(strong+ids) 300 ids-verified 0 strong 0 prior-agree 0 reacquire 0 rejected 0 | flags: led-ids 300 strong 300
[II] Device 0: joint reconstruction 1501 solved, 2 rejected, 1569 single-camera (0 observations arrived too late to count)
[II] frame-timing WMTD306Q701DEK: 300 frames, 0 missed exposure, diff avg -0.88 min -3.30 max 1.74 ms
[II] HMD obs quality: full(strong+ids) 300 ids-verified 0 strong 0 prior-agree 0 reacquire 0 rejected 0 | flags: led-ids 300 strong 300
[II] frame-timing WMTD3052400VZL: 300 frames, 0 missed exposure, diff avg -0.89 min -3.49 max 1.80 ms
[II] HMD obs quality: full(strong+ids) 300 ids-verified 0 strong 0 prior-agree 0 reacquire 0 rejected 0 | flags: led-ids 300 strong 300
[II] Device 0: joint reconstruction 1801 solved, 2 rejected, 1900 single-camera (0 observations arrived too late to count)
[II] frame-timing WMTD306Q701DEK: 300 frames, 0 missed exposure, diff avg -0.94 min -4.14 max 1.79 ms
[II] HMD obs quality: full(strong+ids) 300 ids-verified 0 strong 0 prior-agree 0 reacquire 0 rejected 0 | flags: led-ids 300 strong 300
[II] frame-timing WMTD3052400VZL: 300 frames, 0 missed exposure, diff avg -0.87 min -4.09 max 1.53 ms
[WW] Exposure timestamp 1475515904 was more than 1.5 IMU samples earlier than IMU ts 1475517545 by 1641 µS
[II] Matched orientation after 0.927303 sec
[II] HMD obs quality: full(strong+ids) 299 ids-verified 1 strong 0 prior-agree 0 reacquire 0 rejected 0 | flags: led-ids 300 strong 299
[WW] Exposure timestamp 1477531904 was more than 1.5 IMU samples earlier than IMU ts 1477533480 by 1576 µS
[II] frame-timing WMTD306Q701DEK: 300 frames, 0 missed exposure, diff avg -0.84 min -3.82 max 1.11 ms
[II] Device 0: joint reconstruction 2101 solved, 2 rejected, 2217 single-camera (0 observations arrived too late to count)
[II] frame-timing WMTD3052400VZL: 300 frames, 0 missed exposure, diff avg -0.91 min -4.16 max 1.05 ms
[II] Matched orientation after 0.480710 sec
[II] HMD obs quality: full(strong+ids) 300 ids-verified 0 strong 0 prior-agree 0 reacquire 0 rejected 0 | flags: led-ids 300 strong 300
[WW] Exposure timestamp 1483099904 was more than 1.5 IMU samples earlier than IMU ts 1483101622 by 1718 µS
[II] HMD obs quality: full(strong+ids) 300 ids-verified 0 strong 0 prior-agree 0 reacquire 0 rejected 0 | flags: led-ids 300 strong 300
[II] frame-timing WMTD306Q701DEK: 300 frames, 0 missed exposure, diff avg -0.91 min -3.85 max 1.41 ms
[II] Device 0: joint reconstruction 2401 solved, 2 rejected, 2535 single-camera (0 observations arrived too late to count)
[II] frame-timing WMTD3052400VZL: 300 frames, 0 missed exposure, diff avg -0.87 min -3.39 max 1.45 ms
[II] HMD obs quality: full(strong+ids) 300 ids-verified 0 strong 0 prior-agree 0 reacquire 0 rejected 0 | flags: led-ids 300 strong 300
[II] HMD obs quality: full(strong+ids) 300 ids-verified 0 strong 0 prior-agree 0 reacquire 0 rejected 0 | flags: led-ids 300 strong 300
[II] frame-timing WMTD306Q701DEK: 300 frames, 0 missed exposure, diff avg -0.98 min -3.69 max 1.86 ms
[II] Device 0: joint reconstruction 2701 solved, 2 rejected, 2835 single-camera (0 observations arrived too late to count)
[II] frame-timing WMTD3052400VZL: 300 frames, 0 missed exposure, diff avg -0.92 min -4.13 max 1.79 ms
[II] HMD obs quality: full(strong+ids) 300 ids-verified 0 strong 0 prior-agree 0 reacquire 0 rejected 0 | flags: led-ids 300 strong 300
[WW] Exposure timestamp 1493275904 was more than 1.5 IMU samples earlier than IMU ts 1493277575 by 1671 µS
[II] HMD obs quality: full(strong+ids) 300 ids-verified 0 strong 0 prior-agree 0 reacquire 0 rejected 0 | flags: led-ids 300 strong 300
[II] frame-timing WMTD306Q701DEK: 300 frames, 0 missed exposure, diff avg -0.88 min -4.17 max 1.58 ms
[II] Matched orientation after 0.424582 sec
[II] frame-timing WMTD3052400VZL: 300 frames, 0 missed exposure, diff avg -0.92 min -4.65 max 1.35 ms
[II] Device 0: IMU saturation (accel), 1 samples so far - the reading is clipped, so it is being ignored rather than integrated
[II] Device 0: joint reconstruction 3001 solved, 2 rejected, 3143 single-camera (0 observations arrived too late to count)
[II] HMD obs quality: full(strong+ids) 299 ids-verified 1 strong 0 prior-agree 0 reacquire 0 rejected 0 | flags: led-ids 300 strong 299
[II] frame-timing WMTD306Q701DEK: 300 frames, 0 missed exposure, diff avg -0.89 min -3.53 max 1.40 ms
[II] HMD obs quality: full(strong+ids) 300 ids-verified 0 strong 0 prior-agree 0 reacquire 0 rejected 0 | flags: led-ids 300 strong 300
[II] frame-timing WMTD3052400VZL: 300 frames, 0 missed exposure, diff avg -0.87 min -4.03 max 1.58 ms
[WW] Exposure timestamp 1502530304 was more than 1.5 IMU samples earlier than IMU ts 1502532280 by 1976 µS
[WW] Exposure timestamp 1502683904 was more than 1.5 IMU samples earlier than IMU ts 1502685507 by 1603 µS
[II] Device 0: joint reconstruction 3301 solved, 2 rejected, 3477 single-camera (0 observations arrived too late to count)
[II] HMD obs quality: full(strong+ids) 300 ids-verified 0 strong 0 prior-agree 0 reacquire 0 rejected 0 | flags: led-ids 300 strong 300
[II] frame-timing WMTD306Q701DEK: 300 frames, 0 missed exposure, diff avg -0.92 min -3.64 max 1.52 ms
[II] HMD obs quality: full(strong+ids) 300 ids-verified 0 strong 0 prior-agree 0 reacquire 0 rejected 0 | flags: led-ids 300 strong 300
[WW] Exposure timestamp 1507387904 was more than 1.5 IMU samples earlier than IMU ts 1507389509 by 1605 µS
[II] frame-timing WMTD3052400VZL: 300 frames, 0 missed exposure, diff avg -0.90 min -4.22 max 1.74 ms
[II] Device 0: joint reconstruction 3601 solved, 2 rejected, 3777 single-camera (0 observations arrived too late to count)
[II] HMD obs quality: full(strong+ids) 300 ids-verified 0 strong 0 prior-agree 0 reacquire 0 rejected 0 | flags: led-ids 300 strong 300
[II] frame-timing WMTD306Q701DEK: 300 frames, 0 missed exposure, diff avg -0.88 min -4.13 max 1.62 ms
[II] HMD obs quality: full(strong+ids) 300 ids-verified 0 strong 0 prior-agree 0 reacquire 0 rejected 0 | flags: led-ids 300 strong 300
[II] frame-timing WMTD3052400VZL: 300 frames, 0 missed exposure, diff avg -0.90 min -4.50 max 1.89 ms
[II] Device 0: joint reconstruction 3901 solved, 2 rejected, 4077 single-camera (0 observations arrived too late to count)
[II] HMD obs quality: full(strong+ids) 300 ids-verified 0 strong 0 prior-agree 0 reacquire 0 rejected 0 | flags: led-ids 300 strong 300
[II] frame-timing WMTD306Q701DEK: 300 frames, 0 missed exposure, diff avg -0.94 min -3.79 max 1.48 ms
[II] HMD obs quality: full(strong+ids) 300 ids-verified 0 strong 0 prior-agree 0 reacquire 0 rejected 0 | flags: led-ids 300 strong 300
[II] frame-timing WMTD3052400VZL: 300 frames, 0 missed exposure, diff avg -0.91 min -4.05 max 1.46 ms
[II] Device 0: joint reconstruction 4201 solved, 2 rejected, 4377 single-camera (0 observations arrived too late to count)
[II] HMD obs quality: full(strong+ids) 300 ids-verified 0 strong 0 prior-agree 0 reacquire 0 rejected 0 | flags: led-ids 300 strong 300
[II] frame-timing WMTD306Q701DEK: 300 frames, 0 missed exposure, diff avg -0.87 min -3.62 max 1.39 ms
[II] HMD obs quality: full(strong+ids) 300 ids-verified 0 strong 0 prior-agree 0 reacquire 0 rejected 0 | flags: led-ids 300 strong 300
[II] frame-timing WMTD3052400VZL: 300 frames, 0 missed exposure, diff avg -0.84 min -3.99 max 1.50 ms
[II] Device 0: joint reconstruction 4501 solved, 2 rejected, 4677 single-camera (0 observations arrived too late to count)
[II] HMD obs quality: full(strong+ids) 300 ids-verified 0 strong 0 prior-agree 0 reacquire 0 rejected 0 | flags: led-ids 300 strong 300
[II] frame-timing WMTD306Q701DEK: 300 frames, 0 missed exposure, diff avg -0.89 min -4.01 max 2.00 ms
[II] HMD obs quality: full(strong+ids) 300 ids-verified 0 strong 0 prior-agree 0 reacquire 0 rejected 0 | flags: led-ids 300 strong 300
[II] frame-timing WMTD3052400VZL: 300 frames, 0 missed exposure, diff avg -0.88 min -4.06 max 2.07 ms
[II] Device 0: joint reconstruction 4801 solved, 2 rejected, 4977 single-camera (0 observations arrived too late to count)
[II] HMD obs quality: full(strong+ids) 300 ids-verified 0 strong 0 prior-agree 0 reacquire 0 rejected 0 | flags: led-ids 300 strong 300
[II] frame-timing WMTD306Q701DEK: 300 frames, 0 missed exposure, diff avg -0.87 min -3.53 max 1.46 ms
[II] HMD obs quality: full(strong+ids) 300 ids-verified 0 strong 0 prior-agree 0 reacquire 0 rejected 0 | flags: led-ids 300 strong 300
[II] frame-timing WMTD3052400VZL: 300 frames, 0 missed exposure, diff avg -0.84 min -4.09 max 1.49 ms
[II] Device 0: joint reconstruction 5101 solved, 2 rejected, 5277 single-camera (0 observations arrived too late to count)
[II] HMD obs quality: full(strong+ids) 300 ids-verified 0 strong 0 prior-agree 0 reacquire 0 rejected 0 | flags: led-ids 300 strong 300
[II] frame-timing WMTD306Q701DEK: 300 frames, 0 missed exposure, diff avg -0.86 min -4.15 max 1.66 ms
[II] HMD obs quality: full(strong+ids) 300 ids-verified 0 strong 0 prior-agree 0 reacquire 0 rejected 0 | flags: led-ids 300 strong 300
[II] frame-timing WMTD3052400VZL: 300 frames, 0 missed exposure, diff avg -0.91 min -3.68 max 1.57 ms
[II] Device 0: joint reconstruction 5401 solved, 2 rejected, 5577 single-camera (0 observations arrived too late to count)
[II] HMD obs quality: full(strong+ids) 300 ids-verified 0 strong 0 prior-agree 0 reacquire 0 rejected 0 | flags: led-ids 300 strong 300
[WW] Exposure timestamp 1547131904 was more than 1.5 IMU samples earlier than IMU ts 1547133495 by 1591 µS
[II] frame-timing WMTD306Q701DEK: 300 frames, 0 missed exposure, diff avg -0.88 min -3.95 max 1.58 ms
[II] HMD obs quality: full(strong+ids) 300 ids-verified 0 strong 0 prior-agree 0 reacquire 0 rejected 0 | flags: led-ids 300 strong 300
[II] frame-timing WMTD3052400VZL: 300 frames, 0 missed exposure, diff avg -0.84 min -3.67 max 1.27 ms
[II] Device 0: joint reconstruction 5701 solved, 2 rejected, 5877 single-camera (0 observations arrived too late to count)
[II] HMD obs quality: full(strong+ids) 300 ids-verified 0 strong 0 prior-agree 0 reacquire 0 rejected 0 | flags: led-ids 300 strong 300
[WW] Exposure timestamp 1552047104 was more than 1.5 IMU samples earlier than IMU ts 1552049004 by 1900 µS
[II] frame-timing WMTD306Q701DEK: 300 frames, 0 missed exposure, diff avg -0.89 min -4.37 max 1.85 ms
[II] HMD obs quality: full(strong+ids) 300 ids-verified 0 strong 0 prior-agree 0 reacquire 0 rejected 0 | flags: led-ids 300 strong 300
[II] frame-timing WMTD3052400VZL: 300 frames, 0 missed exposure, diff avg -0.88 min -4.53 max 1.53 ms
[II] Device 0: joint reconstruction 6001 solved, 2 rejected, 6177 single-camera (0 observations arrived too late to count)
[II] HMD obs quality: full(strong+ids) 300 ids-verified 0 strong 0 prior-agree 0 reacquire 0 rejected 0 | flags: led-ids 300 strong 300
[WW] Exposure timestamp 1558152704 was more than 1.5 IMU samples earlier than IMU ts 1558154355 by 1651 µS
[II] frame-timing WMTD306Q701DEK: 300 frames, 0 missed exposure, diff avg -0.90 min -3.86 max 1.48 ms
[II] HMD obs quality: full(strong+ids) 300 ids-verified 0 strong 0 prior-agree 0 reacquire 0 rejected 0 | flags: led-ids 300 strong 300
[WW] Exposure timestamp 1559631104 was more than 1.5 IMU samples earlier than IMU ts 1559632623 by 1519 µS
[II] frame-timing WMTD3052400VZL: 300 frames, 0 missed exposure, diff avg -0.91 min -4.32 max 1.82 ms
[II] Device 0: joint reconstruction 6301 solved, 2 rejected, 6477 single-camera (0 observations arrived too late to count)
[II] HMD obs quality: full(strong+ids) 300 ids-verified 0 strong 0 prior-agree 0 reacquire 0 rejected 0 | flags: led-ids 300 strong 300
[II] frame-timing WMTD306Q701DEK: 300 frames, 0 missed exposure, diff avg -0.95 min -3.94 max 1.94 ms
[II] HMD obs quality: full(strong+ids) 300 ids-verified 0 strong 0 prior-agree 0 reacquire 0 rejected 0 | flags: led-ids 300 strong 300
[II] frame-timing WMTD3052400VZL: 300 frames, 0 missed exposure, diff avg -0.93 min -3.48 max 1.92 ms
[II] Device 0: joint reconstruction 6601 solved, 2 rejected, 6777 single-camera (0 observations arrived too late to count)
[II] HMD obs quality: full(strong+ids) 300 ids-verified 0 strong 0 prior-agree 0 reacquire 0 rejected 0 | flags: led-ids 300 strong 300
[WW] Exposure timestamp 1568405504 was more than 1.5 IMU samples earlier than IMU ts 1568407118 by 1614 µS
[II] frame-timing WMTD306Q701DEK: 300 frames, 0 missed exposure, diff avg -0.93 min -4.33 max 1.86 ms
[II] HMD obs quality: full(strong+ids) 300 ids-verified 0 strong 0 prior-agree 0 reacquire 0 rejected 0 | flags: led-ids 300 strong 300
[WW] Exposure timestamp 1570651904 was more than 1.5 IMU samples earlier than IMU ts 1570653581 by 1677 µS
[II] frame-timing WMTD3052400VZL: 300 frames, 0 missed exposure, diff avg -0.92 min -3.74 max 1.86 ms
[II] Device 0: joint reconstruction 6901 solved, 2 rejected, 7077 single-camera (0 observations arrived too late to count)
[II] HMD obs quality: full(strong+ids) 300 ids-verified 0 strong 0 prior-agree 0 reacquire 0 rejected 0 | flags: led-ids 300 strong 300
[WW] Exposure timestamp 1574491904 was more than 1.5 IMU samples earlier than IMU ts 1574493509 by 1605 µS
[II] frame-timing WMTD306Q701DEK: 300 frames, 0 missed exposure, diff avg -0.90 min -3.88 max 1.92 ms
[II] HMD obs quality: full(strong+ids) 300 ids-verified 0 strong 0 prior-agree 0 reacquire 0 rejected 0 | flags: led-ids 300 strong 300
[II] frame-timing WMTD3052400VZL: 300 frames, 0 missed exposure, diff avg -0.88 min -3.65 max 1.49 ms
[II] Device 0: joint reconstruction 7201 solved, 2 rejected, 7377 single-camera (0 observations arrived too late to count)
[II] HMD obs quality: full(strong+ids) 300 ids-verified 0 strong 0 prior-agree 0 reacquire 0 rejected 0 | flags: led-ids 300 strong 300
[WW] Exposure timestamp 1579675904 was more than 1.5 IMU samples earlier than IMU ts 1579677527 by 1623 µS
[II] frame-timing WMTD306Q701DEK: 300 frames, 0 missed exposure, diff avg -0.89 min -3.94 max 1.64 ms
[II] HMD obs quality: full(strong+ids) 300 ids-verified 0 strong 0 prior-agree 0 reacquire 0 rejected 0 | flags: led-ids 300 strong 300
[II] frame-timing WMTD3052400VZL: 300 frames, 0 missed exposure, diff avg -0.86 min -3.97 max 1.61 ms
[II] Device 0: joint reconstruction 7501 solved, 2 rejected, 7677 single-camera (0 observations arrived too late to count)
[II] HMD obs quality: full(strong+ids) 300 ids-verified 0 strong 0 prior-agree 0 reacquire 0 rejected 0 | flags: led-ids 300 strong 300
[II] frame-timing WMTD306Q701DEK: 300 frames, 0 missed exposure, diff avg -0.94 min -3.59 max 1.38 ms
[II] HMD obs quality: full(strong+ids) 300 ids-verified 0 strong 0 prior-agree 0 reacquire 0 rejected 0 | flags: led-ids 300 strong 300
[II] frame-timing WMTD3052400VZL: 300 frames, 0 missed exposure, diff avg -0.98 min -4.14 max 1.44 ms
[II] Device 0: joint reconstruction 7801 solved, 2 rejected, 7977 single-camera (0 observations arrived too late to count)
[II] HMD obs quality: full(strong+ids) 300 ids-verified 0 strong 0 prior-agree 0 reacquire 0 rejected 0 | flags: led-ids 300 strong 300
[II] frame-timing WMTD306Q701DEK: 300 frames, 0 missed exposure, diff avg -0.91 min -4.22 max 1.75 ms
[II] HMD obs quality: full(strong+ids) 300 ids-verified 0 strong 0 prior-agree 0 reacquire 0 rejected 0 | flags: led-ids 300 strong 300
[II] frame-timing WMTD3052400VZL: 300 frames, 0 missed exposure, diff avg -0.85 min -3.61 max 1.64 ms
[II] Device 0: joint reconstruction 8101 solved, 2 rejected, 8277 single-camera (0 observations arrived too late to count)
[II] HMD obs quality: full(strong+ids) 300 ids-verified 0 strong 0 prior-agree 0 reacquire 0 rejected 0 | flags: led-ids 300 strong 300
[WW] Exposure timestamp 1596610304 was more than 1.5 IMU samples earlier than IMU ts 1596611879 by 1575 µS
[WW] Exposure timestamp 1598242304 was more than 1.5 IMU samples earlier than IMU ts 1598244440 by 2136 µS
[II] frame-timing WMTD306Q701DEK: 300 frames, 0 missed exposure, diff avg -0.89 min -3.94 max 1.51 ms
[II] HMD obs quality: full(strong+ids) 300 ids-verified 0 strong 0 prior-agree 0 reacquire 0 rejected 0 | flags: led-ids 300 strong 300
[II] frame-timing WMTD3052400VZL: 300 frames, 0 missed exposure, diff avg -0.90 min -3.99 max 1.90 ms
[II] Device 0: joint reconstruction 8401 solved, 2 rejected, 8577 single-camera (0 observations arrived too late to count)
[II] HMD obs quality: full(strong+ids) 300 ids-verified 0 strong 0 prior-agree 0 reacquire 0 rejected 0 | flags: led-ids 300 strong 300
[II] frame-timing WMTD306Q701DEK: 300 frames, 0 missed exposure, diff avg -0.93 min -3.94 max 1.54 ms
[II] HMD obs quality: full(strong+ids) 300 ids-verified 0 strong 0 prior-agree 0 reacquire 0 rejected 0 | flags: led-ids 300 strong 300
[II] frame-timing WMTD3052400VZL: 300 frames, 0 missed exposure, diff avg -0.95 min -3.66 max 2.01 ms
[II] Device 0: joint reconstruction 8701 solved, 2 rejected, 8877 single-camera (0 observations arrived too late to count)
[WW] Exposure timestamp 1607208704 was more than 1.5 IMU samples earlier than IMU ts 1607210383 by 1679 µS
[II] HMD obs quality: full(strong+ids) 300 ids-verified 0 strong 0 prior-agree 0 reacquire 0 rejected 0 | flags: led-ids 300 strong 300
[II] frame-timing WMTD306Q701DEK: 300 frames, 0 missed exposure, diff avg -0.93 min -3.73 max 1.66 ms
[II] HMD obs quality: full(strong+ids) 300 ids-verified 0 strong 0 prior-agree 0 reacquire 0 rejected 0 | flags: led-ids 300 strong 300
[II] frame-timing WMTD3052400VZL: 300 frames, 0 missed exposure, diff avg -0.91 min -3.81 max 1.64 ms
[WW] Exposure timestamp 1612143104 was more than 1.5 IMU samples earlier than IMU ts 1612145111 by 2007 µS
[II] Device 0: joint reconstruction 9001 solved, 2 rejected, 9177 single-camera (0 observations arrived too late to count)
[II] HMD obs quality: full(strong+ids) 300 ids-verified 0 strong 0 prior-agree 0 reacquire 0 rejected 0 | flags: led-ids 300 strong 300
[WW] Exposure timestamp 1614792704 was more than 1.5 IMU samples earlier than IMU ts 1614794265 by 1561 µS
[II] frame-timing WMTD306Q701DEK: 300 frames, 0 missed exposure, diff avg -0.80 min -3.25 max 1.56 ms
[II] HMD obs quality: full(strong+ids) 300 ids-verified 0 strong 0 prior-agree 0 reacquire 0 rejected 0 | flags: led-ids 300 strong 300
[II] frame-timing WMTD3052400VZL: 300 frames, 0 missed exposure, diff avg -0.80 min -4.64 max 1.87 ms
[WW] Exposure timestamp 1618075904 was more than 1.5 IMU samples earlier than IMU ts 1618077418 by 1514 µS
[II] Device 0: joint reconstruction 9301 solved, 2 rejected, 9477 single-camera (0 observations arrived too late to count)
[WW] Exposure timestamp 1619419904 was more than 1.5 IMU samples earlier than IMU ts 1619421529 by 1625 µS
[II] HMD obs quality: full(strong+ids) 300 ids-verified 0 strong 0 prior-agree 0 reacquire 0 rejected 0 | flags: led-ids 300 strong 300
[II] frame-timing WMTD306Q701DEK: 300 frames, 0 missed exposure, diff avg -0.87 min -3.66 max 1.33 ms
[II] HMD obs quality: full(strong+ids) 300 ids-verified 0 strong 0 prior-agree 0 reacquire 0 rejected 0 | flags: led-ids 300 strong 300
[WW] Exposure timestamp 1622587904 was more than 1.5 IMU samples earlier than IMU ts 1622589510 by 1606 µS
[II] frame-timing WMTD3052400VZL: 300 frames, 0 missed exposure, diff avg -0.83 min -4.26 max 1.69 ms
[II] Device 0: joint reconstruction 9601 solved, 2 rejected, 9777 single-camera (0 observations arrived too late to count)
[II] HMD obs quality: full(strong+ids) 300 ids-verified 0 strong 0 prior-agree 0 reacquire 0 rejected 0 | flags: led-ids 300 strong 300
[WW] Exposure timestamp 1626888704 was more than 1.5 IMU samples earlier than IMU ts 1626890279 by 1575 µS
[II] frame-timing WMTD306Q701DEK: 300 frames, 0 missed exposure, diff avg -0.88 min -3.77 max 1.62 ms
[II] HMD obs quality: full(strong+ids) 300 ids-verified 0 strong 0 prior-agree 0 reacquire 0 rejected 0 | flags: led-ids 300 strong 300
[II] frame-timing WMTD3052400VZL: 300 frames, 0 missed exposure, diff avg -0.89 min -4.35 max 1.81 ms
[WW] Exposure timestamp 1628923904 was more than 1.5 IMU samples earlier than IMU ts 1628925486 by 1582 µS
[II] Device 0: joint reconstruction 9901 solved, 2 rejected, 10077 single-camera (0 observations arrived too late to count)
[II] HMD obs quality: full(strong+ids) 300 ids-verified 0 strong 0 prior-agree 0 reacquire 0 rejected 0 | flags: led-ids 300 strong 300
[II] frame-timing WMTD306Q701DEK: 300 frames, 0 missed exposure, diff avg -0.88 min -3.51 max 1.78 ms
[II] HMD obs quality: full(strong+ids) 300 ids-verified 0 strong 0 prior-agree 0 reacquire 0 rejected 0 | flags: led-ids 300 strong 300
[II] frame-timing WMTD3052400VZL: 300 frames, 0 missed exposure, diff avg -0.91 min -3.64 max 1.62 ms
[II] Device 0: joint reconstruction 10201 solved, 2 rejected, 10377 single-camera (0 observations arrived too late to count)
[II] HMD obs quality: full(strong+ids) 300 ids-verified 0 strong 0 prior-agree 0 reacquire 0 rejected 0 | flags: led-ids 300 strong 300
[WW] Exposure timestamp 1639099904 was more than 1.5 IMU samples earlier than IMU ts 1639101551 by 1647 µS
[II] frame-timing WMTD306Q701DEK: 300 frames, 0 missed exposure, diff avg -0.93 min -4.13 max 1.59 ms
[II] HMD obs quality: full(strong+ids) 300 ids-verified 0 strong 0 prior-agree 0 reacquire 0 rejected 0 | flags: led-ids 300 strong 300
[II] frame-timing WMTD3052400VZL: 300 frames, 0 missed exposure, diff avg -0.91 min -3.85 max 1.96 ms
[II] Device 0: joint reconstruction 10501 solved, 2 rejected, 10677 single-camera (0 observations arrived too late to count)
[II] HMD obs quality: full(strong+ids) 300 ids-verified 0 strong 0 prior-agree 0 reacquire 0 rejected 0 | flags: led-ids 300 strong 300
[WW] Exposure timestamp 1642728704 was more than 1.5 IMU samples earlier than IMU ts 1642730295 by 1591 µS
[WW] Exposure timestamp 1642939904 was more than 1.5 IMU samples earlier than IMU ts 1642941627 by 1723 µS
[II] frame-timing WMTD306Q701DEK: 300 frames, 0 missed exposure, diff avg -0.91 min -3.62 max 1.58 ms
[II] HMD obs quality: full(strong+ids) 300 ids-verified 0 strong 0 prior-agree 0 reacquire 0 rejected 0 | flags: led-ids 300 strong 300
[II] frame-timing WMTD3052400VZL: 300 frames, 0 missed exposure, diff avg -0.88 min -3.42 max 1.74 ms
[II] Device 0: joint reconstruction 10801 solved, 2 rejected, 10977 single-camera (0 observations arrived too late to count)
[II] HMD obs quality: full(strong+ids) 300 ids-verified 0 strong 0 prior-agree 0 reacquire 0 rejected 0 | flags: led-ids 300 strong 300
[II] frame-timing WMTD306Q701DEK: 300 frames, 0 missed exposure, diff avg -0.89 min -4.21 max 1.56 ms
[II] HMD obs quality: full(strong+ids) 300 ids-verified 0 strong 0 prior-agree 0 reacquire 0 rejected 0 | flags: led-ids 300 strong 300
[II] frame-timing WMTD3052400VZL: 300 frames, 0 missed exposure, diff avg -0.86 min -4.32 max 1.47 ms
[WW] Exposure timestamp 1652232704 was more than 1.5 IMU samples earlier than IMU ts 1652234405 by 1701 µS
[II] Device 0: joint reconstruction 11101 solved, 2 rejected, 11277 single-camera (0 observations arrived too late to count)
[II] HMD obs quality: full(strong+ids) 300 ids-verified 0 strong 0 prior-agree 0 reacquire 0 rejected 0 | flags: led-ids 300 strong 300
[WW] Exposure timestamp 1654728704 was more than 1.5 IMU samples earlier than IMU ts 1654730328 by 1624 µS
[II] frame-timing WMTD306Q701DEK: 300 frames, 0 missed exposure, diff avg -0.88 min -3.87 max 1.45 ms
[II] HMD obs quality: full(strong+ids) 300 ids-verified 0 strong 0 prior-agree 0 reacquire 0 rejected 0 | flags: led-ids 300 strong 300
[II] frame-timing WMTD3052400VZL: 300 frames, 0 missed exposure, diff avg -0.88 min -3.66 max 1.67 ms
[WW] Exposure timestamp 1658664704 was more than 1.5 IMU samples earlier than IMU ts 1658666579 by 1875 µS
[II] Device 0: joint reconstruction 11401 solved, 2 rejected, 11577 single-camera (0 observations arrived too late to count)
[II] HMD obs quality: full(strong+ids) 300 ids-verified 0 strong 0 prior-agree 0 reacquire 0 rejected 0 | flags: led-ids 300 strong 300
[II] frame-timing WMTD306Q701DEK: 300 frames, 0 missed exposure, diff avg -0.89 min -4.24 max 2.06 ms
[II] HMD obs quality: full(strong+ids) 300 ids-verified 0 strong 0 prior-agree 0 reacquire 0 rejected 0 | flags: led-ids 300 strong 300
[II] frame-timing WMTD3052400VZL: 300 frames, 0 missed exposure, diff avg -0.91 min -4.06 max 1.71 ms
[II] Device 0: joint reconstruction 11701 solved, 2 rejected, 11877 single-camera (0 observations arrived too late to count)
[II] HMD obs quality: full(strong+ids) 300 ids-verified 0 strong 0 prior-agree 0 reacquire 0 rejected 0 | flags: led-ids 300 strong 300
[II] frame-timing WMTD306Q701DEK: 300 frames, 0 missed exposure, diff avg -0.89 min -4.35 max 1.60 ms
[II] HMD obs quality: full(strong+ids) 300 ids-verified 0 strong 0 prior-agree 0 reacquire 0 rejected 0 | flags: led-ids 300 strong 300
[II] frame-timing WMTD3052400VZL: 300 frames, 0 missed exposure, diff avg -0.88 min -4.33 max 1.90 ms
[II] Device 0: joint reconstruction 12001 solved, 2 rejected, 12177 single-camera (0 observations arrived too late to count)
[II] HMD obs quality: full(strong+ids) 300 ids-verified 0 strong 0 prior-agree 0 reacquire 0 rejected 0 | flags: led-ids 300 strong 300
[WW] Exposure timestamp 1673544704 was more than 1.5 IMU samples earlier than IMU ts 1673546295 by 1591 µS
[WW] Exposure timestamp 1673832704 was more than 1.5 IMU samples earlier than IMU ts 1673834758 by 2054 µS
[II] frame-timing WMTD306Q701DEK: 300 frames, 0 missed exposure, diff avg -0.93 min -4.08 max 1.34 ms
[II] HMD obs quality: full(strong+ids) 300 ids-verified 0 strong 0 prior-agree 0 reacquire 0 rejected 0 | flags: led-ids 300 strong 300
[II] frame-timing WMTD3052400VZL: 300 frames, 0 missed exposure, diff avg -0.93 min -3.53 max 1.31 ms
[WW] Exposure timestamp 1675675904 was more than 1.5 IMU samples earlier than IMU ts 1675677700 by 1796 µS
[II] Device 0: joint reconstruction 12301 solved, 2 rejected, 12477 single-camera (0 observations arrived too late to count)
[WW] Exposure timestamp 1676847104 was more than 1.5 IMU samples earlier than IMU ts 1676848618 by 1514 µS
[II] HMD obs quality: full(strong+ids) 300 ids-verified 0 strong 0 prior-agree 0 reacquire 0 rejected 0 | flags: led-ids 300 strong 300
[II] frame-timing WMTD306Q701DEK: 300 frames, 0 missed exposure, diff avg -0.91 min -3.74 max 1.61 ms
[II] HMD obs quality: full(strong+ids) 300 ids-verified 0 strong 0 prior-agree 0 reacquire 0 rejected 0 | flags: led-ids 300 strong 300
[II] frame-timing WMTD3052400VZL: 300 frames, 0 missed exposure, diff avg -0.89 min -4.12 max 1.89 ms
[II] Device 0: joint reconstruction 12601 solved, 2 rejected, 12777 single-camera (0 observations arrived too late to count)
[II] HMD obs quality: full(strong+ids) 300 ids-verified 0 strong 0 prior-agree 0 reacquire 0 rejected 0 | flags: led-ids 300 strong 300
[II] frame-timing WMTD306Q701DEK: 300 frames, 0 missed exposure, diff avg -0.90 min -4.09 max 1.95 ms
[II] HMD obs quality: full(strong+ids) 300 ids-verified 0 strong 0 prior-agree 0 reacquire 0 rejected 0 | flags: led-ids 300 strong 300
[II] frame-timing WMTD3052400VZL: 300 frames, 0 missed exposure, diff avg -0.86 min -3.52 max 1.72 ms
[II] Device 0: joint reconstruction 12901 solved, 2 rejected, 13077 single-camera (0 observations arrived too late to count)
[II] HMD obs quality: full(strong+ids) 300 ids-verified 0 strong 0 prior-agree 0 reacquire 0 rejected 0 | flags: led-ids 300 strong 300
[II] frame-timing WMTD306Q701DEK: 300 frames, 0 missed exposure, diff avg -0.87 min -4.44 max 1.54 ms
[II] HMD obs quality: full(strong+ids) 300 ids-verified 0 strong 0 prior-agree 0 reacquire 0 rejected 0 | flags: led-ids 300 strong 300
[II] frame-timing WMTD3052400VZL: 300 frames, 0 missed exposure, diff avg -0.86 min -3.73 max 1.94 ms
[II] Device 0: joint reconstruction 13201 solved, 2 rejected, 13377 single-camera (0 observations arrived too late to count)
[WW] Exposure timestamp 1693589504 was more than 1.5 IMU samples earlier than IMU ts 1693591396 by 1892 µS
[II] HMD obs quality: full(strong+ids) 300 ids-verified 0 strong 0 prior-agree 0 reacquire 0 rejected 0 | flags: led-ids 300 strong 300
[WW] Exposure timestamp 1694856704 was more than 1.5 IMU samples earlier than IMU ts 1694858431 by 1727 µS
[II] frame-timing WMTD306Q701DEK: 300 frames, 0 missed exposure, diff avg -0.87 min -4.08 max 1.52 ms
[II] HMD obs quality: full(strong+ids) 300 ids-verified 0 strong 0 prior-agree 0 reacquire 0 rejected 0 | flags: led-ids 300 strong 300
[WW] Exposure timestamp 1697371904 was more than 1.5 IMU samples earlier than IMU ts 1697373472 by 1568 µS
[II] frame-timing WMTD3052400VZL: 300 frames, 0 missed exposure, diff avg -0.89 min -4.15 max 1.80 ms
[II] Device 0: joint reconstruction 13501 solved, 2 rejected, 13677 single-camera (0 observations arrived too late to count)
[II] HMD obs quality: full(strong+ids) 300 ids-verified 0 strong 0 prior-agree 0 reacquire 0 rejected 0 | flags: led-ids 300 strong 300
[II] frame-timing WMTD306Q701DEK: 300 frames, 0 missed exposure, diff avg -0.90 min -3.68 max 1.60 ms
[II] HMD obs quality: full(strong+ids) 300 ids-verified 0 strong 0 prior-agree 0 reacquire 0 rejected 0 | flags: led-ids 300 strong 300
[II] frame-timing WMTD3052400VZL: 300 frames, 0 missed exposure, diff avg -0.86 min -3.41 max 1.91 ms
[II] Device 0: joint reconstruction 13801 solved, 2 rejected, 13977 single-camera (0 observations arrived too late to count)
[II] HMD obs quality: full(strong+ids) 300 ids-verified 0 strong 0 prior-agree 0 reacquire 0 rejected 0 | flags: led-ids 300 strong 300
[II] frame-timing WMTD306Q701DEK: 300 frames, 0 missed exposure, diff avg -0.83 min -3.53 max 1.78 ms
[II] HMD obs quality: full(strong+ids) 300 ids-verified 0 strong 0 prior-agree 0 reacquire 0 rejected 0 | flags: led-ids 300 strong 300
[II] frame-timing WMTD3052400VZL: 300 frames, 0 missed exposure, diff avg -0.85 min -3.48 max 1.66 ms
[II] Device 0: joint reconstruction 14101 solved, 2 rejected, 14277 single-camera (0 observations arrived too late to count)
[II] HMD obs quality: full(strong+ids) 300 ids-verified 0 strong 0 prior-agree 0 reacquire 0 rejected 0 | flags: led-ids 300 strong 300
[II] frame-timing WMTD306Q701DEK: 300 frames, 0 missed exposure, diff avg -0.93 min -3.69 max 1.75 ms
[II] HMD obs quality: full(strong+ids) 300 ids-verified 0 strong 0 prior-agree 0 reacquire 0 rejected 0 | flags: led-ids 300 strong 300
[II] frame-timing WMTD3052400VZL: 300 frames, 0 missed exposure, diff avg -0.94 min -3.62 max 1.96 ms
[II] Device 0: joint reconstruction 14401 solved, 2 rejected, 14577 single-camera (0 observations arrived too late to count)
[II] HMD obs quality: full(strong+ids) 300 ids-verified 0 strong 0 prior-agree 0 reacquire 0 rejected 0 | flags: led-ids 300 strong 300
[II] frame-timing WMTD306Q701DEK: 300 frames, 0 missed exposure, diff avg -0.97 min -4.32 max 1.28 ms
[II] HMD obs quality: full(strong+ids) 300 ids-verified 0 strong 0 prior-agree 0 reacquire 0 rejected 0 | flags: led-ids 300 strong 300
[II] frame-timing WMTD3052400VZL: 300 frames, 0 missed exposure, diff avg -0.95 min -3.69 max 1.41 ms
[II] Device 0: joint reconstruction 14701 solved, 2 rejected, 14877 single-camera (0 observations arrived too late to count)
[II] HMD obs quality: full(strong+ids) 300 ids-verified 0 strong 0 prior-agree 0 reacquire 0 rejected 0 | flags: led-ids 300 strong 300
[II] frame-timing WMTD306Q701DEK: 300 frames, 0 missed exposure, diff avg -0.92 min -4.09 max 1.66 ms
[II] HMD obs quality: full(strong+ids) 300 ids-verified 0 strong 0 prior-agree 0 reacquire 0 rejected 0 | flags: led-ids 300 strong 300
[WW] Exposure timestamp 1726440704 was more than 1.5 IMU samples earlier than IMU ts 1726442359 by 1655 µS
[II] frame-timing WMTD3052400VZL: 300 frames, 0 missed exposure, diff avg -0.88 min -4.11 max 1.93 ms
[II] Device 0: joint reconstruction 15001 solved, 2 rejected, 15177 single-camera (0 observations arrived too late to count)
[II] HMD obs quality: full(strong+ids) 300 ids-verified 0 strong 0 prior-agree 0 reacquire 0 rejected 0 | flags: led-ids 300 strong 300
[II] frame-timing WMTD306Q701DEK: 300 frames, 0 missed exposure, diff avg -0.88 min -4.62 max 1.51 ms
[II] HMD obs quality: full(strong+ids) 300 ids-verified 0 strong 0 prior-agree 0 reacquire 0 rejected 0 | flags: led-ids 300 strong 300
[II] frame-timing WMTD3052400VZL: 300 frames, 0 missed exposure, diff avg -0.86 min -4.09 max 1.74 ms
[II] Device 0: joint reconstruction 15301 solved, 2 rejected, 15477 single-camera (0 observations arrived too late to count)
[II] HMD obs quality: full(strong+ids) 300 ids-verified 0 strong 0 prior-agree 0 reacquire 0 rejected 0 | flags: led-ids 300 strong 300
[WW] Exposure timestamp 1735618304 was more than 1.5 IMU samples earlier than IMU ts 1735620229 by 1925 µS
[II] frame-timing WMTD306Q701DEK: 300 frames, 0 missed exposure, diff avg -0.91 min -3.98 max 1.50 ms
[II] HMD obs quality: full(strong+ids) 300 ids-verified 0 strong 0 prior-agree 0 reacquire 0 rejected 0 | flags: led-ids 300 strong 300
[II] frame-timing WMTD3052400VZL: 300 frames, 0 missed exposure, diff avg -0.94 min -4.19 max 1.85 ms
[II] Device 0: joint reconstruction 15601 solved, 2 rejected, 15777 single-camera (0 observations arrived too late to count)
[II] HMD obs quality: full(strong+ids) 300 ids-verified 0 strong 0 prior-agree 0 reacquire 0 rejected 0 | flags: led-ids 300 strong 300
[II] frame-timing WMTD306Q701DEK: 300 frames, 0 missed exposure, diff avg -0.90 min -3.51 max 1.84 ms
[II] HMD obs quality: full(strong+ids) 300 ids-verified 0 strong 0 prior-agree 0 reacquire 0 rejected 0 | flags: led-ids 300 strong 300
[II] frame-timing WMTD3052400VZL: 300 frames, 0 missed exposure, diff avg -0.90 min -3.83 max 2.02 ms
[II] Device 0: joint reconstruction 15901 solved, 2 rejected, 16077 single-camera (0 observations arrived too late to count)
[II] HMD obs quality: full(strong+ids) 300 ids-verified 0 strong 0 prior-agree 0 reacquire 0 rejected 0 | flags: led-ids 300 strong 300
[II] frame-timing WMTD306Q701DEK: 300 frames, 0 missed exposure, diff avg -0.90 min -4.45 max 1.86 ms
[II] HMD obs quality: full(strong+ids) 300 ids-verified 0 strong 0 prior-agree 0 reacquire 0 rejected 0 | flags: led-ids 300 strong 300
[WW] Exposure timestamp 1749538304 was more than 1.5 IMU samples earlier than IMU ts 1749539842 by 1538 µS
[II] frame-timing WMTD3052400VZL: 300 frames, 0 missed exposure, diff avg -0.86 min -4.13 max 1.90 ms
[WW] Exposure timestamp 1750651904 was more than 1.5 IMU samples earlier than IMU ts 1750653654 by 1750 µS
[II] Device 0: joint reconstruction 16201 solved, 2 rejected, 16377 single-camera (0 observations arrived too late to count)
[WW] Exposure timestamp 1751784704 was more than 1.5 IMU samples earlier than IMU ts 1751786498 by 1794 µS
[II] HMD obs quality: full(strong+ids) 300 ids-verified 0 strong 0 prior-agree 0 reacquire 0 rejected 0 | flags: led-ids 300 strong 300
[II] frame-timing WMTD306Q701DEK: 300 frames, 0 missed exposure, diff avg -0.89 min -4.08 max 1.88 ms
[II] HMD obs quality: full(strong+ids) 300 ids-verified 0 strong 0 prior-agree 0 reacquire 0 rejected 0 | flags: led-ids 300 strong 300
[II] frame-timing WMTD3052400VZL: 300 frames, 0 missed exposure, diff avg -0.90 min -4.89 max 1.79 ms
[WW] Exposure timestamp 1755643904 was more than 1.5 IMU samples earlier than IMU ts 1755645829 by 1925 µS
[II] Device 0: joint reconstruction 16501 solved, 2 rejected, 16677 single-camera (0 observations arrived too late to count)
[II] HMD obs quality: full(strong+ids) 300 ids-verified 0 strong 0 prior-agree 0 reacquire 0 rejected 0 | flags: led-ids 300 strong 300
[II] frame-timing WMTD306Q701DEK: 300 frames, 0 missed exposure, diff avg -0.92 min -3.69 max 1.44 ms
[II] HMD obs quality: full(strong+ids) 300 ids-verified 0 strong 0 prior-agree 0 reacquire 0 rejected 0 | flags: led-ids 300 strong 300
[II] frame-timing WMTD3052400VZL: 300 frames, 0 missed exposure, diff avg -0.89 min -4.06 max 1.71 ms
[II] Device 0: joint reconstruction 16801 solved, 2 rejected, 16977 single-camera (0 observations arrived too late to count)
[II] HMD obs quality: full(strong+ids) 300 ids-verified 0 strong 0 prior-agree 0 reacquire 0 rejected 0 | flags: led-ids 300 strong 300
[II] frame-timing WMTD306Q701DEK: 300 frames, 0 missed exposure, diff avg -0.88 min -3.60 max 2.01 ms
[II] HMD obs quality: full(strong+ids) 300 ids-verified 0 strong 0 prior-agree 0 reacquire 0 rejected 0 | flags: led-ids 300 strong 300
[II] frame-timing WMTD3052400VZL: 300 frames, 0 missed exposure, diff avg -0.89 min -4.00 max 1.45 ms
[II] Device 0: joint reconstruction 17101 solved, 2 rejected, 17277 single-camera (0 observations arrived too late to count)
[II] HMD obs quality: full(strong+ids) 300 ids-verified 0 strong 0 prior-agree 0 reacquire 0 rejected 0 | flags: led-ids 300 strong 300
[II] frame-timing WMTD306Q701DEK: 300 frames, 0 missed exposure, diff avg -0.88 min -3.58 max 1.65 ms
[WW] Exposure timestamp 1771944704 was more than 1.5 IMU samples earlier than IMU ts 1771946385 by 1681 µS
[WW] Exposure timestamp 1772059904 was more than 1.5 IMU samples earlier than IMU ts 1772061573 by 1669 µS
[II] HMD obs quality: full(strong+ids) 300 ids-verified 0 strong 0 prior-agree 0 reacquire 0 rejected 0 | flags: led-ids 300 strong 300
[II] frame-timing WMTD3052400VZL: 300 frames, 0 missed exposure, diff avg -0.85 min -4.09 max 1.35 ms
[II] Device 0: joint reconstruction 17401 solved, 2 rejected, 17577 single-camera (0 observations arrived too late to count)
[II] HMD obs quality: full(strong+ids) 300 ids-verified 0 strong 0 prior-agree 0 reacquire 0 rejected 0 | flags: led-ids 300 strong 300
[WW] Exposure timestamp 1775131904 was more than 1.5 IMU samples earlier than IMU ts 1775133597 by 1693 µS
[II] frame-timing WMTD306Q701DEK: 300 frames, 0 missed exposure, diff avg -0.91 min -3.71 max 1.41 ms
[II] HMD obs quality: full(strong+ids) 300 ids-verified 0 strong 0 prior-agree 0 reacquire 0 rejected 0 | flags: led-ids 300 strong 300
[WW] Exposure timestamp 1778530304 was more than 1.5 IMU samples earlier than IMU ts 1778532158 by 1854 µS
[II] frame-timing WMTD3052400VZL: 300 frames, 0 missed exposure, diff avg -0.89 min -3.59 max 1.62 ms
[II] Device 0: joint reconstruction 17701 solved, 2 rejected, 17877 single-camera (0 observations arrived too late to count)
[WW] Exposure timestamp 1780488704 was more than 1.5 IMU samples earlier than IMU ts 1780490364 by 1660 µS
[II] HMD obs quality: full(strong+ids) 300 ids-verified 0 strong 0 prior-agree 0 reacquire 0 rejected 0 | flags: led-ids 300 strong 300
[II] frame-timing WMTD306Q701DEK: 300 frames, 0 missed exposure, diff avg -0.90 min -3.44 max 1.46 ms
[II] HMD obs quality: full(strong+ids) 300 ids-verified 0 strong 0 prior-agree 0 reacquire 0 rejected 0 | flags: led-ids 300 strong 300
[II] frame-timing WMTD3052400VZL: 300 frames, 0 missed exposure, diff avg -0.88 min -3.31 max 1.46 ms
[II] Device 0: joint reconstruction 18001 solved, 2 rejected, 18177 single-camera (0 observations arrived too late to count)
[II] HMD obs quality: full(strong+ids) 300 ids-verified 0 strong 0 prior-agree 0 reacquire 0 rejected 0 | flags: led-ids 300 strong 300
[II] frame-timing WMTD306Q701DEK: 300 frames, 0 missed exposure, diff avg -0.87 min -3.95 max 1.70 ms
[II] HMD obs quality: full(strong+ids) 300 ids-verified 0 strong 0 prior-agree 0 reacquire 0 rejected 0 | flags: led-ids 300 strong 300
[II] frame-timing WMTD3052400VZL: 300 frames, 0 missed exposure, diff avg -0.82 min -3.89 max 1.76 ms
[II] Device 0: joint reconstruction 18301 solved, 2 rejected, 18477 single-camera (0 observations arrived too late to count)
[II] HMD obs quality: full(strong+ids) 300 ids-verified 0 strong 0 prior-agree 0 reacquire 0 rejected 0 | flags: led-ids 300 strong 300
[II] frame-timing WMTD306Q701DEK: 300 frames, 0 missed exposure, diff avg -0.90 min -3.93 max 1.54 ms
[II] HMD obs quality: full(strong+ids) 300 ids-verified 0 strong 0 prior-agree 0 reacquire 0 rejected 0 | flags: led-ids 300 strong 300
[II] frame-timing WMTD3052400VZL: 300 frames, 0 missed exposure, diff avg -0.92 min -4.03 max 1.66 ms
[II] Device 0: joint reconstruction 18601 solved, 2 rejected, 18777 single-camera (0 observations arrived too late to count)
[II] HMD obs quality: full(strong+ids) 300 ids-verified 0 strong 0 prior-agree 0 reacquire 0 rejected 0 | flags: led-ids 300 strong 300
[II] frame-timing WMTD306Q701DEK: 300 frames, 0 missed exposure, diff avg -0.83 min -3.88 max 1.57 ms
[II] HMD obs quality: full(strong+ids) 300 ids-verified 0 strong 0 prior-agree 0 reacquire 0 rejected 0 | flags: led-ids 300 strong 300
[II] frame-timing WMTD3052400VZL: 300 frames, 0 missed exposure, diff avg -0.87 min -3.96 max 1.54 ms
[WW] Exposure timestamp 1802376704 was more than 1.5 IMU samples earlier than IMU ts 1802378286 by 1582 µS
[II] Device 0: joint reconstruction 18901 solved, 2 rejected, 19077 single-camera (0 observations arrived too late to count)
[WW] Exposure timestamp 1802952704 was more than 1.5 IMU samples earlier than IMU ts 1802954234 by 1530 µS
[II] HMD obs quality: full(strong+ids) 300 ids-verified 0 strong 0 prior-agree 0 reacquire 0 rejected 0 | flags: led-ids 300 strong 300
[II] frame-timing WMTD306Q701DEK: 300 frames, 0 missed exposure, diff avg -0.91 min -4.22 max 1.70 ms
[II] HMD obs quality: full(strong+ids) 300 ids-verified 0 strong 0 prior-agree 0 reacquire 0 rejected 0 | flags: led-ids 300 strong 300
[II] frame-timing WMTD3052400VZL: 300 frames, 0 missed exposure, diff avg -0.88 min -3.62 max 1.59 ms
[II] Device 0: joint reconstruction 19201 solved, 2 rejected, 19377 single-camera (0 observations arrived too late to count)
[II] HMD obs quality: full(strong+ids) 300 ids-verified 0 strong 0 prior-agree 0 reacquire 0 rejected 0 | flags: led-ids 300 strong 300
[II] frame-timing WMTD306Q701DEK: 300 frames, 0 missed exposure, diff avg -0.89 min -3.69 max 1.50 ms
[II] HMD obs quality: full(strong+ids) 300 ids-verified 0 strong 0 prior-agree 0 reacquire 0 rejected 0 | flags: led-ids 300 strong 300
[II] frame-timing WMTD3052400VZL: 300 frames, 0 missed exposure, diff avg -0.90 min -3.87 max 1.56 ms
[WW] Exposure timestamp 1814127104 was more than 1.5 IMU samples earlier than IMU ts 1814128638 by 1534 µS
[II] Device 0: joint reconstruction 19501 solved, 2 rejected, 19677 single-camera (0 observations arrived too late to count)
[II] HMD obs quality: full(strong+ids) 300 ids-verified 0 strong 0 prior-agree 0 reacquire 0 rejected 0 | flags: led-ids 300 strong 300
[II] frame-timing WMTD306Q701DEK: 300 frames, 0 missed exposure, diff avg -0.90 min -4.08 max 1.79 ms
[II] HMD obs quality: full(strong+ids) 300 ids-verified 0 strong 0 prior-agree 0 reacquire 0 rejected 0 | flags: led-ids 300 strong 300
[II] frame-timing WMTD3052400VZL: 300 frames, 0 missed exposure, diff avg -0.87 min -3.59 max 1.60 ms
[II] Device 0: joint reconstruction 19801 solved, 2 rejected, 19977 single-camera (0 observations arrived too late to count)
[II] HMD obs quality: full(strong+ids) 300 ids-verified 0 strong 0 prior-agree 0 reacquire 0 rejected 0 | flags: led-ids 300 strong 300
[WW] Exposure timestamp 1822555904 was more than 1.5 IMU samples earlier than IMU ts 1822557541 by 1637 µS
[II] frame-timing WMTD306Q701DEK: 300 frames, 0 missed exposure, diff avg -0.88 min -3.36 max 1.78 ms
[II] HMD obs quality: full(strong+ids) 300 ids-verified 0 strong 0 prior-agree 0 reacquire 0 rejected 0 | flags: led-ids 300 strong 300
[II] frame-timing WMTD3052400VZL: 300 frames, 0 missed exposure, diff avg -0.86 min -3.62 max 1.96 ms
[II] Device 0: joint reconstruction 20101 solved, 2 rejected, 20277 single-camera (0 observations arrived too late to count)
[II] HMD obs quality: full(strong+ids) 300 ids-verified 0 strong 0 prior-agree 0 reacquire 0 rejected 0 | flags: led-ids 300 strong 300
[II] frame-timing WMTD306Q701DEK: 300 frames, 0 missed exposure, diff avg -0.91 min -3.57 max 1.34 ms
[II] HMD obs quality: full(strong+ids) 300 ids-verified 0 strong 0 prior-agree 0 reacquire 0 rejected 0 | flags: led-ids 300 strong 300
[II] frame-timing WMTD3052400VZL: 300 frames, 0 missed exposure, diff avg -0.93 min -3.69 max 1.47 ms
[WW] Exposure timestamp 1830408704 was more than 1.5 IMU samples earlier than IMU ts 1830410514 by 1810 µS
[II] Device 0: joint reconstruction 20401 solved, 2 rejected, 20577 single-camera (0 observations arrived too late to count)
[II] HMD obs quality: full(strong+ids) 300 ids-verified 0 strong 0 prior-agree 0 reacquire 0 rejected 0 | flags: led-ids 300 strong 300
[II] frame-timing WMTD306Q701DEK: 300 frames, 0 missed exposure, diff avg -0.92 min -4.05 max 1.39 ms
[II] HMD obs quality: full(strong+ids) 300 ids-verified 0 strong 0 prior-agree 0 reacquire 0 rejected 0 | flags: led-ids 300 strong 300
[II] frame-timing WMTD3052400VZL: 300 frames, 0 missed exposure, diff avg -0.91 min -4.06 max 1.38 ms
[II] Device 0: joint reconstruction 20701 solved, 2 rejected, 20877 single-camera (0 observations arrived too late to count)
[II] HMD obs quality: full(strong+ids) 300 ids-verified 0 strong 0 prior-agree 0 reacquire 0 rejected 0 | flags: led-ids 300 strong 300
[II] frame-timing WMTD306Q701DEK: 300 frames, 0 missed exposure, diff avg -0.88 min -3.56 max 1.63 ms
[II] HMD obs quality: full(strong+ids) 300 ids-verified 0 strong 0 prior-agree 0 reacquire 0 rejected 0 | flags: led-ids 300 strong 300
[II] frame-timing WMTD3052400VZL: 300 frames, 0 missed exposure, diff avg -0.83 min -3.71 max 1.77 ms
[II] Device 0: joint reconstruction 21001 solved, 2 rejected, 21177 single-camera (0 observations arrived too late to count)
[II] HMD obs quality: full(strong+ids) 300 ids-verified 0 strong 0 prior-agree 0 reacquire 0 rejected 0 | flags: led-ids 300 strong 300
[WW] Exposure timestamp 1844808704 was more than 1.5 IMU samples earlier than IMU ts 1844810353 by 1649 µS
[II] frame-timing WMTD306Q701DEK: 300 frames, 0 missed exposure, diff avg -0.84 min -3.75 max 1.68 ms
[II] HMD obs quality: full(strong+ids) 300 ids-verified 0 strong 0 prior-agree 0 reacquire 0 rejected 0 | flags: led-ids 300 strong 300
[II] frame-timing WMTD3052400VZL: 300 frames, 0 missed exposure, diff avg -0.86 min -4.14 max 1.54 ms
[II] Device 0: joint reconstruction 21301 solved, 2 rejected, 21477 single-camera (0 observations arrived too late to count)
[II] HMD obs quality: full(strong+ids) 300 ids-verified 0 strong 0 prior-agree 0 reacquire 0 rejected 0 | flags: led-ids 300 strong 300
[WW] Exposure timestamp 1851336704 was more than 1.5 IMU samples earlier than IMU ts 1851338225 by 1521 µS
[WW] Exposure timestamp 1851970304 was more than 1.5 IMU samples earlier than IMU ts 1851972231 by 1927 µS
[II] frame-timing WMTD306Q701DEK: 300 frames, 0 missed exposure, diff avg -0.88 min -3.72 max 1.77 ms
[II] HMD obs quality: full(strong+ids) 300 ids-verified 0 strong 0 prior-agree 0 reacquire 0 rejected 0 | flags: led-ids 300 strong 300
[II] frame-timing WMTD3052400VZL: 300 frames, 0 missed exposure, diff avg -0.89 min -3.72 max 1.55 ms
[II] Device 0: joint reconstruction 21601 solved, 2 rejected, 21777 single-camera (0 observations arrived too late to count)
[II] HMD obs quality: full(strong+ids) 300 ids-verified 0 strong 0 prior-agree 0 reacquire 0 rejected 0 | flags: led-ids 300 strong 300
[II] frame-timing WMTD306Q701DEK: 300 frames, 0 missed exposure, diff avg -0.91 min -3.67 max 1.52 ms
[II] HMD obs quality: full(strong+ids) 300 ids-verified 0 strong 0 prior-agree 0 reacquire 0 rejected 0 | flags: led-ids 300 strong 300
[II] frame-timing WMTD3052400VZL: 300 frames, 0 missed exposure, diff avg -0.85 min -3.92 max 1.37 ms
[II] Device 0: joint reconstruction 21901 solved, 2 rejected, 22077 single-camera (0 observations arrived too late to count)
[II] HMD obs quality: full(strong+ids) 300 ids-verified 0 strong 0 prior-agree 0 reacquire 0 rejected 0 | flags: led-ids 300 strong 300
[II] frame-timing WMTD306Q701DEK: 300 frames, 0 missed exposure, diff avg -0.88 min -4.01 max 1.72 ms
[II] HMD obs quality: full(strong+ids) 300 ids-verified 0 strong 0 prior-agree 0 reacquire 0 rejected 0 | flags: led-ids 300 strong 300
[II] frame-timing WMTD3052400VZL: 300 frames, 0 missed exposure, diff avg -0.91 min -4.06 max 1.69 ms
[II] Device 0: joint reconstruction 22201 solved, 2 rejected, 22377 single-camera (0 observations arrived too late to count)
[WW] Exposure timestamp 1866408704 was more than 1.5 IMU samples earlier than IMU ts 1866410222 by 1518 µS
[II] HMD obs quality: full(strong+ids) 300 ids-verified 0 strong 0 prior-agree 0 reacquire 0 rejected 0 | flags: led-ids 300 strong 300
[WW] Exposure timestamp 1868328704 was more than 1.5 IMU samples earlier than IMU ts 1868330417 by 1713 µS
[WW] Exposure timestamp 1869595904 was more than 1.5 IMU samples earlier than IMU ts 1869597526 by 1622 µS
[II] frame-timing WMTD306Q701DEK: 300 frames, 0 missed exposure, diff avg -0.91 min -3.78 max 1.49 ms
[II] HMD obs quality: full(strong+ids) 300 ids-verified 0 strong 0 prior-agree 0 reacquire 0 rejected 0 | flags: led-ids 300 strong 300
[II] frame-timing WMTD3052400VZL: 300 frames, 0 missed exposure, diff avg -0.89 min -3.55 max 1.42 ms
[II] Device 0: joint reconstruction 22501 solved, 2 rejected, 22677 single-camera (0 observations arrived too late to count)
[II] HMD obs quality: full(strong+ids) 300 ids-verified 0 strong 0 prior-agree 0 reacquire 0 rejected 0 | flags: led-ids 300 strong 300
[II] frame-timing WMTD306Q701DEK: 300 frames, 0 missed exposure, diff avg -0.91 min -3.68 max 1.47 ms
[II] HMD obs quality: full(strong+ids) 300 ids-verified 0 strong 0 prior-agree 0 reacquire 0 rejected 0 | flags: led-ids 300 strong 300
[II] frame-timing WMTD3052400VZL: 300 frames, 0 missed exposure, diff avg -0.92 min -4.20 max 1.55 ms
[II] Device 0: joint reconstruction 22801 solved, 2 rejected, 22977 single-camera (0 observations arrived too late to count)
[II] HMD obs quality: full(strong+ids) 300 ids-verified 0 strong 0 prior-agree 0 reacquire 0 rejected 0 | flags: led-ids 300 strong 300
[II] frame-timing WMTD306Q701DEK: 300 frames, 0 missed exposure, diff avg -0.85 min -4.00 max 1.66 ms
[II] HMD obs quality: full(strong+ids) 300 ids-verified 0 strong 0 prior-agree 0 reacquire 0 rejected 0 | flags: led-ids 300 strong 300
[II] frame-timing WMTD3052400VZL: 300 frames, 0 missed exposure, diff avg -0.83 min -3.41 max 1.73 ms
[II] Device 0: joint reconstruction 23101 solved, 2 rejected, 23277 single-camera (0 observations arrived too late to count)
[II] HMD obs quality: full(strong+ids) 300 ids-verified 0 strong 0 prior-agree 0 reacquire 0 rejected 0 | flags: led-ids 300 strong 300
[WW] Exposure timestamp 1885032704 was more than 1.5 IMU samples earlier than IMU ts 1885034298 by 1594 µS
[II] frame-timing WMTD306Q701DEK: 300 frames, 0 missed exposure, diff avg -0.90 min -3.49 max 1.59 ms
[II] HMD obs quality: full(strong+ids) 300 ids-verified 0 strong 0 prior-agree 0 reacquire 0 rejected 0 | flags: led-ids 300 strong 300
[WW] Exposure timestamp 1887643904 was more than 1.5 IMU samples earlier than IMU ts 1887645611 by 1707 µS
[II] frame-timing WMTD3052400VZL: 300 frames, 0 missed exposure, diff avg -0.89 min -3.98 max 1.81 ms
[II] Device 0: joint reconstruction 23401 solved, 2 rejected, 23577 single-camera (0 observations arrived too late to count)
[II] HMD obs quality: full(strong+ids) 300 ids-verified 0 strong 0 prior-agree 0 reacquire 0 rejected 0 | flags: led-ids 300 strong 300
[II] frame-timing WMTD306Q701DEK: 300 frames, 0 missed exposure, diff avg -0.90 min -3.85 max 1.81 ms
[II] HMD obs quality: full(strong+ids) 300 ids-verified 0 strong 0 prior-agree 0 reacquire 0 rejected 0 | flags: led-ids 300 strong 300
[II] frame-timing WMTD3052400VZL: 300 frames, 0 missed exposure, diff avg -0.93 min -4.21 max 1.74 ms
[II] Device 0: joint reconstruction 23701 solved, 2 rejected, 23877 single-camera (0 observations arrived too late to count)
[II] HMD obs quality: full(strong+ids) 300 ids-verified 0 strong 0 prior-agree 0 reacquire 0 rejected 0 | flags: led-ids 300 strong 300
[II] frame-timing WMTD306Q701DEK: 300 frames, 0 missed exposure, diff avg -0.94 min -3.43 max 1.36 ms
[II] HMD obs quality: full(strong+ids) 300 ids-verified 0 strong 0 prior-agree 0 reacquire 0 rejected 0 | flags: led-ids 300 strong 300
[II] frame-timing WMTD3052400VZL: 300 frames, 0 missed exposure, diff avg -0.94 min -4.07 max 1.48 ms
[WW] Exposure timestamp 1899643904 was more than 1.5 IMU samples earlier than IMU ts 1899645661 by 1757 µS
[WW] Exposure timestamp 1899759104 was more than 1.5 IMU samples earlier than IMU ts 1899760854 by 1750 µS
[II] Device 0: joint reconstruction 24001 solved, 2 rejected, 24177 single-camera (0 observations arrived too late to count)
[II] HMD obs quality: full(strong+ids) 300 ids-verified 0 strong 0 prior-agree 0 reacquire 0 rejected 0 | flags: led-ids 300 strong 300
[WW] Exposure timestamp 1903272704 was more than 1.5 IMU samples earlier than IMU ts 1903274778 by 2074 µS
[II] frame-timing WMTD306Q701DEK: 300 frames, 0 missed exposure, diff avg -0.93 min -3.71 max 1.55 ms
[II] HMD obs quality: full(strong+ids) 300 ids-verified 0 strong 0 prior-agree 0 reacquire 0 rejected 0 | flags: led-ids 300 strong 300
[II] frame-timing WMTD3052400VZL: 300 frames, 0 missed exposure, diff avg -0.88 min -4.02 max 1.62 ms
[II] Device 0: joint reconstruction 24301 solved, 2 rejected, 24477 single-camera (0 observations arrived too late to count)
[WW] Exposure timestamp 1906863104 was more than 1.5 IMU samples earlier than IMU ts 1906864741 by 1637 µS
[II] HMD obs quality: full(strong+ids) 300 ids-verified 0 strong 0 prior-agree 0 reacquire 0 rejected 0 | flags: led-ids 300 strong 300
[II] frame-timing WMTD306Q701DEK: 300 frames, 0 missed exposure, diff avg -0.87 min -4.15 max 1.55 ms
[II] HMD obs quality: full(strong+ids) 300 ids-verified 0 strong 0 prior-agree 0 reacquire 0 rejected 0 | flags: led-ids 300 strong 300
[II] frame-timing WMTD3052400VZL: 300 frames, 0 missed exposure, diff avg -0.89 min -4.13 max 1.69 ms
[II] Device 0: joint reconstruction 24601 solved, 2 rejected, 24777 single-camera (0 observations arrived too late to count)
[II] HMD obs quality: full(strong+ids) 300 ids-verified 0 strong 0 prior-agree 0 reacquire 0 rejected 0 | flags: led-ids 300 strong 300
[II] frame-timing WMTD306Q701DEK: 300 frames, 0 missed exposure, diff avg -0.87 min -3.55 max 1.67 ms
[II] HMD obs quality: full(strong+ids) 300 ids-verified 0 strong 0 prior-agree 0 reacquire 0 rejected 0 | flags: led-ids 300 strong 300
[II] frame-timing WMTD3052400VZL: 300 frames, 0 missed exposure, diff avg -0.88 min -3.51 max 1.54 ms
[II] Device 0: joint reconstruction 24901 solved, 2 rejected, 25077 single-camera (0 observations arrived too late to count)
[II] HMD obs quality: full(strong+ids) 300 ids-verified 0 strong 0 prior-agree 0 reacquire 0 rejected 0 | flags: led-ids 300 strong 300
[II] frame-timing WMTD306Q701DEK: 300 frames, 0 missed exposure, diff avg -0.83 min -3.20 max 1.67 ms
[II] HMD obs quality: full(strong+ids) 300 ids-verified 0 strong 0 prior-agree 0 reacquire 0 rejected 0 | flags: led-ids 300 strong 300
[II] frame-timing WMTD3052400VZL: 300 frames, 0 missed exposure, diff avg -0.82 min -3.19 max 1.62 ms
[II] Device 0: joint reconstruction 25201 solved, 2 rejected, 25377 single-camera (0 observations arrived too late to count)
[II] HMD obs quality: full(strong+ids) 300 ids-verified 0 strong 0 prior-agree 0 reacquire 0 rejected 0 | flags: led-ids 300 strong 300
[II] frame-timing WMTD306Q701DEK: 300 frames, 0 missed exposure, diff avg -0.90 min -3.72 max 1.50 ms
[II] HMD obs quality: full(strong+ids) 300 ids-verified 0 strong 0 prior-agree 0 reacquire 0 rejected 0 | flags: led-ids 300 strong 300
[WW] Exposure timestamp 1928002304 was more than 1.5 IMU samples earlier than IMU ts 1928004189 by 1885 µS
[WW] Exposure timestamp 1928136704 was more than 1.5 IMU samples earlier than IMU ts 1928138415 by 1711 µS
[II] frame-timing WMTD3052400VZL: 300 frames, 0 missed exposure, diff avg -0.89 min -5.03 max 1.69 ms
[II] Device 0: joint reconstruction 25501 solved, 2 rejected, 25677 single-camera (0 observations arrived too late to count)
[II] HMD obs quality: full(strong+ids) 300 ids-verified 0 strong 0 prior-agree 0 reacquire 0 rejected 0 | flags: led-ids 300 strong 300
[II] frame-timing WMTD306Q701DEK: 300 frames, 0 missed exposure, diff avg -0.92 min -3.84 max 1.83 ms
[II] HMD obs quality: full(strong+ids) 300 ids-verified 0 strong 0 prior-agree 0 reacquire 0 rejected 0 | flags: led-ids 300 strong 300
[II] frame-timing WMTD3052400VZL: 300 frames, 0 missed exposure, diff avg -0.87 min -3.77 max 1.82 ms
[II] Device 0: joint reconstruction 25801 solved, 2 rejected, 25977 single-camera (0 observations arrived too late to count)
[II] HMD obs quality: full(strong+ids) 300 ids-verified 0 strong 0 prior-agree 0 reacquire 0 rejected 0 | flags: led-ids 300 strong 300
[II] frame-timing WMTD306Q701DEK: 300 frames, 0 missed exposure, diff avg -0.88 min -3.70 max 1.64 ms
[II] HMD obs quality: full(strong+ids) 300 ids-verified 0 strong 0 prior-agree 0 reacquire 0 rejected 0 | flags: led-ids 300 strong 300
[II] frame-timing WMTD3052400VZL: 300 frames, 0 missed exposure, diff avg -0.87 min -4.16 max 1.92 ms
[II] Device 0: joint reconstruction 26101 solved, 2 rejected, 26277 single-camera (0 observations arrived too late to count)
[II] HMD obs quality: full(strong+ids) 300 ids-verified 0 strong 0 prior-agree 0 reacquire 0 rejected 0 | flags: led-ids 300 strong 300
[II] frame-timing WMTD306Q701DEK: 300 frames, 0 missed exposure, diff avg -0.89 min -3.43 max 1.91 ms
[WW] Exposure timestamp 1944859904 was more than 1.5 IMU samples earlier than IMU ts 1944861534 by 1630 µS
[II] HMD obs quality: full(strong+ids) 300 ids-verified 0 strong 0 prior-agree 0 reacquire 0 rejected 0 | flags: led-ids 300 strong 300
[II] frame-timing WMTD3052400VZL: 300 frames, 0 missed exposure, diff avg -0.91 min -3.80 max 1.57 ms
[WW] Exposure timestamp 1946472704 was more than 1.5 IMU samples earlier than IMU ts 1946474258 by 1554 µS
[II] Device 0: joint reconstruction 26401 solved, 2 rejected, 26577 single-camera (0 observations arrived too late to count)
[II] HMD obs quality: full(strong+ids) 300 ids-verified 0 strong 0 prior-agree 0 reacquire 0 rejected 0 | flags: led-ids 300 strong 300
[II] frame-timing WMTD306Q701DEK: 300 frames, 0 missed exposure, diff avg -0.92 min -4.14 max 1.93 ms
[II] HMD obs quality: full(strong+ids) 300 ids-verified 0 strong 0 prior-agree 0 reacquire 0 rejected 0 | flags: led-ids 300 strong 300
[II] frame-timing WMTD3052400VZL: 300 frames, 0 missed exposure, diff avg -0.86 min -3.47 max 1.94 ms
[II] Device 0: joint reconstruction 26701 solved, 2 rejected, 26877 single-camera (0 observations arrived too late to count)
[II] HMD obs quality: full(strong+ids) 300 ids-verified 0 strong 0 prior-agree 0 reacquire 0 rejected 0 | flags: led-ids 300 strong 300
[II] frame-timing WMTD306Q701DEK: 300 frames, 0 missed exposure, diff avg -0.83 min -3.73 max 1.66 ms
[II] HMD obs quality: full(strong+ids) 300 ids-verified 0 strong 0 prior-agree 0 reacquire 0 rejected 0 | flags: led-ids 300 strong 300
[II] frame-timing WMTD3052400VZL: 300 frames, 0 missed exposure, diff avg -0.85 min -3.92 max 1.97 ms
[II] Device 0: joint reconstruction 27001 solved, 2 rejected, 27177 single-camera (0 observations arrived too late to count)
[II] HMD obs quality: full(strong+ids) 300 ids-verified 0 strong 0 prior-agree 0 reacquire 0 rejected 0 | flags: led-ids 300 strong 300
[II] frame-timing WMTD306Q701DEK: 300 frames, 0 missed exposure, diff avg -0.90 min -3.64 max 1.65 ms
[II] HMD obs quality: full(strong+ids) 300 ids-verified 0 strong 0 prior-agree 0 reacquire 0 rejected 0 | flags: led-ids 300 strong 300
[WW] Exposure timestamp 1962619904 was more than 1.5 IMU samples earlier than IMU ts 1962621469 by 1565 µS
[II] frame-timing WMTD3052400VZL: 300 frames, 0 missed exposure, diff avg -0.91 min -4.38 max 1.64 ms
[WW] Exposure timestamp 1963656704 was more than 1.5 IMU samples earlier than IMU ts 1963658218 by 1514 µS
[II] Device 0: joint reconstruction 27301 solved, 2 rejected, 27477 single-camera (0 observations arrived too late to count)
[II] HMD obs quality: full(strong+ids) 300 ids-verified 0 strong 0 prior-agree 0 reacquire 0 rejected 0 | flags: led-ids 300 strong 300
[II] frame-timing WMTD306Q701DEK: 300 frames, 0 missed exposure, diff avg -0.87 min -3.92 max 1.68 ms
[II] HMD obs quality: full(strong+ids) 300 ids-verified 0 strong 0 prior-agree 0 reacquire 0 rejected 0 | flags: led-ids 300 strong 300
[II] frame-timing WMTD3052400VZL: 300 frames, 0 missed exposure, diff avg -0.85 min -4.08 max 1.61 ms
[II] Device 0: joint reconstruction 27601 solved, 2 rejected, 27777 single-camera (0 observations arrived too late to count)
[II] HMD obs quality: full(strong+ids) 300 ids-verified 0 strong 0 prior-agree 0 reacquire 0 rejected 0 | flags: led-ids 300 strong 300
[II] frame-timing WMTD306Q701DEK: 300 frames, 0 missed exposure, diff avg -0.87 min -3.71 max 2.16 ms
[II] HMD obs quality: full(strong+ids) 300 ids-verified 0 strong 0 prior-agree 0 reacquire 0 rejected 0 | flags: led-ids 300 strong 300
[II] frame-timing WMTD3052400VZL: 300 frames, 0 missed exposure, diff avg -0.86 min -3.88 max 1.57 ms
[II] Device 0: joint reconstruction 27901 solved, 2 rejected, 28077 single-camera (0 observations arrived too late to count)
[WW] Exposure timestamp 1976347904 was more than 1.5 IMU samples earlier than IMU ts 1976349657 by 1753 µS
[II] HMD obs quality: full(strong+ids) 300 ids-verified 0 strong 0 prior-agree 0 reacquire 0 rejected 0 | flags: led-ids 300 strong 300
[II] frame-timing WMTD306Q701DEK: 300 frames, 0 missed exposure, diff avg -0.93 min -4.05 max 1.48 ms
[II] HMD obs quality: full(strong+ids) 300 ids-verified 0 strong 0 prior-agree 0 reacquire 0 rejected 0 | flags: led-ids 300 strong 300
[WW] Exposure timestamp 1979803904 was more than 1.5 IMU samples earlier than IMU ts 1979805500 by 1596 µS
[II] frame-timing WMTD3052400VZL: 300 frames, 0 missed exposure, diff avg -0.91 min -3.92 max 1.73 ms
[II] Device 0: joint reconstruction 28201 solved, 2 rejected, 28377 single-camera (0 observations arrived too late to count)
[II] HMD obs quality: full(strong+ids) 300 ids-verified 0 strong 0 prior-agree 0 reacquire 0 rejected 0 | flags: led-ids 300 strong 300
[WW] Exposure timestamp 1983471104 was more than 1.5 IMU samples earlier than IMU ts 1983472704 by 1600 µS
[II] frame-timing WMTD306Q701DEK: 300 frames, 0 missed exposure, diff avg -0.91 min -4.27 max 1.49 ms
[II] HMD obs quality: full(strong+ids) 300 ids-verified 0 strong 0 prior-agree 0 reacquire 0 rejected 0 | flags: led-ids 300 strong 300
[II] frame-timing WMTD3052400VZL: 300 frames, 0 missed exposure, diff avg -0.91 min -3.70 max 1.69 ms
[II] Device 0: joint reconstruction 28501 solved, 2 rejected, 28677 single-camera (0 observations arrived too late to count)
[II] HMD obs quality: full(strong+ids) 300 ids-verified 0 strong 0 prior-agree 0 reacquire 0 rejected 0 | flags: led-ids 300 strong 300
[II] frame-timing WMTD306Q701DEK: 300 frames, 0 missed exposure, diff avg -0.85 min -3.70 max 1.80 ms
[II] HMD obs quality: full(strong+ids) 300 ids-verified 0 strong 0 prior-agree 0 reacquire 0 rejected 0 | flags: led-ids 300 strong 300
[II] frame-timing WMTD3052400VZL: 300 frames, 0 missed exposure, diff avg -0.82 min -4.41 max 2.04 ms
[II] Device 0: joint reconstruction 28801 solved, 2 rejected, 28977 single-camera (0 observations arrived too late to count)
[II] HMD obs quality: full(strong+ids) 300 ids-verified 0 strong 0 prior-agree 0 reacquire 0 rejected 0 | flags: led-ids 300 strong 300
[II] frame-timing WMTD306Q701DEK: 300 frames, 0 missed exposure, diff avg -0.97 min -3.88 max 1.58 ms
[II] HMD obs quality: full(strong+ids) 300 ids-verified 0 strong 0 prior-agree 0 reacquire 0 rejected 0 | flags: led-ids 300 strong 300
[II] frame-timing WMTD3052400VZL: 300 frames, 0 missed exposure, diff avg -0.96 min -3.62 max 1.45 ms
[II] Device 0: joint reconstruction 29101 solved, 2 rejected, 29277 single-camera (0 observations arrived too late to count)
[II] HMD obs quality: full(strong+ids) 300 ids-verified 0 strong 0 prior-agree 0 reacquire 0 rejected 0 | flags: led-ids 300 strong 300
[II] frame-timing WMTD306Q701DEK: 300 frames, 0 missed exposure, diff avg -0.87 min -4.43 max 1.68 ms
[II] HMD obs quality: full(strong+ids) 300 ids-verified 0 strong 0 prior-agree 0 reacquire 0 rejected 0 | flags: led-ids 300 strong 300
[II] frame-timing WMTD3052400VZL: 300 frames, 0 missed exposure, diff avg -0.86 min -4.63 max 1.88 ms
[II] Device 0: joint reconstruction 29401 solved, 2 rejected, 29577 single-camera (0 observations arrived too late to count)
[II] HMD obs quality: full(strong+ids) 300 ids-verified 0 strong 0 prior-agree 0 reacquire 0 rejected 0 | flags: led-ids 300 strong 300
[WW] Exposure timestamp 2006971904 was more than 1.5 IMU samples earlier than IMU ts 2006973530 by 1626 µS
[WW] Exposure timestamp 2007202304 was more than 1.5 IMU samples earlier than IMU ts 2007203922 by 1618 µS
[II] frame-timing WMTD306Q701DEK: 300 frames, 0 missed exposure, diff avg -0.87 min -4.00 max 1.84 ms
[II] HMD obs quality: full(strong+ids) 300 ids-verified 0 strong 0 prior-agree 0 reacquire 0 rejected 0 | flags: led-ids 300 strong 300
[II] frame-timing WMTD3052400VZL: 300 frames, 0 missed exposure, diff avg -0.90 min -3.69 max 1.57 ms
[II] Device 0: joint reconstruction 29701 solved, 2 rejected, 29877 single-camera (0 observations arrived too late to count)
[II] HMD obs quality: full(strong+ids) 300 ids-verified 0 strong 0 prior-agree 0 reacquire 0 rejected 0 | flags: led-ids 300 strong 300
[II] frame-timing WMTD306Q701DEK: 300 frames, 0 missed exposure, diff avg -0.90 min -3.92 max 1.52 ms
[II] HMD obs quality: full(strong+ids) 300 ids-verified 0 strong 0 prior-agree 0 reacquire 0 rejected 0 | flags: led-ids 300 strong 300
[WW] Exposure timestamp 2014075904 was more than 1.5 IMU samples earlier than IMU ts 2014077592 by 1688 µS
[II] frame-timing WMTD3052400VZL: 300 frames, 0 missed exposure, diff avg -0.91 min -3.33 max 2.16 ms
[WW] Exposure timestamp 2015208704 was more than 1.5 IMU samples earlier than IMU ts 2015210517 by 1813 µS
[II] Device 0: joint reconstruction 30001 solved, 2 rejected, 30177 single-camera (0 observations arrived too late to count)
[II] HMD obs quality: full(strong+ids) 300 ids-verified 0 strong 0 prior-agree 0 reacquire 0 rejected 0 | flags: led-ids 300 strong 300
[II] frame-timing WMTD306Q701DEK: 300 frames, 0 missed exposure, diff avg -0.94 min -3.68 max 2.06 ms
[II] HMD obs quality: full(strong+ids) 300 ids-verified 0 strong 0 prior-agree 0 reacquire 0 rejected 0 | flags: led-ids 300 strong 300
[II] frame-timing WMTD3052400VZL: 300 frames, 0 missed exposure, diff avg -0.92 min -3.65 max 1.81 ms
[WW] Exposure timestamp 2021314304 was more than 1.5 IMU samples earlier than IMU ts 2021315894 by 1590 µS
[II] Device 0: joint reconstruction 30301 solved, 2 rejected, 30477 single-camera (0 observations arrived too late to count)
[II] HMD obs quality: full(strong+ids) 300 ids-verified 0 strong 0 prior-agree 0 reacquire 0 rejected 0 | flags: led-ids 300 strong 300
[WW] Exposure timestamp 2023483904 was more than 1.5 IMU samples earlier than IMU ts 2023485581 by 1677 µS
[II] frame-timing WMTD306Q701DEK: 300 frames, 0 missed exposure, diff avg -0.96 min -5.08 max 1.59 ms
[II] HMD obs quality: full(strong+ids) 300 ids-verified 0 strong 0 prior-agree 0 reacquire 0 rejected 0 | flags: led-ids 300 strong 300
[II] frame-timing WMTD3052400VZL: 300 frames, 0 missed exposure, diff avg -0.93 min -3.99 max 1.33 ms
[II] Device 0: joint reconstruction 30601 solved, 2 rejected, 30777 single-camera (0 observations arrived too late to count)
[WW] Exposure timestamp 2027496704 was more than 1.5 IMU samples earlier than IMU ts 2027498407 by 1703 µS
[II] HMD obs quality: full(strong+ids) 300 ids-verified 0 strong 0 prior-agree 0 reacquire 0 rejected 0 | flags: led-ids 300 strong 300
[II] frame-timing WMTD306Q701DEK: 300 frames, 0 missed exposure, diff avg -0.86 min -4.61 max 1.40 ms
[II] HMD obs quality: full(strong+ids) 300 ids-verified 0 strong 0 prior-agree 0 reacquire 0 rejected 0 | flags: led-ids 300 strong 300
[II] frame-timing WMTD3052400VZL: 300 frames, 0 missed exposure, diff avg -0.87 min -3.87 max 1.74 ms
[II] Device 0: joint reconstruction 30901 solved, 2 rejected, 31077 single-camera (0 observations arrived too late to count)
[II] HMD obs quality: full(strong+ids) 300 ids-verified 0 strong 0 prior-agree 0 reacquire 0 rejected 0 | flags: led-ids 300 strong 300
[II] frame-timing WMTD306Q701DEK: 300 frames, 0 missed exposure, diff avg -0.84 min -3.46 max 1.53 ms
[II] HMD obs quality: full(strong+ids) 300 ids-verified 0 strong 0 prior-agree 0 reacquire 0 rejected 0 | flags: led-ids 300 strong 300
[II] frame-timing WMTD3052400VZL: 300 frames, 0 missed exposure, diff avg -0.86 min -3.63 max 1.83 ms
[WW] Exposure timestamp 2038632704 was more than 1.5 IMU samples earlier than IMU ts 2038634365 by 1661 µS
[II] Device 0: joint reconstruction 31201 solved, 2 rejected, 31377 single-camera (0 observations arrived too late to count)
[II] HMD obs quality: full(strong+ids) 300 ids-verified 0 strong 0 prior-agree 0 reacquire 0 rejected 0 | flags: led-ids 300 strong 300
[WW] Exposure timestamp 2042088704 was more than 1.5 IMU samples earlier than IMU ts 2042090253 by 1549 µS
[II] frame-timing WMTD306Q701DEK: 300 frames, 0 missed exposure, diff avg -0.97 min -4.34 max 1.99 ms
[II] HMD obs quality: full(strong+ids) 300 ids-verified 0 strong 0 prior-agree 0 reacquire 0 rejected 0 | flags: led-ids 300 strong 300
[II] frame-timing WMTD3052400VZL: 300 frames, 0 missed exposure, diff avg -0.91 min -3.75 max 1.58 ms
[II] Device 0: joint reconstruction 31501 solved, 2 rejected, 31677 single-camera (0 observations arrived too late to count)
[WW] Exposure timestamp 2045179904 was more than 1.5 IMU samples earlier than IMU ts 2045181522 by 1618 µS
[II] HMD obs quality: full(strong+ids) 300 ids-verified 0 strong 0 prior-agree 0 reacquire 0 rejected 0 | flags: led-ids 300 strong 300
[II] frame-timing WMTD306Q701DEK: 300 frames, 0 missed exposure, diff avg -0.85 min -3.99 max 1.79 ms
[II] HMD obs quality: full(strong+ids) 300 ids-verified 0 strong 0 prior-agree 0 reacquire 0 rejected 0 | flags: led-ids 300 strong 300
[II] frame-timing WMTD3052400VZL: 300 frames, 0 missed exposure, diff avg -0.87 min -3.64 max 2.05 ms
[II] Device 0: joint reconstruction 31801 solved, 2 rejected, 31977 single-camera (0 observations arrived too late to count)
[II] HMD obs quality: full(strong+ids) 300 ids-verified 0 strong 0 prior-agree 0 reacquire 0 rejected 0 | flags: led-ids 300 strong 300
[II] frame-timing WMTD306Q701DEK: 300 frames, 0 missed exposure, diff avg -0.85 min -3.28 max 1.77 ms
[II] HMD obs quality: full(strong+ids) 300 ids-verified 0 strong 0 prior-agree 0 reacquire 0 rejected 0 | flags: led-ids 300 strong 300
[II] frame-timing WMTD3052400VZL: 300 frames, 0 missed exposure, diff avg -0.87 min -3.67 max 1.64 ms
[II] Device 0: joint reconstruction 32101 solved, 2 rejected, 32277 single-camera (0 observations arrived too late to count)
[II] HMD obs quality: full(strong+ids) 300 ids-verified 0 strong 0 prior-agree 0 reacquire 0 rejected 0 | flags: led-ids 300 strong 300
[II] frame-timing WMTD306Q701DEK: 300 frames, 0 missed exposure, diff avg -0.89 min -3.67 max 1.69 ms
[II] HMD obs quality: full(strong+ids) 300 ids-verified 0 strong 0 prior-agree 0 reacquire 0 rejected 0 | flags: led-ids 300 strong 300
[II] frame-timing WMTD3052400VZL: 300 frames, 0 missed exposure, diff avg -0.88 min -3.58 max 1.75 ms
[II] Device 0: joint reconstruction 32401 solved, 2 rejected, 32577 single-camera (0 observations arrived too late to count)
[WW] Exposure timestamp 2062018304 was more than 1.5 IMU samples earlier than IMU ts 2062020256 by 1952 µS
[II] HMD obs quality: full(strong+ids) 300 ids-verified 0 strong 0 prior-agree 0 reacquire 0 rejected 0 | flags: led-ids 300 strong 300
[WW] Exposure timestamp 2064552704 was more than 1.5 IMU samples earlier than IMU ts 2064554585 by 1881 µS
[II] frame-timing WMTD306Q701DEK: 300 frames, 0 missed exposure, diff avg -0.90 min -4.29 max 1.52 ms
[II] HMD obs quality: full(strong+ids) 300 ids-verified 0 strong 0 prior-agree 0 reacquire 0 rejected 0 | flags: led-ids 300 strong 300
[WW] Exposure timestamp 2066184704 was more than 1.5 IMU samples earlier than IMU ts 2066186374 by 1670 µS
[II] frame-timing WMTD3052400VZL: 300 frames, 0 missed exposure, diff avg -0.86 min -3.85 max 1.64 ms
[WW] Exposure timestamp 2067298304 was more than 1.5 IMU samples earlier than IMU ts 2067300277 by 1973 µS
[II] Device 0: joint reconstruction 32701 solved, 2 rejected, 32877 single-camera (0 observations arrived too late to count)
[II] HMD obs quality: full(strong+ids) 300 ids-verified 0 strong 0 prior-agree 0 reacquire 0 rejected 0 | flags: led-ids 300 strong 300
[II] frame-timing WMTD306Q701DEK: 300 frames, 0 missed exposure, diff avg -0.88 min -3.96 max 1.72 ms
[II] HMD obs quality: full(strong+ids) 300 ids-verified 0 strong 0 prior-agree 0 reacquire 0 rejected 0 | flags: led-ids 300 strong 300
[II] frame-timing WMTD3052400VZL: 300 frames, 0 missed exposure, diff avg -0.89 min -4.20 max 1.37 ms
[II] Device 0: joint reconstruction 33001 solved, 2 rejected, 33177 single-camera (0 observations arrived too late to count)
[WW] Exposure timestamp 2073883904 was more than 1.5 IMU samples earlier than IMU ts 2073885535 by 1631 µS
[II] HMD obs quality: full(strong+ids) 300 ids-verified 0 strong 0 prior-agree 0 reacquire 0 rejected 0 | flags: led-ids 300 strong 300
[II] frame-timing WMTD306Q701DEK: 300 frames, 0 missed exposure, diff avg -0.90 min -4.19 max 1.87 ms
[II] HMD obs quality: full(strong+ids) 300 ids-verified 0 strong 0 prior-agree 0 reacquire 0 rejected 0 | flags: led-ids 300 strong 300
[WW] Exposure timestamp 2077896704 was more than 1.5 IMU samples earlier than IMU ts 2077898400 by 1696 µS
[II] frame-timing WMTD3052400VZL: 300 frames, 0 missed exposure, diff avg -0.92 min -3.91 max 1.54 ms
[WW] Exposure timestamp 2078952704 was more than 1.5 IMU samples earlier than IMU ts 2078954206 by 1502 µS
[II] Device 0: joint reconstruction 33301 solved, 2 rejected, 33477 single-camera (0 observations arrived too late to count)
[WW] Exposure timestamp 2080200704 was more than 1.5 IMU samples earlier than IMU ts 2080202342 by 1638 µS
[II] HMD obs quality: full(strong+ids) 300 ids-verified 0 strong 0 prior-agree 0 reacquire 0 rejected 0 | flags: led-ids 300 strong 300
[II] frame-timing WMTD306Q701DEK: 300 frames, 0 missed exposure, diff avg -0.92 min -4.14 max 2.00 ms
[II] HMD obs quality: full(strong+ids) 300 ids-verified 0 strong 0 prior-agree 0 reacquire 0 rejected 0 | flags: led-ids 300 strong 300
[II] frame-timing WMTD3052400VZL: 300 frames, 0 missed exposure, diff avg -0.89 min -4.21 max 1.58 ms
[II] Device 0: joint reconstruction 33601 solved, 2 rejected, 33777 single-camera (0 observations arrived too late to count)
[II] HMD obs quality: full(strong+ids) 300 ids-verified 0 strong 0 prior-agree 0 reacquire 0 rejected 0 | flags: led-ids 300 strong 300
[II] frame-timing WMTD306Q701DEK: 300 frames, 0 missed exposure, diff avg -0.91 min -4.04 max 1.72 ms
[II] HMD obs quality: full(strong+ids) 300 ids-verified 0 strong 0 prior-agree 0 reacquire 0 rejected 0 | flags: led-ids 300 strong 300
[II] frame-timing WMTD3052400VZL: 300 frames, 0 missed exposure, diff avg -0.88 min -3.74 max 1.64 ms
[II] Device 0: joint reconstruction 33901 solved, 2 rejected, 34077 single-camera (0 observations arrived too late to count)
[WW] Exposure timestamp 2091240704 was more than 1.5 IMU samples earlier than IMU ts 2091242247 by 1543 µS
[WW] Exposure timestamp 2091451904 was more than 1.5 IMU samples earlier than IMU ts 2091453655 by 1751 µS
[II] HMD obs quality: full(strong+ids) 300 ids-verified 0 strong 0 prior-agree 0 reacquire 0 rejected 0 | flags: led-ids 300 strong 300
[WW] Exposure timestamp 2093064704 was more than 1.5 IMU samples earlier than IMU ts 2093066419 by 1715 µS
[II] frame-timing WMTD306Q701DEK: 300 frames, 0 missed exposure, diff avg -0.93 min -4.32 max 1.77 ms
[II] HMD obs quality: full(strong+ids) 300 ids-verified 0 strong 0 prior-agree 0 reacquire 0 rejected 0 | flags: led-ids 300 strong 300
[II] frame-timing WMTD3052400VZL: 300 frames, 0 missed exposure, diff avg -0.94 min -3.87 max 1.65 ms
[II] Device 0: joint reconstruction 34201 solved, 2 rejected, 34377 single-camera (0 observations arrived too late to count)
[II] HMD obs quality: full(strong+ids) 300 ids-verified 0 strong 0 prior-agree 0 reacquire 0 rejected 0 | flags: led-ids 300 strong 300
[II] frame-timing WMTD306Q701DEK: 300 frames, 0 missed exposure, diff avg -0.90 min -4.04 max 1.99 ms
[II] HMD obs quality: full(strong+ids) 300 ids-verified 0 strong 0 prior-agree 0 reacquire 0 rejected 0 | flags: led-ids 300 strong 300
[II] frame-timing WMTD3052400VZL: 300 frames, 0 missed exposure, diff avg -0.91 min -4.10 max 2.06 ms
[II] Device 0: joint reconstruction 34501 solved, 2 rejected, 34677 single-camera (0 observations arrived too late to count)
[II] HMD obs quality: full(strong+ids) 300 ids-verified 0 strong 0 prior-agree 0 reacquire 0 rejected 0 | flags: led-ids 300 strong 300
[II] frame-timing WMTD306Q701DEK: 300 frames, 0 missed exposure, diff avg -0.87 min -3.74 max 1.78 ms
[II] HMD obs quality: full(strong+ids) 300 ids-verified 0 strong 0 prior-agree 0 reacquire 0 rejected 0 | flags: led-ids 300 strong 300
[II] frame-timing WMTD3052400VZL: 300 frames, 0 missed exposure, diff avg -0.82 min -3.96 max 1.71 ms
[II] Device 0: joint reconstruction 34801 solved, 2 rejected, 34977 single-camera (0 observations arrived too late to count)
[WW] Exposure timestamp 2108770304 was more than 1.5 IMU samples earlier than IMU ts 2108772311 by 2007 µS
[II] HMD obs quality: full(strong+ids) 300 ids-verified 0 strong 0 prior-agree 0 reacquire 0 rejected 0 | flags: led-ids 300 strong 300
[WW] Exposure timestamp 2110536704 was more than 1.5 IMU samples earlier than IMU ts 2110538342 by 1638 µS
[II] frame-timing WMTD306Q701DEK: 300 frames, 0 missed exposure, diff avg -0.82 min -3.62 max 1.70 ms
[II] HMD obs quality: full(strong+ids) 300 ids-verified 0 strong 0 prior-agree 0 reacquire 0 rejected 0 | flags: led-ids 300 strong 300
[II] frame-timing WMTD3052400VZL: 300 frames, 0 missed exposure, diff avg -0.84 min -3.38 max 1.82 ms
[II] Device 0: joint reconstruction 35101 solved, 2 rejected, 35277 single-camera (0 observations arrived too late to count)
[II] HMD obs quality: full(strong+ids) 300 ids-verified 0 strong 0 prior-agree 0 reacquire 0 rejected 0 | flags: led-ids 300 strong 300
[II] frame-timing WMTD306Q701DEK: 300 frames, 0 missed exposure, diff avg -0.89 min -3.62 max 1.65 ms
[II] HMD obs quality: full(strong+ids) 300 ids-verified 0 strong 0 prior-agree 0 reacquire 0 rejected 0 | flags: led-ids 300 strong 300
[II] frame-timing WMTD3052400VZL: 300 frames, 0 missed exposure, diff avg -0.91 min -4.33 max 1.67 ms
[II] Device 0: joint reconstruction 35401 solved, 2 rejected, 35577 single-camera (0 observations arrived too late to count)
[II] HMD obs quality: full(strong+ids) 300 ids-verified 0 strong 0 prior-agree 0 reacquire 0 rejected 0 | flags: led-ids 300 strong 300
[II] frame-timing WMTD306Q701DEK: 300 frames, 0 missed exposure, diff avg -0.87 min -3.88 max 1.85 ms
[II] HMD obs quality: full(strong+ids) 300 ids-verified 0 strong 0 prior-agree 0 reacquire 0 rejected 0 | flags: led-ids 300 strong 300
[II] frame-timing WMTD3052400VZL: 300 frames, 0 missed exposure, diff avg -0.84 min -3.77 max 1.72 ms
[II] Device 0: joint reconstruction 35701 solved, 2 rejected, 35877 single-camera (0 observations arrived too late to count)
[II] HMD obs quality: full(strong+ids) 300 ids-verified 0 strong 0 prior-agree 0 reacquire 0 rejected 0 | flags: led-ids 300 strong 300
[II] frame-timing WMTD306Q701DEK: 300 frames, 0 missed exposure, diff avg -0.81 min -4.67 max 1.76 ms
[II] HMD obs quality: full(strong+ids) 300 ids-verified 0 strong 0 prior-agree 0 reacquire 0 rejected 0 | flags: led-ids 300 strong 300
[II] frame-timing WMTD3052400VZL: 300 frames, 0 missed exposure, diff avg -0.81 min -4.49 max 2.51 ms
[WW] Exposure timestamp 2130619904 was more than 1.5 IMU samples earlier than IMU ts 2130621857 by 1953 µS
[II] Device 0: joint reconstruction 36001 solved, 2 rejected, 36177 single-camera (0 observations arrived too late to count)
[II] HMD obs quality: full(strong+ids) 300 ids-verified 0 strong 0 prior-agree 0 reacquire 0 rejected 0 | flags: led-ids 300 strong 300
[II] frame-timing WMTD306Q701DEK: 300 frames, 0 missed exposure, diff avg -0.94 min -3.35 max 1.90 ms
[II] HMD obs quality: full(strong+ids) 300 ids-verified 0 strong 0 prior-agree 0 reacquire 0 rejected 0 | flags: led-ids 300 strong 300
[II] frame-timing WMTD3052400VZL: 300 frames, 0 missed exposure, diff avg -0.89 min -3.64 max 2.03 ms
[II] Device 0: joint reconstruction 36301 solved, 2 rejected, 36477 single-camera (0 observations arrived too late to count)
[II] HMD obs quality: full(strong+ids) 300 ids-verified 0 strong 0 prior-agree 0 reacquire 0 rejected 0 | flags: led-ids 300 strong 300
[II] frame-timing WMTD306Q701DEK: 300 frames, 0 missed exposure, diff avg -0.89 min -4.02 max 1.60 ms
[II] HMD obs quality: full(strong+ids) 300 ids-verified 0 strong 0 prior-agree 0 reacquire 0 rejected 0 | flags: led-ids 300 strong 300
[II] frame-timing WMTD3052400VZL: 300 frames, 0 missed exposure, diff avg -0.85 min -4.28 max 1.74 ms
[II] Device 0: joint reconstruction 36601 solved, 2 rejected, 36777 single-camera (0 observations arrived too late to count)
[II] HMD obs quality: full(strong+ids) 300 ids-verified 0 strong 0 prior-agree 0 reacquire 0 rejected 0 | flags: led-ids 300 strong 300
[WW] Exposure timestamp 2145922304 was more than 1.5 IMU samples earlier than IMU ts 2145924201 by 1897 µS
[II] frame-timing WMTD306Q701DEK: 300 frames, 0 missed exposure, diff avg -0.84 min -4.07 max 1.78 ms
[II] HMD obs quality: full(strong+ids) 300 ids-verified 0 strong 0 prior-agree 0 reacquire 0 rejected 0 | flags: led-ids 300 strong 300
[II] frame-timing WMTD3052400VZL: 300 frames, 0 missed exposure, diff avg -0.78 min -3.99 max 1.88 ms
[WW] Exposure timestamp 2147899904 was more than 1.5 IMU samples earlier than IMU ts 2147901608 by 1704 µS
[II] Device 0: joint reconstruction 36901 solved, 2 rejected, 37077 single-camera (0 observations arrived too late to count)
[II] HMD obs quality: full(strong+ids) 300 ids-verified 0 strong 0 prior-agree 0 reacquire 0 rejected 0 | flags: led-ids 300 strong 300
[WW] Exposure timestamp 2151816704 was more than 1.5 IMU samples earlier than IMU ts 2151818359 by 1655 µS
[II] frame-timing WMTD306Q701DEK: 300 frames, 0 missed exposure, diff avg -0.86 min -4.50 max 1.40 ms
[II] HMD obs quality: full(strong+ids) 300 ids-verified 0 strong 0 prior-agree 0 reacquire 0 rejected 0 | flags: led-ids 300 strong 300
[II] frame-timing WMTD3052400VZL: 300 frames, 0 missed exposure, diff avg -0.89 min -4.65 max 1.64 ms
[II] Device 0: joint reconstruction 37201 solved, 2 rejected, 37377 single-camera (0 observations arrived too late to count)
[II] HMD obs quality: full(strong+ids) 300 ids-verified 0 strong 0 prior-agree 0 reacquire 0 rejected 0 | flags: led-ids 300 strong 300
[II] frame-timing WMTD306Q701DEK: 300 frames, 0 missed exposure, diff avg -0.85 min -3.72 max 1.61 ms
[II] HMD obs quality: full(strong+ids) 300 ids-verified 0 strong 0 prior-agree 0 reacquire 0 rejected 0 | flags: led-ids 300 strong 300
[II] frame-timing WMTD3052400VZL: 300 frames, 0 missed exposure, diff avg -0.87 min -3.81 max 1.50 ms
[WW] Exposure timestamp 2159189504 was more than 1.5 IMU samples earlier than IMU ts 2159191072 by 1568 µS
[II] Device 0: joint reconstruction 37501 solved, 2 rejected, 37677 single-camera (0 observations arrived too late to count)
[II] HMD obs quality: full(strong+ids) 300 ids-verified 0 strong 0 prior-agree 0 reacquire 0 rejected 0 | flags: led-ids 300 strong 300
[WW] Exposure timestamp 2162856704 was more than 1.5 IMU samples earlier than IMU ts 2162858399 by 1695 µS
[II] frame-timing WMTD306Q701DEK: 300 frames, 0 missed exposure, diff avg -0.84 min -3.67 max 1.54 ms
[II] HMD obs quality: full(strong+ids) 300 ids-verified 0 strong 0 prior-agree 0 reacquire 0 rejected 0 | flags: led-ids 300 strong 300
[II] frame-timing WMTD3052400VZL: 300 frames, 0 missed exposure, diff avg -0.86 min -3.98 max 1.62 ms
[WW] Exposure timestamp 2164719104 was more than 1.5 IMU samples earlier than IMU ts 2164720613 by 1509 µS
[II] Device 0: joint reconstruction 37801 solved, 2 rejected, 37977 single-camera (0 observations arrived too late to count)
[II] HMD obs quality: full(strong+ids) 300 ids-verified 0 strong 0 prior-agree 0 reacquire 0 rejected 0 | flags: led-ids 300 strong 300
[II] frame-timing WMTD306Q701DEK: 300 frames, 0 missed exposure, diff avg -0.93 min -4.05 max 1.95 ms
[II] HMD obs quality: full(strong+ids) 300 ids-verified 0 strong 0 prior-agree 0 reacquire 0 rejected 0 | flags: led-ids 300 strong 300
[II] frame-timing WMTD3052400VZL: 300 frames, 0 missed exposure, diff avg -0.92 min -3.97 max 1.73 ms
[WW] Exposure timestamp 2170575104 was more than 1.5 IMU samples earlier than IMU ts 2170576723 by 1619 µS
[II] Device 0: joint reconstruction 38101 solved, 2 rejected, 38277 single-camera (0 observations arrived too late to count)
[WW] Exposure timestamp 2172303104 was more than 1.5 IMU samples earlier than IMU ts 2172304707 by 1603 µS
[II] HMD obs quality: full(strong+ids) 300 ids-verified 0 strong 0 prior-agree 0 reacquire 0 rejected 0 | flags: led-ids 300 strong 300
[II] frame-timing WMTD306Q701DEK: 300 frames, 0 missed exposure, diff avg -0.91 min -4.27 max 1.79 ms
[II] HMD obs quality: full(strong+ids) 300 ids-verified 0 strong 0 prior-agree 0 reacquire 0 rejected 0 | flags: led-ids 300 strong 300
[II] frame-timing WMTD3052400VZL: 300 frames, 0 missed exposure, diff avg -0.93 min -3.53 max 1.58 ms
[II] Device 0: joint reconstruction 38401 solved, 2 rejected, 38577 single-camera (0 observations arrived too late to count)
[II] HMD obs quality: full(strong+ids) 300 ids-verified 0 strong 0 prior-agree 0 reacquire 0 rejected 0 | flags: led-ids 300 strong 300
[II] frame-timing WMTD306Q701DEK: 300 frames, 0 missed exposure, diff avg -0.90 min -3.41 max 2.07 ms
[II] HMD obs quality: full(strong+ids) 300 ids-verified 0 strong 0 prior-agree 0 reacquire 0 rejected 0 | flags: led-ids 300 strong 300
[II] frame-timing WMTD3052400VZL: 300 frames, 0 missed exposure, diff avg -0.87 min -3.70 max 1.81 ms
[WW] Exposure timestamp 2182440704 was more than 1.5 IMU samples earlier than IMU ts 2182442223 by 1519 µS
[II] Device 0: joint reconstruction 38701 solved, 2 rejected, 38877 single-camera (0 observations arrived too late to count)
[WW] Exposure timestamp 2183688704 was more than 1.5 IMU samples earlier than IMU ts 2183690381 by 1677 µS
[II] HMD obs quality: full(strong+ids) 300 ids-verified 0 strong 0 prior-agree 0 reacquire 0 rejected 0 | flags: led-ids 300 strong 300
[II] frame-timing WMTD306Q701DEK: 300 frames, 0 missed exposure, diff avg -0.84 min -3.78 max 1.88 ms
[WW] Exposure timestamp 2186568704 was more than 1.5 IMU samples earlier than IMU ts 2186570360 by 1656 µS
[II] HMD obs quality: full(strong+ids) 300 ids-verified 0 strong 0 prior-agree 0 reacquire 0 rejected 0 | flags: led-ids 300 strong 300
[WW] Exposure timestamp 2187144704 was more than 1.5 IMU samples earlier than IMU ts 2187146356 by 1652 µS
[II] frame-timing WMTD3052400VZL: 300 frames, 0 missed exposure, diff avg -0.86 min -3.72 max 1.78 ms
[II] Device 0: joint reconstruction 39001 solved, 2 rejected, 39177 single-camera (0 observations arrived too late to count)
[II] HMD obs quality: full(strong+ids) 300 ids-verified 0 strong 0 prior-agree 0 reacquire 0 rejected 0 | flags: led-ids 300 strong 300
[II] frame-timing WMTD306Q701DEK: 300 frames, 0 missed exposure, diff avg -0.87 min -3.97 max 1.95 ms
[II] HMD obs quality: full(strong+ids) 300 ids-verified 0 strong 0 prior-agree 0 reacquire 0 rejected 0 | flags: led-ids 300 strong 300
[II] frame-timing WMTD3052400VZL: 300 frames, 0 missed exposure, diff avg -0.87 min -2.97 max 1.59 ms
[II] Device 0: joint reconstruction 39301 solved, 2 rejected, 39477 single-camera (0 observations arrived too late to count)
[II] HMD obs quality: full(strong+ids) 300 ids-verified 0 strong 0 prior-agree 0 reacquire 0 rejected 0 | flags: led-ids 300 strong 300
[II] frame-timing WMTD306Q701DEK: 300 frames, 0 missed exposure, diff avg -0.91 min -4.34 max 1.67 ms
[II] HMD obs quality: full(strong+ids) 300 ids-verified 0 strong 0 prior-agree 0 reacquire 0 rejected 0 | flags: led-ids 300 strong 300
[II] frame-timing WMTD3052400VZL: 300 frames, 0 missed exposure, diff avg -0.88 min -3.83 max 1.81 ms
[II] Device 0: joint reconstruction 39601 solved, 2 rejected, 39777 single-camera (0 observations arrived too late to count)
[II] HMD obs quality: full(strong+ids) 300 ids-verified 0 strong 0 prior-agree 0 reacquire 0 rejected 0 | flags: led-ids 300 strong 300
[WW] Exposure timestamp 2202907904 was more than 1.5 IMU samples earlier than IMU ts 2202909636 by 1732 µS
[II] frame-timing WMTD306Q701DEK: 300 frames, 0 missed exposure, diff avg -0.86 min -4.04 max 2.19 ms
[II] HMD obs quality: full(strong+ids) 300 ids-verified 0 strong 0 prior-agree 0 reacquire 0 rejected 0 | flags: led-ids 300 strong 300
[II] frame-timing WMTD3052400VZL: 300 frames, 0 missed exposure, diff avg -0.87 min -4.28 max 1.82 ms
[II] Device 0: joint reconstruction 39901 solved, 2 rejected, 40077 single-camera (0 observations arrived too late to count)
[II] HMD obs quality: full(strong+ids) 300 ids-verified 0 strong 0 prior-agree 0 reacquire 0 rejected 0 | flags: led-ids 300 strong 300
[II] frame-timing WMTD306Q701DEK: 300 frames, 0 missed exposure, diff avg -0.89 min -4.01 max 1.37 ms
[WW] Exposure timestamp 2209819904 was more than 1.5 IMU samples earlier than IMU ts 2209821609 by 1705 µS
[II] HMD obs quality: full(strong+ids) 300 ids-verified 0 strong 0 prior-agree 0 reacquire 0 rejected 0 | flags: led-ids 300 strong 300
[II] frame-timing WMTD3052400VZL: 300 frames, 0 missed exposure, diff avg -0.91 min -3.66 max 1.41 ms
[II] Device 0: joint reconstruction 40201 solved, 2 rejected, 40377 single-camera (0 observations arrived too late to count)
[II] HMD obs quality: full(strong+ids) 300 ids-verified 0 strong 0 prior-agree 0 reacquire 0 rejected 0 | flags: led-ids 300 strong 300
[II] frame-timing WMTD306Q701DEK: 300 frames, 0 missed exposure, diff avg -0.89 min -4.18 max 1.56 ms
[II] HMD obs quality: full(strong+ids) 300 ids-verified 0 strong 0 prior-agree 0 reacquire 0 rejected 0 | flags: led-ids 300 strong 300
[II] frame-timing WMTD3052400VZL: 300 frames, 0 missed exposure, diff avg -0.82 min -3.49 max 1.85 ms
[II] Device 0: joint reconstruction 40501 solved, 2 rejected, 40677 single-camera (0 observations arrived too late to count)
[II] HMD obs quality: full(strong+ids) 300 ids-verified 0 strong 0 prior-agree 0 reacquire 0 rejected 0 | flags: led-ids 300 strong 300
[II] frame-timing WMTD306Q701DEK: 300 frames, 0 missed exposure, diff avg -0.81 min -3.42 max 1.60 ms
[II] HMD obs quality: full(strong+ids) 300 ids-verified 0 strong 0 prior-agree 0 reacquire 0 rejected 0 | flags: led-ids 300 strong 300
[II] frame-timing WMTD3052400VZL: 300 frames, 0 missed exposure, diff avg -0.84 min -3.03 max 1.36 ms
[II] Device 0: joint reconstruction 40801 solved, 2 rejected, 40977 single-camera (0 observations arrived too late to count)
[WW] Exposure timestamp 2224066304 was more than 1.5 IMU samples earlier than IMU ts 2224068309 by 2005 µS
[II] HMD obs quality: full(strong+ids) 300 ids-verified 0 strong 0 prior-agree 0 reacquire 0 rejected 0 | flags: led-ids 300 strong 300
[II] frame-timing WMTD306Q701DEK: 300 frames, 0 missed exposure, diff avg -0.89 min -3.85 max 1.86 ms
[II] HMD obs quality: full(strong+ids) 300 ids-verified 0 strong 0 prior-agree 0 reacquire 0 rejected 0 | flags: led-ids 300 strong 300
[II] frame-timing WMTD3052400VZL: 300 frames, 0 missed exposure, diff avg -0.88 min -3.84 max 1.57 ms
[WW] Exposure timestamp 2228251904 was more than 1.5 IMU samples earlier than IMU ts 2228253571 by 1667 µS
[II] Device 0: joint reconstruction 41101 solved, 2 rejected, 41277 single-camera (0 observations arrived too late to count)
[WW] Exposure timestamp 2229403904 was more than 1.5 IMU samples earlier than IMU ts 2229405570 by 1666 µS
[II] HMD obs quality: full(strong+ids) 300 ids-verified 0 strong 0 prior-agree 0 reacquire 0 rejected 0 | flags: led-ids 300 strong 300
[II] frame-timing WMTD306Q701DEK: 300 frames, 0 missed exposure, diff avg -0.89 min -3.72 max 1.67 ms
[II] HMD obs quality: full(strong+ids) 300 ids-verified 0 strong 0 prior-agree 0 reacquire 0 rejected 0 | flags: led-ids 300 strong 300
[II] frame-timing WMTD3052400VZL: 300 frames, 0 missed exposure, diff avg -0.90 min -4.47 max 1.64 ms
[II] Device 0: joint reconstruction 41401 solved, 2 rejected, 41577 single-camera (0 observations arrived too late to count)
[II] HMD obs quality: full(strong+ids) 300 ids-verified 0 strong 0 prior-agree 0 reacquire 0 rejected 0 | flags: led-ids 300 strong 300
[WW] Exposure timestamp 2238043904 was more than 1.5 IMU samples earlier than IMU ts 2238045570 by 1666 µS
[II] frame-timing WMTD306Q701DEK: 300 frames, 0 missed exposure, diff avg -0.83 min -3.19 max 1.74 ms
[II] HMD obs quality: full(strong+ids) 300 ids-verified 0 strong 0 prior-agree 0 reacquire 0 rejected 0 | flags: led-ids 300 strong 300
[II] frame-timing WMTD3052400VZL: 300 frames, 0 missed exposure, diff avg -0.82 min -3.39 max 1.76 ms
[II] Device 0: joint reconstruction 41701 solved, 2 rejected, 41877 single-camera (0 observations arrived too late to count)
[II] HMD obs quality: full(strong+ids) 300 ids-verified 0 strong 0 prior-agree 0 reacquire 0 rejected 0 | flags: led-ids 300 strong 300
[II] frame-timing WMTD306Q701DEK: 300 frames, 0 missed exposure, diff avg -0.90 min -3.50 max 1.48 ms
[II] HMD obs quality: full(strong+ids) 300 ids-verified 0 strong 0 prior-agree 0 reacquire 0 rejected 0 | flags: led-ids 300 strong 300
[II] frame-timing WMTD3052400VZL: 300 frames, 0 missed exposure, diff avg -0.85 min -3.70 max 1.62 ms
[II] Device 0: joint reconstruction 42001 solved, 2 rejected, 42177 single-camera (0 observations arrived too late to count)
[II] HMD obs quality: full(strong+ids) 300 ids-verified 0 strong 0 prior-agree 0 reacquire 0 rejected 0 | flags: led-ids 300 strong 300
[WW] Exposure timestamp 2247720704 was more than 1.5 IMU samples earlier than IMU ts 2247722383 by 1679 µS
[WW] Exposure timestamp 2247931904 was more than 1.5 IMU samples earlier than IMU ts 2247933797 by 1893 µS
[II] frame-timing WMTD306Q701DEK: 300 frames, 0 missed exposure, diff avg -0.81 min -3.53 max 1.99 ms
[II] HMD obs quality: full(strong+ids) 300 ids-verified 0 strong 0 prior-agree 0 reacquire 0 rejected 0 | flags: led-ids 300 strong 300
[II] frame-timing WMTD3052400VZL: 300 frames, 0 missed exposure, diff avg -0.86 min -3.71 max 1.45 ms
[II] Device 0: joint reconstruction 42301 solved, 2 rejected, 42477 single-camera (0 observations arrived too late to count)
[II] HMD obs quality: full(strong+ids) 300 ids-verified 0 strong 0 prior-agree 0 reacquire 0 rejected 0 | flags: led-ids 300 strong 300
[II] frame-timing WMTD306Q701DEK: 300 frames, 0 missed exposure, diff avg -0.94 min -4.56 max 1.63 ms
[II] HMD obs quality: full(strong+ids) 300 ids-verified 0 strong 0 prior-agree 0 reacquire 0 rejected 0 | flags: led-ids 300 strong 300
[II] frame-timing WMTD3052400VZL: 300 frames, 0 missed exposure, diff avg -0.90 min -4.28 max 1.65 ms
[II] Device 0: joint reconstruction 42601 solved, 2 rejected, 42777 single-camera (0 observations arrived too late to count)
[II] HMD obs quality: full(strong+ids) 300 ids-verified 0 strong 0 prior-agree 0 reacquire 0 rejected 0 | flags: led-ids 300 strong 300
[II] frame-timing WMTD306Q701DEK: 300 frames, 0 missed exposure, diff avg -0.89 min -3.90 max 1.69 ms
[II] HMD obs quality: full(strong+ids) 300 ids-verified 0 strong 0 prior-agree 0 reacquire 0 rejected 0 | flags: led-ids 300 strong 300
[II] frame-timing WMTD3052400VZL: 300 frames, 0 missed exposure, diff avg -0.88 min -4.26 max 2.07 ms
[II] Device 0: joint reconstruction 42901 solved, 2 rejected, 43077 single-camera (0 observations arrived too late to count)
[II] HMD obs quality: full(strong+ids) 300 ids-verified 0 strong 0 prior-agree 0 reacquire 0 rejected 0 | flags: led-ids 300 strong 300
[II] frame-timing WMTD306Q701DEK: 300 frames, 0 missed exposure, diff avg -0.89 min -4.02 max 1.64 ms
[II] HMD obs quality: full(strong+ids) 300 ids-verified 0 strong 0 prior-agree 0 reacquire 0 rejected 0 | flags: led-ids 300 strong 300
[II] frame-timing WMTD3052400VZL: 300 frames, 0 missed exposure, diff avg -0.88 min -4.10 max 1.76 ms
[II] Device 0: joint reconstruction 43201 solved, 2 rejected, 43377 single-camera (0 observations arrived too late to count)
[II] HMD obs quality: full(strong+ids) 300 ids-verified 0 strong 0 prior-agree 0 reacquire 0 rejected 0 | flags: led-ids 300 strong 300
[II] frame-timing WMTD306Q701DEK: 300 frames, 0 missed exposure, diff avg -0.91 min -4.27 max 1.80 ms
[II] HMD obs quality: full(strong+ids) 300 ids-verified 0 strong 0 prior-agree 0 reacquire 0 rejected 0 | flags: led-ids 300 strong 300
[WW] Exposure timestamp 2273698304 was more than 1.5 IMU samples earlier than IMU ts 2273700581 by 2277 µS
[II] frame-timing WMTD3052400VZL: 300 frames, 0 missed exposure, diff avg -0.89 min -4.13 max 1.68 ms
[II] Device 0: joint reconstruction 43501 solved, 2 rejected, 43677 single-camera (0 observations arrived too late to count)
[II] HMD obs quality: full(strong+ids) 300 ids-verified 0 strong 0 prior-agree 0 reacquire 0 rejected 0 | flags: led-ids 300 strong 300
[WW] Exposure timestamp 2278479104 was more than 1.5 IMU samples earlier than IMU ts 2278480908 by 1804 µS
[II] frame-timing WMTD306Q701DEK: 300 frames, 0 missed exposure, diff avg -0.88 min -4.19 max 1.64 ms
[II] HMD obs quality: full(strong+ids) 300 ids-verified 0 strong 0 prior-agree 0 reacquire 0 rejected 0 | flags: led-ids 300 strong 300
[II] frame-timing WMTD3052400VZL: 300 frames, 0 missed exposure, diff avg -0.85 min -3.99 max 1.66 ms
[WW] Exposure timestamp 2280456704 was more than 1.5 IMU samples earlier than IMU ts 2280458354 by 1650 µS
[II] Device 0: joint reconstruction 43801 solved, 2 rejected, 43977 single-camera (0 observations arrived too late to count)
[II] HMD obs quality: full(strong+ids) 300 ids-verified 0 strong 0 prior-agree 0 reacquire 0 rejected 0 | flags: led-ids 300 strong 300
[II] frame-timing WMTD306Q701DEK: 300 frames, 0 missed exposure, diff avg -0.87 min -3.46 max 1.81 ms
[II] HMD obs quality: full(strong+ids) 300 ids-verified 0 strong 0 prior-agree 0 reacquire 0 rejected 0 | flags: led-ids 300 strong 300
[II] frame-timing WMTD3052400VZL: 300 frames, 0 missed exposure, diff avg -0.86 min -3.82 max 1.91 ms
[II] Device 0: joint reconstruction 44101 solved, 2 rejected, 44277 single-camera (0 observations arrived too late to count)
[II] HMD obs quality: full(strong+ids) 300 ids-verified 0 strong 0 prior-agree 0 reacquire 0 rejected 0 | flags: led-ids 300 strong 300
[II] frame-timing WMTD306Q701DEK: 300 frames, 0 missed exposure, diff avg -0.88 min -3.56 max 1.41 ms
[II] HMD obs quality: full(strong+ids) 300 ids-verified 0 strong 0 prior-agree 0 reacquire 0 rejected 0 | flags: led-ids 300 strong 300
[II] frame-timing WMTD3052400VZL: 300 frames, 0 missed exposure, diff avg -0.85 min -3.98 max 1.75 ms
[II] Device 0: joint reconstruction 44401 solved, 2 rejected, 44577 single-camera (0 observations arrived too late to count)
[II] HMD obs quality: full(strong+ids) 300 ids-verified 0 strong 0 prior-agree 0 reacquire 0 rejected 0 | flags: led-ids 300 strong 300
[WW] Exposure timestamp 2295336704 was more than 1.5 IMU samples earlier than IMU ts 2295338296 by 1592 µS
[II] frame-timing WMTD306Q701DEK: 300 frames, 0 missed exposure, diff avg -0.82 min -4.06 max 1.57 ms
[II] HMD obs quality: full(strong+ids) 300 ids-verified 0 strong 0 prior-agree 0 reacquire 0 rejected 0 | flags: led-ids 300 strong 300
[II] frame-timing WMTD3052400VZL: 300 frames, 0 missed exposure, diff avg -0.83 min -3.79 max 1.54 ms
[II] Device 0: joint reconstruction 44701 solved, 2 rejected, 44877 single-camera (0 observations arrived too late to count)
[II] HMD obs quality: full(strong+ids) 300 ids-verified 0 strong 0 prior-agree 0 reacquire 0 rejected 0 | flags: led-ids 300 strong 300
[II] frame-timing WMTD306Q701DEK: 300 frames, 0 missed exposure, diff avg -0.87 min -4.08 max 1.61 ms
[II] HMD obs quality: full(strong+ids) 300 ids-verified 0 strong 0 prior-agree 0 reacquire 0 rejected 0 | flags: led-ids 300 strong 300
[II] frame-timing WMTD3052400VZL: 300 frames, 0 missed exposure, diff avg -0.85 min -3.49 max 1.47 ms
[II] Device 0: joint reconstruction 45001 solved, 2 rejected, 45177 single-camera (0 observations arrived too late to count)
[II] HMD obs quality: full(strong+ids) 300 ids-verified 0 strong 0 prior-agree 0 reacquire 0 rejected 0 | flags: led-ids 300 strong 300
[WW] Exposure timestamp 2306626304 was more than 1.5 IMU samples earlier than IMU ts 2306628000 by 1696 µS
[II] frame-timing WMTD306Q701DEK: 300 frames, 0 missed exposure, diff avg -0.89 min -4.17 max 1.87 ms
[II] HMD obs quality: full(strong+ids) 300 ids-verified 0 strong 0 prior-agree 0 reacquire 0 rejected 0 | flags: led-ids 300 strong 300
[II] frame-timing WMTD3052400VZL: 300 frames, 0 missed exposure, diff avg -0.87 min -3.92 max 1.70 ms
[II] Device 0: joint reconstruction 45301 solved, 2 rejected, 45477 single-camera (0 observations arrived too late to count)
[WW] Exposure timestamp 2310082304 was more than 1.5 IMU samples earlier than IMU ts 2310084034 by 1730 µS
[II] HMD obs quality: full(strong+ids) 300 ids-verified 0 strong 0 prior-agree 0 reacquire 0 rejected 0 | flags: led-ids 300 strong 300
[WW] Exposure timestamp 2311944704 was more than 1.5 IMU samples earlier than IMU ts 2311946287 by 1583 µS
[II] frame-timing WMTD306Q701DEK: 300 frames, 0 missed exposure, diff avg -0.88 min -3.93 max 1.75 ms
[II] HMD obs quality: full(strong+ids) 300 ids-verified 0 strong 0 prior-agree 0 reacquire 0 rejected 0 | flags: led-ids 300 strong 300
[II] frame-timing WMTD3052400VZL: 300 frames, 0 missed exposure, diff avg -0.89 min -4.75 max 1.77 ms
[II] Device 0: joint reconstruction 45601 solved, 2 rejected, 45777 single-camera (0 observations arrived too late to count)
[II] HMD obs quality: full(strong+ids) 300 ids-verified 0 strong 0 prior-agree 0 reacquire 0 rejected 0 | flags: led-ids 300 strong 300
[WW] Exposure timestamp 2316667904 was more than 1.5 IMU samples earlier than IMU ts 2316669538 by 1634 µS
[II] frame-timing WMTD306Q701DEK: 300 frames, 0 missed exposure, diff avg -0.93 min -3.27 max 1.31 ms
[II] HMD obs quality: full(strong+ids) 300 ids-verified 0 strong 0 prior-agree 0 reacquire 0 rejected 0 | flags: led-ids 300 strong 300
[II] frame-timing WMTD3052400VZL: 300 frames, 0 missed exposure, diff avg -0.90 min -4.07 max 2.11 ms
[WW] Exposure timestamp 2320815104 was more than 1.5 IMU samples earlier than IMU ts 2320816785 by 1681 µS
[II] Device 0: joint reconstruction 45901 solved, 2 rejected, 46077 single-camera (0 observations arrived too late to count)
[II] HMD obs quality: full(strong+ids) 300 ids-verified 0 strong 0 prior-agree 0 reacquire 0 rejected 0 | flags: led-ids 300 strong 300
[II] frame-timing WMTD306Q701DEK: 300 frames, 0 missed exposure, diff avg -0.91 min -3.99 max 1.58 ms
[II] HMD obs quality: full(strong+ids) 300 ids-verified 0 strong 0 prior-agree 0 reacquire 0 rejected 0 | flags: led-ids 300 strong 300
[II] frame-timing WMTD3052400VZL: 300 frames, 0 missed exposure, diff avg -0.90 min -3.89 max 1.42 ms
[II] Device 0: joint reconstruction 46201 solved, 2 rejected, 46377 single-camera (0 observations arrived too late to count)
[II] HMD obs quality: full(strong+ids) 300 ids-verified 0 strong 0 prior-agree 0 reacquire 0 rejected 0 | flags: led-ids 300 strong 300
[WW] Exposure timestamp 2329243904 was more than 1.5 IMU samples earlier than IMU ts 2329245567 by 1663 µS
[II] frame-timing WMTD306Q701DEK: 300 frames, 0 missed exposure, diff avg -0.83 min -3.54 max 1.78 ms
[II] HMD obs quality: full(strong+ids) 300 ids-verified 0 strong 0 prior-agree 0 reacquire 0 rejected 0 | flags: led-ids 300 strong 300
[II] frame-timing WMTD3052400VZL: 300 frames, 0 missed exposure, diff avg -0.81 min -3.35 max 1.80 ms
[II] Device 0: joint reconstruction 46501 solved, 2 rejected, 46677 single-camera (0 observations arrived too late to count)
[II] HMD obs quality: full(strong+ids) 300 ids-verified 0 strong 0 prior-agree 0 reacquire 0 rejected 0 | flags: led-ids 300 strong 300
[II] frame-timing WMTD306Q701DEK: 300 frames, 0 missed exposure, diff avg -0.86 min -4.04 max 1.56 ms
[II] HMD obs quality: full(strong+ids) 300 ids-verified 0 strong 0 prior-agree 0 reacquire 0 rejected 0 | flags: led-ids 300 strong 300
[II] frame-timing WMTD3052400VZL: 300 frames, 0 missed exposure, diff avg -0.85 min -4.13 max 1.75 ms
[II] Device 0: joint reconstruction 46801 solved, 2 rejected, 46977 single-camera (0 observations arrived too late to count)
[II] HMD obs quality: full(strong+ids) 300 ids-verified 0 strong 0 prior-agree 0 reacquire 0 rejected 0 | flags: led-ids 300 strong 300
[II] frame-timing WMTD306Q701DEK: 300 frames, 0 missed exposure, diff avg -0.88 min -3.53 max 1.58 ms
[II] HMD obs quality: full(strong+ids) 300 ids-verified 0 strong 0 prior-agree 0 reacquire 0 rejected 0 | flags: led-ids 300 strong 300
[II] frame-timing WMTD3052400VZL: 300 frames, 0 missed exposure, diff avg -0.86 min -4.12 max 1.71 ms
[II] Device 0: joint reconstruction 47101 solved, 2 rejected, 47277 single-camera (0 observations arrived too late to count)
[II] HMD obs quality: full(strong+ids) 300 ids-verified 0 strong 0 prior-agree 0 reacquire 0 rejected 0 | flags: led-ids 300 strong 300
[II] frame-timing WMTD306Q701DEK: 300 frames, 0 missed exposure, diff avg -0.79 min -4.01 max 1.54 ms
[II] HMD obs quality: full(strong+ids) 300 ids-verified 0 strong 0 prior-agree 0 reacquire 0 rejected 0 | flags: led-ids 300 strong 300
[II] frame-timing WMTD3052400VZL: 300 frames, 0 missed exposure, diff avg -0.81 min -3.49 max 1.70 ms
[WW] Exposure timestamp 2348962304 was more than 1.5 IMU samples earlier than IMU ts 2348964028 by 1724 µS
[II] Device 0: joint reconstruction 47401 solved, 2 rejected, 47577 single-camera (0 observations arrived too late to count)
[II] HMD obs quality: full(strong+ids) 300 ids-verified 0 strong 0 prior-agree 0 reacquire 0 rejected 0 | flags: led-ids 300 strong 300
[II] frame-timing WMTD306Q701DEK: 300 frames, 0 missed exposure, diff avg -0.85 min -4.52 max 1.66 ms
[II] HMD obs quality: full(strong+ids) 300 ids-verified 0 strong 0 prior-agree 0 reacquire 0 rejected 0 | flags: led-ids 300 strong 300
[II] frame-timing WMTD3052400VZL: 300 frames, 0 missed exposure, diff avg -0.82 min -3.23 max 1.88 ms
[II] Device 0: joint reconstruction 47701 solved, 2 rejected, 47877 single-camera (0 observations arrived too late to count)
[II] HMD obs quality: full(strong+ids) 300 ids-verified 0 strong 0 prior-agree 0 reacquire 0 rejected 0 | flags: led-ids 300 strong 300
[II] frame-timing WMTD306Q701DEK: 300 frames, 0 missed exposure, diff avg -0.87 min -3.60 max 1.47 ms
[II] HMD obs quality: full(strong+ids) 300 ids-verified 0 strong 0 prior-agree 0 reacquire 0 rejected 0 | flags: led-ids 300 strong 300
[II] frame-timing WMTD3052400VZL: 300 frames, 0 missed exposure, diff avg -0.87 min -3.29 max 1.66 ms
[WW] Exposure timestamp 2360751104 was more than 1.5 IMU samples earlier than IMU ts 2360752680 by 1576 µS
[II] Device 0: joint reconstruction 48001 solved, 2 rejected, 48177 single-camera (0 observations arrived too late to count)
[II] HMD obs quality: full(strong+ids) 300 ids-verified 0 strong 0 prior-agree 0 reacquire 0 rejected 0 | flags: led-ids 300 strong 300
[WW] Exposure timestamp 2362920704 was more than 1.5 IMU samples earlier than IMU ts 2362922483 by 1779 µS
[II] frame-timing WMTD306Q701DEK: 300 frames, 0 missed exposure, diff avg -0.89 min -3.90 max 1.50 ms
[II] HMD obs quality: full(strong+ids) 300 ids-verified 0 strong 0 prior-agree 0 reacquire 0 rejected 0 | flags: led-ids 300 strong 300
[II] frame-timing WMTD3052400VZL: 300 frames, 0 missed exposure, diff avg -0.88 min -4.82 max 1.44 ms
[II] Device 0: joint reconstruction 48301 solved, 2 rejected, 48477 single-camera (0 observations arrived too late to count)
[II] HMD obs quality: full(strong+ids) 300 ids-verified 0 strong 0 prior-agree 0 reacquire 0 rejected 0 | flags: led-ids 300 strong 300
[II] frame-timing WMTD306Q701DEK: 300 frames, 0 missed exposure, diff avg -0.86 min -3.75 max 1.74 ms
[II] HMD obs quality: full(strong+ids) 300 ids-verified 0 strong 0 prior-agree 0 reacquire 0 rejected 0 | flags: led-ids 300 strong 300
[II] frame-timing WMTD3052400VZL: 300 frames, 0 missed exposure, diff avg -0.84 min -3.37 max 1.55 ms
[II] Device 0: joint reconstruction 48601 solved, 2 rejected, 48777 single-camera (0 observations arrived too late to count)
[II] HMD obs quality: full(strong+ids) 300 ids-verified 0 strong 0 prior-agree 0 reacquire 0 rejected 0 | flags: led-ids 300 strong 300
[WW] Exposure timestamp 2374248704 was more than 1.5 IMU samples earlier than IMU ts 2374250346 by 1642 µS
[WW] Exposure timestamp 2375515904 was more than 1.5 IMU samples earlier than IMU ts 2375517569 by 1665 µS
[II] frame-timing WMTD306Q701DEK: 300 frames, 0 missed exposure, diff avg -0.84 min -4.22 max 1.62 ms
[II] HMD obs quality: full(strong+ids) 300 ids-verified 0 strong 0 prior-agree 0 reacquire 0 rejected 0 | flags: led-ids 300 strong 300
[II] frame-timing WMTD3052400VZL: 300 frames, 0 missed exposure, diff avg -0.87 min -3.49 max 1.81 ms
[II] Device 0: joint reconstruction 48901 solved, 2 rejected, 49077 single-camera (0 observations arrived too late to count)
[II] HMD obs quality: full(strong+ids) 300 ids-verified 0 strong 0 prior-agree 0 reacquire 0 rejected 0 | flags: led-ids 300 strong 300
[II] frame-timing WMTD306Q701DEK: 300 frames, 0 missed exposure, diff avg -0.94 min -4.21 max 1.57 ms
[II] HMD obs quality: full(strong+ids) 300 ids-verified 0 strong 0 prior-agree 0 reacquire 0 rejected 0 | flags: led-ids 300 strong 300
[II] frame-timing WMTD3052400VZL: 300 frames, 0 missed exposure, diff avg -0.92 min -4.31 max 1.99 ms
[II] Device 0: joint reconstruction 49201 solved, 2 rejected, 49377 single-camera (0 observations arrived too late to count)
[II] HMD obs quality: full(strong+ids) 300 ids-verified 0 strong 0 prior-agree 0 reacquire 0 rejected 0 | flags: led-ids 300 strong 300
[II] frame-timing WMTD306Q701DEK: 300 frames, 0 missed exposure, diff avg -0.83 min -4.26 max 2.06 ms
[II] HMD obs quality: full(strong+ids) 300 ids-verified 0 strong 0 prior-agree 0 reacquire 0 rejected 0 | flags: led-ids 300 strong 300
[II] frame-timing WMTD3052400VZL: 300 frames, 0 missed exposure, diff avg -0.83 min -3.75 max 1.98 ms
[II] Device 0: joint reconstruction 49501 solved, 2 rejected, 49677 single-camera (0 observations arrived too late to count)
[II] HMD obs quality: full(strong+ids) 300 ids-verified 0 strong 0 prior-agree 0 reacquire 0 rejected 0 | flags: led-ids 300 strong 300
[WW] Exposure timestamp 2391451904 was more than 1.5 IMU samples earlier than IMU ts 2391453541 by 1637 µS
[II] frame-timing WMTD306Q701DEK: 300 frames, 0 missed exposure, diff avg -0.87 min -3.69 max 1.37 ms
[II] HMD obs quality: full(strong+ids) 300 ids-verified 0 strong 0 prior-agree 0 reacquire 0 rejected 0 | flags: led-ids 300 strong 300
[II] frame-timing WMTD3052400VZL: 300 frames, 0 missed exposure, diff avg -0.86 min -4.15 max 1.63 ms
[II] Device 0: joint reconstruction 49801 solved, 2 rejected, 49977 single-camera (0 observations arrived too late to count)
[II] HMD obs quality: full(strong+ids) 300 ids-verified 0 strong 0 prior-agree 0 reacquire 0 rejected 0 | flags: led-ids 300 strong 300
[II] frame-timing WMTD306Q701DEK: 300 frames, 0 missed exposure, diff avg -0.90 min -4.03 max 1.68 ms
[II] HMD obs quality: full(strong+ids) 300 ids-verified 0 strong 0 prior-agree 0 reacquire 0 rejected 0 | flags: led-ids 300 strong 300
[II] frame-timing WMTD3052400VZL: 300 frames, 0 missed exposure, diff avg -0.87 min -3.53 max 1.46 ms
[II] Device 0: joint reconstruction 50101 solved, 2 rejected, 50277 single-camera (0 observations arrived too late to count)
[II] HMD obs quality: full(strong+ids) 300 ids-verified 0 strong 0 prior-agree 0 reacquire 0 rejected 0 | flags: led-ids 300 strong 300
[WW] Exposure timestamp 2403567104 was more than 1.5 IMU samples earlier than IMU ts 2403568824 by 1720 µS
[II] frame-timing WMTD306Q701DEK: 300 frames, 0 missed exposure, diff avg -0.85 min -4.19 max 1.54 ms
[WW] Exposure timestamp 2405544704 was more than 1.5 IMU samples earlier than IMU ts 2405546300 by 1596 µS
[II] HMD obs quality: full(strong+ids) 300 ids-verified 0 strong 0 prior-agree 0 reacquire 0 rejected 0 | flags: led-ids 300 strong 300
[II] frame-timing WMTD3052400VZL: 300 frames, 0 missed exposure, diff avg -0.89 min -3.73 max 1.61 ms
[II] Device 0: joint reconstruction 50401 solved, 2 rejected, 50577 single-camera (0 observations arrived too late to count)
[WW] Exposure timestamp 2408079104 was more than 1.5 IMU samples earlier than IMU ts 2408080754 by 1650 µS
[II] HMD obs quality: full(strong+ids) 300 ids-verified 0 strong 0 prior-agree 0 reacquire 0 rejected 0 | flags: led-ids 300 strong 300
[WW] Exposure timestamp 2410728704 was more than 1.5 IMU samples earlier than IMU ts 2410730413 by 1709 µS
[II] frame-timing WMTD306Q701DEK: 300 frames, 0 missed exposure, diff avg -0.88 min -3.57 max 1.53 ms
[II] HMD obs quality: full(strong+ids) 300 ids-verified 0 strong 0 prior-agree 0 reacquire 0 rejected 0 | flags: led-ids 300 strong 300
[II] frame-timing WMTD3052400VZL: 300 frames, 0 missed exposure, diff avg -0.89 min -3.66 max 1.54 ms
[II] Device 0: joint reconstruction 50701 solved, 2 rejected, 50877 single-camera (0 observations arrived too late to count)
[II] HMD obs quality: full(strong+ids) 300 ids-verified 0 strong 0 prior-agree 0 reacquire 0 rejected 0 | flags: led-ids 300 strong 300
[WW] Exposure timestamp 2416277504 was more than 1.5 IMU samples earlier than IMU ts 2416279171 by 1667 µS
[II] frame-timing WMTD306Q701DEK: 300 frames, 0 missed exposure, diff avg -0.87 min -3.89 max 1.61 ms
[II] HMD obs quality: full(strong+ids) 300 ids-verified 0 strong 0 prior-agree 0 reacquire 0 rejected 0 | flags: led-ids 300 strong 300
[II] frame-timing WMTD3052400VZL: 300 frames, 0 missed exposure, diff avg -0.86 min -4.15 max 1.75 ms
[II] Device 0: joint reconstruction 51001 solved, 2 rejected, 51177 single-camera (0 observations arrived too late to count)
[II] HMD obs quality: full(strong+ids) 300 ids-verified 0 strong 0 prior-agree 0 reacquire 0 rejected 0 | flags: led-ids 300 strong 300
[II] frame-timing WMTD306Q701DEK: 300 frames, 0 missed exposure, diff avg -0.91 min -3.64 max 1.92 ms
[II] HMD obs quality: full(strong+ids) 300 ids-verified 0 strong 0 prior-agree 0 reacquire 0 rejected 0 | flags: led-ids 300 strong 300
[II] frame-timing WMTD3052400VZL: 300 frames, 0 missed exposure, diff avg -0.89 min -3.65 max 1.58 ms
[II] Device 0: joint reconstruction 51301 solved, 2 rejected, 51477 single-camera (0 observations arrived too late to count)
[II] HMD obs quality: full(strong+ids) 300 ids-verified 0 strong 0 prior-agree 0 reacquire 0 rejected 0 | flags: led-ids 300 strong 300
[WW] Exposure timestamp 2426415104 was more than 1.5 IMU samples earlier than IMU ts 2426417008 by 1904 µS
[II] frame-timing WMTD306Q701DEK: 300 frames, 0 missed exposure, diff avg -0.92 min -4.19 max 1.50 ms
[II] HMD obs quality: full(strong+ids) 300 ids-verified 0 strong 0 prior-agree 0 reacquire 0 rejected 0 | flags: led-ids 300 strong 300
[II] frame-timing WMTD3052400VZL: 300 frames, 0 missed exposure, diff avg -0.93 min -3.89 max 1.81 ms
[II] Device 0: joint reconstruction 51601 solved, 2 rejected, 51777 single-camera (0 observations arrived too late to count)
[II] HMD obs quality: full(strong+ids) 300 ids-verified 0 strong 0 prior-agree 0 reacquire 0 rejected 0 | flags: led-ids 300 strong 300
[WW] Exposure timestamp 2433480704 was more than 1.5 IMU samples earlier than IMU ts 2433482447 by 1743 µS
[II] frame-timing WMTD306Q701DEK: 300 frames, 0 missed exposure, diff avg -0.88 min -4.44 max 1.35 ms
[II] HMD obs quality: full(strong+ids) 300 ids-verified 0 strong 0 prior-agree 0 reacquire 0 rejected 0 | flags: led-ids 300 strong 300
[II] frame-timing WMTD3052400VZL: 300 frames, 0 missed exposure, diff avg -0.90 min -3.85 max 1.47 ms
[II] Device 0: joint reconstruction 51901 solved, 2 rejected, 52077 single-camera (0 observations arrived too late to count)
[II] HMD obs quality: full(strong+ids) 300 ids-verified 0 strong 0 prior-agree 0 reacquire 0 rejected 0 | flags: led-ids 300 strong 300
[WW] Exposure timestamp 2437992704 was more than 1.5 IMU samples earlier than IMU ts 2437994392 by 1688 µS
[II] frame-timing WMTD306Q701DEK: 300 frames, 0 missed exposure, diff avg -0.91 min -3.76 max 1.46 ms
[II] HMD obs quality: full(strong+ids) 300 ids-verified 0 strong 0 prior-agree 0 reacquire 0 rejected 0 | flags: led-ids 300 strong 300
[II] frame-timing WMTD3052400VZL: 300 frames, 0 missed exposure, diff avg -0.87 min -3.55 max 1.59 ms
[II] Device 0: joint reconstruction 52201 solved, 2 rejected, 52377 single-camera (0 observations arrived too late to count)
[II] HMD obs quality: full(strong+ids) 300 ids-verified 0 strong 0 prior-agree 0 reacquire 0 rejected 0 | flags: led-ids 300 strong 300
[II] frame-timing WMTD306Q701DEK: 300 frames, 0 missed exposure, diff avg -0.89 min -3.57 max 1.43 ms
[II] HMD obs quality: full(strong+ids) 300 ids-verified 0 strong 0 prior-agree 0 reacquire 0 rejected 0 | flags: led-ids 300 strong 300
[II] frame-timing WMTD3052400VZL: 300 frames, 0 missed exposure, diff avg -0.87 min -4.49 max 1.61 ms
[II] Device 0: joint reconstruction 52501 solved, 2 rejected, 52677 single-camera (0 observations arrived too late to count)
[WW] Exposure timestamp 2448879104 was more than 1.5 IMU samples earlier than IMU ts 2448880618 by 1514 µS
[II] HMD obs quality: full(strong+ids) 300 ids-verified 0 strong 0 prior-agree 0 reacquire 0 rejected 0 | flags: led-ids 300 strong 300
[II] frame-timing WMTD306Q701DEK: 300 frames, 0 missed exposure, diff avg -0.87 min -3.94 max 1.43 ms
[WW] Exposure timestamp 2451528704 was more than 1.5 IMU samples earlier than IMU ts 2451530288 by 1584 µS
[II] HMD obs quality: full(strong+ids) 300 ids-verified 0 strong 0 prior-agree 0 reacquire 0 rejected 0 | flags: led-ids 300 strong 300
[II] frame-timing WMTD3052400VZL: 300 frames, 0 missed exposure, diff avg -0.92 min -4.81 max 1.36 ms
[II] Device 0: joint reconstruction 52801 solved, 2 rejected, 52977 single-camera (0 observations arrived too late to count)
[II] HMD obs quality: full(strong+ids) 300 ids-verified 0 strong 0 prior-agree 0 reacquire 0 rejected 0 | flags: led-ids 300 strong 300
[II] frame-timing WMTD306Q701DEK: 300 frames, 0 missed exposure, diff avg -0.94 min -4.04 max 1.37 ms
[II] HMD obs quality: full(strong+ids) 300 ids-verified 0 strong 0 prior-agree 0 reacquire 0 rejected 0 | flags: led-ids 300 strong 300
[II] frame-timing WMTD3052400VZL: 300 frames, 0 missed exposure, diff avg -0.93 min -4.31 max 1.80 ms
[II] Device 0: joint reconstruction 53101 solved, 2 rejected, 53277 single-camera (0 observations arrived too late to count)
[WW] Exposure timestamp 2459458304 was more than 1.5 IMU samples earlier than IMU ts 2459460223 by 1919 µS
[II] HMD obs quality: full(strong+ids) 300 ids-verified 0 strong 0 prior-agree 0 reacquire 0 rejected 0 | flags: led-ids 300 strong 300
[WW] Exposure timestamp 2460648704 was more than 1.5 IMU samples earlier than IMU ts 2460650322 by 1618 µS
[WW] Exposure timestamp 2462146304 was more than 1.5 IMU samples earlier than IMU ts 2462147964 by 1660 µS
[II] frame-timing WMTD306Q701DEK: 300 frames, 0 missed exposure, diff avg -0.90 min -3.44 max 1.54 ms
[II] HMD obs quality: full(strong+ids) 300 ids-verified 0 strong 0 prior-agree 0 reacquire 0 rejected 0 | flags: led-ids 300 strong 300
[II] frame-timing WMTD3052400VZL: 300 frames, 0 missed exposure, diff avg -0.85 min -3.20 max 1.88 ms
[II] Device 0: joint reconstruction 53401 solved, 2 rejected, 53577 single-camera (0 observations arrived too late to count)
[II] HMD obs quality: full(strong+ids) 300 ids-verified 0 strong 0 prior-agree 0 reacquire 0 rejected 0 | flags: led-ids 300 strong 300
[II] frame-timing WMTD306Q701DEK: 300 frames, 0 missed exposure, diff avg -0.84 min -3.88 max 1.55 ms
[II] HMD obs quality: full(strong+ids) 300 ids-verified 0 strong 0 prior-agree 0 reacquire 0 rejected 0 | flags: led-ids 300 strong 300
[II] frame-timing WMTD3052400VZL: 300 frames, 0 missed exposure, diff avg -0.84 min -3.72 max 1.25 ms
[II] Device 0: joint reconstruction 53701 solved, 2 rejected, 53877 single-camera (0 observations arrived too late to count)
[II] HMD obs quality: full(strong+ids) 300 ids-verified 0 strong 0 prior-agree 0 reacquire 0 rejected 0 | flags: led-ids 300 strong 300
[WW] Exposure timestamp 2474280704 was more than 1.5 IMU samples earlier than IMU ts 2474282374 by 1670 µS
[II] frame-timing WMTD306Q701DEK: 300 frames, 0 missed exposure, diff avg -0.88 min -4.08 max 1.81 ms
[II] HMD obs quality: full(strong+ids) 300 ids-verified 0 strong 0 prior-agree 0 reacquire 0 rejected 0 | flags: led-ids 300 strong 300
[II] frame-timing WMTD3052400VZL: 300 frames, 0 missed exposure, diff avg -0.92 min -3.84 max 1.62 ms
[II] Device 0: joint reconstruction 54001 solved, 2 rejected, 54177 single-camera (0 observations arrived too late to count)
[II] HMD obs quality: full(strong+ids) 300 ids-verified 0 strong 0 prior-agree 0 reacquire 0 rejected 0 | flags: led-ids 300 strong 300
[WW] Exposure timestamp 2479483904 was more than 1.5 IMU samples earlier than IMU ts 2479485559 by 1655 µS
[II] frame-timing WMTD306Q701DEK: 300 frames, 0 missed exposure, diff avg -0.92 min -3.61 max 1.27 ms
[II] HMD obs quality: full(strong+ids) 300 ids-verified 0 strong 0 prior-agree 0 reacquire 0 rejected 0 | flags: led-ids 300 strong 300
[II] frame-timing WMTD3052400VZL: 300 frames, 0 missed exposure, diff avg -0.87 min -3.49 max 1.46 ms
[II] Device 0: joint reconstruction 54301 solved, 2 rejected, 54477 single-camera (0 observations arrived too late to count)
[II] HMD obs quality: full(strong+ids) 300 ids-verified 0 strong 0 prior-agree 0 reacquire 0 rejected 0 | flags: led-ids 300 strong 300
[WW] Exposure timestamp 2485032704 was more than 1.5 IMU samples earlier than IMU ts 2485034403 by 1699 µS
[II] frame-timing WMTD306Q701DEK: 300 frames, 0 missed exposure, diff avg -0.83 min -3.73 max 1.64 ms
[WW] Exposure timestamp 2486088704 was more than 1.5 IMU samples earlier than IMU ts 2486090222 by 1518 µS
[II] HMD obs quality: full(strong+ids) 300 ids-verified 0 strong 0 prior-agree 0 reacquire 0 rejected 0 | flags: led-ids 300 strong 300
[II] frame-timing WMTD3052400VZL: 300 frames, 0 missed exposure, diff avg -0.81 min -4.16 max 1.86 ms
[II] Device 0: joint reconstruction 54601 solved, 2 rejected, 54777 single-camera (0 observations arrived too late to count)
[II] HMD obs quality: full(strong+ids) 300 ids-verified 0 strong 0 prior-agree 0 reacquire 0 rejected 0 | flags: led-ids 300 strong 300
[WW] Exposure timestamp 2490235904 was more than 1.5 IMU samples earlier than IMU ts 2490237548 by 1644 µS
[II] frame-timing WMTD306Q701DEK: 300 frames, 0 missed exposure, diff avg -0.90 min -4.26 max 1.42 ms
[II] HMD obs quality: full(strong+ids) 300 ids-verified 0 strong 0 prior-agree 0 reacquire 0 rejected 0 | flags: led-ids 300 strong 300
[II] frame-timing WMTD3052400VZL: 300 frames, 0 missed exposure, diff avg -0.90 min -3.89 max 1.39 ms
[II] Device 0: joint reconstruction 54901 solved, 2 rejected, 55077 single-camera (0 observations arrived too late to count)
[II] HMD obs quality: full(strong+ids) 300 ids-verified 0 strong 0 prior-agree 0 reacquire 0 rejected 0 | flags: led-ids 300 strong 300
[WW] Exposure timestamp 2495208704 was more than 1.5 IMU samples earlier than IMU ts 2495210334 by 1630 µS
[II] frame-timing WMTD306Q701DEK: 300 frames, 0 missed exposure, diff avg -0.89 min -3.99 max 1.81 ms
[II] HMD obs quality: full(strong+ids) 300 ids-verified 0 strong 0 prior-agree 0 reacquire 0 rejected 0 | flags: led-ids 300 strong 300
[II] frame-timing WMTD3052400VZL: 300 frames, 0 missed exposure, diff avg -0.86 min -4.04 max 2.05 ms
[II] Device 0: joint reconstruction 55201 solved, 2 rejected, 55377 single-camera (0 observations arrived too late to count)
[WW] Exposure timestamp 2499835904 was more than 1.5 IMU samples earlier than IMU ts 2499837512 by 1608 µS
[II] HMD obs quality: full(strong+ids) 300 ids-verified 0 strong 0 prior-agree 0 reacquire 0 rejected 0 | flags: led-ids 300 strong 300
[WW] Exposure timestamp 2502159104 was more than 1.5 IMU samples earlier than IMU ts 2502160619 by 1515 µS
[II] frame-timing WMTD306Q701DEK: 300 frames, 0 missed exposure, diff avg -0.86 min -4.10 max 1.84 ms
[II] HMD obs quality: full(strong+ids) 300 ids-verified 0 strong 0 prior-agree 0 reacquire 0 rejected 0 | flags: led-ids 300 strong 300
[II] frame-timing WMTD3052400VZL: 300 frames, 0 missed exposure, diff avg -0.84 min -3.94 max 2.17 ms
[II] Device 0: joint reconstruction 55501 solved, 2 rejected, 55677 single-camera (0 observations arrived too late to count)
[WW] Exposure timestamp 2506095104 was more than 1.5 IMU samples earlier than IMU ts 2506096624 by 1520 µS
[II] HMD obs quality: full(strong+ids) 300 ids-verified 0 strong 0 prior-agree 0 reacquire 0 rejected 0 | flags: led-ids 300 strong 300
[II] frame-timing WMTD306Q701DEK: 300 frames, 0 missed exposure, diff avg -0.85 min -4.33 max 1.53 ms
[II] HMD obs quality: full(strong+ids) 300 ids-verified 0 strong 0 prior-agree 0 reacquire 0 rejected 0 | flags: led-ids 300 strong 300
[II] frame-timing WMTD3052400VZL: 300 frames, 0 missed exposure, diff avg -0.89 min -4.43 max 2.08 ms
[II] Device 0: joint reconstruction 55801 solved, 2 rejected, 55977 single-camera (0 observations arrived too late to count)
[II] HMD obs quality: full(strong+ids) 300 ids-verified 0 strong 0 prior-agree 0 reacquire 0 rejected 0 | flags: led-ids 300 strong 300
[II] frame-timing WMTD306Q701DEK: 300 frames, 0 missed exposure, diff avg -0.90 min -3.66 max 2.17 ms
[II] HMD obs quality: full(strong+ids) 300 ids-verified 0 strong 0 prior-agree 0 reacquire 0 rejected 0 | flags: led-ids 300 strong 300
[II] frame-timing WMTD3052400VZL: 300 frames, 0 missed exposure, diff avg -0.89 min -3.45 max 1.45 ms
[II] Device 0: joint reconstruction 56101 solved, 2 rejected, 56277 single-camera (0 observations arrived too late to count)
[II] HMD obs quality: full(strong+ids) 300 ids-verified 0 strong 0 prior-agree 0 reacquire 0 rejected 0 | flags: led-ids 300 strong 300
[WW] Exposure timestamp 2518920704 was more than 1.5 IMU samples earlier than IMU ts 2518922264 by 1560 µS
[II] frame-timing WMTD306Q701DEK: 300 frames, 0 missed exposure, diff avg -0.90 min -3.52 max 1.60 ms
[II] HMD obs quality: full(strong+ids) 300 ids-verified 0 strong 0 prior-agree 0 reacquire 0 rejected 0 | flags: led-ids 300 strong 300
[II] frame-timing WMTD3052400VZL: 300 frames, 0 missed exposure, diff avg -0.92 min -3.67 max 1.54 ms
[WW] Exposure timestamp 2521800704 was more than 1.5 IMU samples earlier than IMU ts 2521802361 by 1657 µS
[II] Device 0: joint reconstruction 56401 solved, 2 rejected, 56577 single-camera (0 observations arrived too late to count)
[II] HMD obs quality: full(strong+ids) 300 ids-verified 0 strong 0 prior-agree 0 reacquire 0 rejected 0 | flags: led-ids 300 strong 300
[II] frame-timing WMTD306Q701DEK: 300 frames, 0 missed exposure, diff avg -0.86 min -3.59 max 1.93 ms
[II] HMD obs quality: full(strong+ids) 300 ids-verified 0 strong 0 prior-agree 0 reacquire 0 rejected 0 | flags: led-ids 300 strong 300
[WW] Exposure timestamp 2526888704 was more than 1.5 IMU samples earlier than IMU ts 2526890366 by 1662 µS
[II] frame-timing WMTD3052400VZL: 300 frames, 0 missed exposure, diff avg -0.87 min -3.66 max 1.52 ms
[II] Device 0: joint reconstruction 56701 solved, 2 rejected, 56877 single-camera (0 observations arrived too late to count)
[II] HMD obs quality: full(strong+ids) 300 ids-verified 0 strong 0 prior-agree 0 reacquire 0 rejected 0 | flags: led-ids 300 strong 300
[II] frame-timing WMTD306Q701DEK: 300 frames, 0 missed exposure, diff avg -0.93 min -3.48 max 1.44 ms
[II] HMD obs quality: full(strong+ids) 300 ids-verified 0 strong 0 prior-agree 0 reacquire 0 rejected 0 | flags: led-ids 300 strong 300
[II] frame-timing WMTD3052400VZL: 300 frames, 0 missed exposure, diff avg -0.92 min -3.75 max 1.53 ms
[II] Device 0: joint reconstruction 57001 solved, 2 rejected, 57177 single-camera (0 observations arrived too late to count)
[II] HMD obs quality: full(strong+ids) 300 ids-verified 0 strong 0 prior-agree 0 reacquire 0 rejected 0 | flags: led-ids 300 strong 300
[II] frame-timing WMTD306Q701DEK: 300 frames, 0 missed exposure, diff avg -0.95 min -3.75 max 1.48 ms
[II] HMD obs quality: full(strong+ids) 300 ids-verified 0 strong 0 prior-agree 0 reacquire 0 rejected 0 | flags: led-ids 300 strong 300
[II] frame-timing WMTD3052400VZL: 300 frames, 0 missed exposure, diff avg -0.87 min -4.01 max 1.76 ms
[II] Device 0: joint reconstruction 57301 solved, 2 rejected, 57477 single-camera (0 observations arrived too late to count)
[WW] Exposure timestamp 2540079104 was more than 1.5 IMU samples earlier than IMU ts 2540080724 by 1620 µS
[II] HMD obs quality: full(strong+ids) 300 ids-verified 0 strong 0 prior-agree 0 reacquire 0 rejected 0 | flags: led-ids 300 strong 300
[WW] Exposure timestamp 2541691904 was more than 1.5 IMU samples earlier than IMU ts 2541693581 by 1677 µS
[II] frame-timing WMTD306Q701DEK: 300 frames, 0 missed exposure, diff avg -0.81 min -4.16 max 1.68 ms
[II] HMD obs quality: full(strong+ids) 300 ids-verified 0 strong 0 prior-agree 0 reacquire 0 rejected 0 | flags: led-ids 300 strong 300
[WW] Exposure timestamp 2544571904 was more than 1.5 IMU samples earlier than IMU ts 2544573684 by 1780 µS
[II] frame-timing WMTD3052400VZL: 300 frames, 0 missed exposure, diff avg -0.89 min -3.56 max 1.51 ms
[II] Device 0: joint reconstruction 57601 solved, 2 rejected, 57777 single-camera (0 observations arrived too late to count)
[II] HMD obs quality: full(strong+ids) 300 ids-verified 0 strong 0 prior-agree 0 reacquire 0 rejected 0 | flags: led-ids 300 strong 300
[II] frame-timing WMTD306Q701DEK: 300 frames, 0 missed exposure, diff avg -0.90 min -4.60 max 1.82 ms
[II] HMD obs quality: full(strong+ids) 300 ids-verified 0 strong 0 prior-agree 0 reacquire 0 rejected 0 | flags: led-ids 300 strong 300
[II] frame-timing WMTD3052400VZL: 300 frames, 0 missed exposure, diff avg -0.87 min -4.03 max 1.56 ms
[II] Device 0: joint reconstruction 57901 solved, 2 rejected, 58077 single-camera (0 observations arrived too late to count)
[II] HMD obs quality: full(strong+ids) 300 ids-verified 0 strong 0 prior-agree 0 reacquire 0 rejected 0 | flags: led-ids 300 strong 300
[WW] Exposure timestamp 2553135104 was more than 1.5 IMU samples earlier than IMU ts 2553136861 by 1757 µS
[II] frame-timing WMTD306Q701DEK: 300 frames, 0 missed exposure, diff avg -0.92 min -4.24 max 1.87 ms
[WW] Exposure timestamp 2555227904 was more than 1.5 IMU samples earlier than IMU ts 2555229576 by 1672 µS
[II] HMD obs quality: full(strong+ids) 300 ids-verified 0 strong 0 prior-agree 0 reacquire 0 rejected 0 | flags: led-ids 300 strong 300
[II] frame-timing WMTD3052400VZL: 300 frames, 0 missed exposure, diff avg -0.89 min -4.32 max 1.66 ms
[II] Device 0: joint reconstruction 58201 solved, 2 rejected, 58377 single-camera (0 observations arrived too late to count)
[II] HMD obs quality: full(strong+ids) 300 ids-verified 0 strong 0 prior-agree 0 reacquire 0 rejected 0 | flags: led-ids 300 strong 300
[WW] Exposure timestamp 2558472704 was more than 1.5 IMU samples earlier than IMU ts 2558474368 by 1664 µS
[WW] Exposure timestamp 2559586304 was more than 1.5 IMU samples earlier than IMU ts 2559588298 by 1994 µS
[II] frame-timing WMTD306Q701DEK: 300 frames, 0 missed exposure, diff avg -0.85 min -3.97 max 1.56 ms
[II] HMD obs quality: full(strong+ids) 300 ids-verified 0 strong 0 prior-agree 0 reacquire 0 rejected 0 | flags: led-ids 300 strong 300
[II] frame-timing WMTD3052400VZL: 300 frames, 0 missed exposure, diff avg -0.85 min -3.74 max 1.51 ms
[II] Device 0: joint reconstruction 58501 solved, 2 rejected, 58677 single-camera (0 observations arrived too late to count)
[II] HMD obs quality: full(strong+ids) 300 ids-verified 0 strong 0 prior-agree 0 reacquire 0 rejected 0 | flags: led-ids 300 strong 300
[II] frame-timing WMTD306Q701DEK: 300 frames, 0 missed exposure, diff avg -0.85 min -4.66 max 1.59 ms
[II] HMD obs quality: full(strong+ids) 300 ids-verified 0 strong 0 prior-agree 0 reacquire 0 rejected 0 | flags: led-ids 300 strong 300
[II] frame-timing WMTD3052400VZL: 300 frames, 0 missed exposure, diff avg -0.85 min -3.60 max 1.46 ms
[II] Device 0: joint reconstruction 58801 solved, 2 rejected, 58977 single-camera (0 observations arrived too late to count)
[WW] Exposure timestamp 2569128704 was more than 1.5 IMU samples earlier than IMU ts 2569130221 by 1517 µS
[II] HMD obs quality: full(strong+ids) 300 ids-verified 0 strong 0 prior-agree 0 reacquire 0 rejected 0 | flags: led-ids 300 strong 300
[II] frame-timing WMTD306Q701DEK: 300 frames, 0 missed exposure, diff avg -0.85 min -3.84 max 1.88 ms
[WW] Exposure timestamp 2572584704 was more than 1.5 IMU samples earlier than IMU ts 2572586353 by 1649 µS
[II] HMD obs quality: full(strong+ids) 300 ids-verified 0 strong 0 prior-agree 0 reacquire 0 rejected 0 | flags: led-ids 300 strong 300
[II] frame-timing WMTD3052400VZL: 300 frames, 0 missed exposure, diff avg -0.87 min -4.46 max 1.94 ms
[II] Device 0: joint reconstruction 59101 solved, 2 rejected, 59277 single-camera (0 observations arrived too late to count)
[II] HMD obs quality: full(strong+ids) 300 ids-verified 0 strong 0 prior-agree 0 reacquire 0 rejected 0 | flags: led-ids 300 strong 300
[WW] Exposure timestamp 2576635904 was more than 1.5 IMU samples earlier than IMU ts 2576637558 by 1654 µS
[II] frame-timing WMTD306Q701DEK: 300 frames, 0 missed exposure, diff avg -0.92 min -3.90 max 1.47 ms
[II] HMD obs quality: full(strong+ids) 300 ids-verified 0 strong 0 prior-agree 0 reacquire 0 rejected 0 | flags: led-ids 300 strong 300
[II] frame-timing WMTD3052400VZL: 300 frames, 0 missed exposure, diff avg -0.89 min -3.94 max 1.42 ms
[II] Device 0: joint reconstruction 59401 solved, 2 rejected, 59577 single-camera (0 observations arrived too late to count)
[II] HMD obs quality: full(strong+ids) 300 ids-verified 0 strong 0 prior-agree 0 reacquire 0 rejected 0 | flags: led-ids 300 strong 300
[II] frame-timing WMTD306Q701DEK: 300 frames, 0 missed exposure, diff avg -0.95 min -3.80 max 1.85 ms
[II] HMD obs quality: full(strong+ids) 300 ids-verified 0 strong 0 prior-agree 0 reacquire 0 rejected 0 | flags: led-ids 300 strong 300
[II] frame-timing WMTD3052400VZL: 300 frames, 0 missed exposure, diff avg -0.94 min -4.26 max 1.91 ms
[WW] Exposure timestamp 2585544704 was more than 1.5 IMU samples earlier than IMU ts 2585546356 by 1652 µS
[II] Device 0: joint reconstruction 59701 solved, 2 rejected, 59877 single-camera (0 observations arrived too late to count)
[II] HMD obs quality: full(strong+ids) 300 ids-verified 0 strong 0 prior-agree 0 reacquire 0 rejected 0 | flags: led-ids 300 strong 300
[II] frame-timing WMTD306Q701DEK: 300 frames, 0 missed exposure, diff avg -0.86 min -4.15 max 1.77 ms
[II] HMD obs quality: full(strong+ids) 300 ids-verified 0 strong 0 prior-agree 0 reacquire 0 rejected 0 | flags: led-ids 300 strong 300
[II] frame-timing WMTD3052400VZL: 300 frames, 0 missed exposure, diff avg -0.88 min -3.64 max 1.89 ms
[II] Device 0: joint reconstruction 60001 solved, 2 rejected, 60177 single-camera (0 observations arrived too late to count)
[WW] Exposure timestamp 2592379904 was more than 1.5 IMU samples earlier than IMU ts 2592381494 by 1590 µS
[II] HMD obs quality: full(strong+ids) 300 ids-verified 0 strong 0 prior-agree 0 reacquire 0 rejected 0 | flags: led-ids 300 strong 300
[II] frame-timing WMTD306Q701DEK: 300 frames, 0 missed exposure, diff avg -0.90 min -3.67 max 2.22 ms
[II] HMD obs quality: full(strong+ids) 300 ids-verified 0 strong 0 prior-agree 0 reacquire 0 rejected 0 | flags: led-ids 300 strong 300
[II] frame-timing WMTD3052400VZL: 300 frames, 0 missed exposure, diff avg -0.87 min -4.11 max 1.89 ms
[II] Device 0: joint reconstruction 60301 solved, 2 rejected, 60477 single-camera (0 observations arrived too late to count)
[II] HMD obs quality: full(strong+ids) 300 ids-verified 0 strong 0 prior-agree 0 reacquire 0 rejected 0 | flags: led-ids 300 strong 300
[WW] Exposure timestamp 2599618304 was more than 1.5 IMU samples earlier than IMU ts 2599620354 by 2050 µS
[WW] Exposure timestamp 2600674304 was more than 1.5 IMU samples earlier than IMU ts 2600676230 by 1926 µS
[II] frame-timing WMTD306Q701DEK: 300 frames, 0 missed exposure, diff avg -0.90 min -3.67 max 1.73 ms
[II] HMD obs quality: full(strong+ids) 300 ids-verified 0 strong 0 prior-agree 0 reacquire 0 rejected 0 | flags: led-ids 300 strong 300
[II] frame-timing WMTD3052400VZL: 300 frames, 0 missed exposure, diff avg -0.87 min -4.55 max 1.91 ms
[II] Device 0: joint reconstruction 60601 solved, 2 rejected, 60777 single-camera (0 observations arrived too late to count)
[WW] Exposure timestamp 2603592704 was more than 1.5 IMU samples earlier than IMU ts 2603594461 by 1757 µS
[II] HMD obs quality: full(strong+ids) 300 ids-verified 0 strong 0 prior-agree 0 reacquire 0 rejected 0 | flags: led-ids 300 strong 300
[II] frame-timing WMTD306Q701DEK: 300 frames, 0 missed exposure, diff avg -0.90 min -3.79 max 1.53 ms
[II] HMD obs quality: full(strong+ids) 300 ids-verified 0 strong 0 prior-agree 0 reacquire 0 rejected 0 | flags: led-ids 300 strong 300
[II] frame-timing WMTD3052400VZL: 300 frames, 0 missed exposure, diff avg -0.90 min -4.08 max 1.41 ms
[II] Device 0: joint reconstruction 60901 solved, 2 rejected, 61077 single-camera (0 observations arrived too late to count)
[WW] Exposure timestamp 2609851904 was more than 1.5 IMU samples earlier than IMU ts 2609853540 by 1636 µS
[II] HMD obs quality: full(strong+ids) 300 ids-verified 0 strong 0 prior-agree 0 reacquire 0 rejected 0 | flags: led-ids 300 strong 300
[II] frame-timing WMTD306Q701DEK: 300 frames, 0 missed exposure, diff avg -0.92 min -4.33 max 1.53 ms
[II] HMD obs quality: full(strong+ids) 300 ids-verified 0 strong 0 prior-agree 0 reacquire 0 rejected 0 | flags: led-ids 300 strong 300
[II] frame-timing WMTD3052400VZL: 300 frames, 0 missed exposure, diff avg -0.92 min -4.25 max 1.69 ms
[II] Device 0: joint reconstruction 61201 solved, 2 rejected, 61377 single-camera (0 observations arrived too late to count)
[II] HMD obs quality: full(strong+ids) 300 ids-verified 0 strong 0 prior-agree 0 reacquire 0 rejected 0 | flags: led-ids 300 strong 300
[II] frame-timing WMTD306Q701DEK: 300 frames, 0 missed exposure, diff avg -0.84 min -4.27 max 1.61 ms
[II] HMD obs quality: full(strong+ids) 300 ids-verified 0 strong 0 prior-agree 0 reacquire 0 rejected 0 | flags: led-ids 300 strong 300
[II] frame-timing WMTD3052400VZL: 300 frames, 0 missed exposure, diff avg -0.84 min -3.31 max 1.49 ms
[WW] Exposure timestamp 2620047104 was more than 1.5 IMU samples earlier than IMU ts 2620048714 by 1610 µS
[II] Device 0: joint reconstruction 61501 solved, 2 rejected, 61677 single-camera (0 observations arrived too late to count)
[II] HMD obs quality: full(strong+ids) 300 ids-verified 0 strong 0 prior-agree 0 reacquire 0 rejected 0 | flags: led-ids 300 strong 300
[II] frame-timing WMTD306Q701DEK: 300 frames, 0 missed exposure, diff avg -0.91 min -3.87 max 1.49 ms
[II] HMD obs quality: full(strong+ids) 300 ids-verified 0 strong 0 prior-agree 0 reacquire 0 rejected 0 | flags: led-ids 300 strong 300
[II] frame-timing WMTD3052400VZL: 300 frames, 0 missed exposure, diff avg -0.91 min -3.74 max 1.94 ms
[II] Device 0: joint reconstruction 61801 solved, 2 rejected, 61977 single-camera (0 observations arrived too late to count)
[II] HMD obs quality: full(strong+ids) 300 ids-verified 0 strong 0 prior-agree 0 reacquire 0 rejected 0 | flags: led-ids 300 strong 300
[II] frame-timing WMTD306Q701DEK: 300 frames, 0 missed exposure, diff avg -0.90 min -4.22 max 1.92 ms
[II] HMD obs quality: full(strong+ids) 300 ids-verified 0 strong 0 prior-agree 0 reacquire 0 rejected 0 | flags: led-ids 300 strong 300
[II] frame-timing WMTD3052400VZL: 300 frames, 0 missed exposure, diff avg -0.90 min -4.27 max 2.00 ms
[II] Device 0: joint reconstruction 62101 solved, 2 rejected, 62277 single-camera (0 observations arrived too late to count)
[WW] Exposure timestamp 2632315904 was more than 1.5 IMU samples earlier than IMU ts 2632317495 by 1591 µS
[II] HMD obs quality: full(strong+ids) 300 ids-verified 0 strong 0 prior-agree 0 reacquire 0 rejected 0 | flags: led-ids 300 strong 300
[WW] Exposure timestamp 2634504704 was more than 1.5 IMU samples earlier than IMU ts 2634506390 by 1686 µS
[II] frame-timing WMTD306Q701DEK: 300 frames, 0 missed exposure, diff avg -0.85 min -4.83 max 1.77 ms
[II] HMD obs quality: full(strong+ids) 300 ids-verified 0 strong 0 prior-agree 0 reacquire 0 rejected 0 | flags: led-ids 300 strong 300
[II] frame-timing WMTD3052400VZL: 300 frames, 0 missed exposure, diff avg -0.84 min -3.87 max 2.14 ms
[II] Device 0: joint reconstruction 62401 solved, 2 rejected, 62577 single-camera (0 observations arrived too late to count)
[II] HMD obs quality: full(strong+ids) 300 ids-verified 0 strong 0 prior-agree 0 reacquire 0 rejected 0 | flags: led-ids 300 strong 300
[II] frame-timing WMTD306Q701DEK: 300 frames, 0 missed exposure, diff avg -0.87 min -4.54 max 1.55 ms
[II] HMD obs quality: full(strong+ids) 300 ids-verified 0 strong 0 prior-agree 0 reacquire 0 rejected 0 | flags: led-ids 300 strong 300
[II] frame-timing WMTD3052400VZL: 300 frames, 0 missed exposure, diff avg -0.89 min -3.46 max 1.64 ms
[II] Device 0: joint reconstruction 62701 solved, 2 rejected, 62877 single-camera (0 observations arrived too late to count)
[II] HMD obs quality: full(strong+ids) 300 ids-verified 0 strong 0 prior-agree 0 reacquire 0 rejected 0 | flags: led-ids 300 strong 300
[II] frame-timing WMTD306Q701DEK: 300 frames, 0 missed exposure, diff avg -0.89 min -3.43 max 1.62 ms
[II] HMD obs quality: full(strong+ids) 300 ids-verified 0 strong 0 prior-agree 0 reacquire 0 rejected 0 | flags: led-ids 300 strong 300
[II] frame-timing WMTD3052400VZL: 300 frames, 0 missed exposure, diff avg -0.83 min -4.15 max 1.53 ms
[II] Device 0: joint reconstruction 63001 solved, 2 rejected, 63177 single-camera (0 observations arrived too late to count)
[WW] Exposure timestamp 2649461504 was more than 1.5 IMU samples earlier than IMU ts 2649463019 by 1515 µS
[II] HMD obs quality: full(strong+ids) 300 ids-verified 0 strong 0 prior-agree 0 reacquire 0 rejected 0 | flags: led-ids 300 strong 300
[II] frame-timing WMTD306Q701DEK: 300 frames, 0 missed exposure, diff avg -0.84 min -3.45 max 1.61 ms
[II] HMD obs quality: full(strong+ids) 300 ids-verified 0 strong 0 prior-agree 0 reacquire 0 rejected 0 | flags: led-ids 300 strong 300
[WW] Exposure timestamp 2653608704 was more than 1.5 IMU samples earlier than IMU ts 2653610407 by 1703 µS
[II] frame-timing WMTD3052400VZL: 300 frames, 0 missed exposure, diff avg -0.87 min -3.93 max 1.93 ms
[II] Device 0: joint reconstruction 63301 solved, 2 rejected, 63477 single-camera (0 observations arrived too late to count)
[II] HMD obs quality: full(strong+ids) 300 ids-verified 0 strong 0 prior-agree 0 reacquire 0 rejected 0 | flags: led-ids 300 strong 300
[WW] Exposure timestamp 2658658304 was more than 1.5 IMU samples earlier than IMU ts 2658660404 by 2100 µS
[II] frame-timing WMTD306Q701DEK: 300 frames, 0 missed exposure, diff avg -0.93 min -3.62 max 1.77 ms
[II] HMD obs quality: full(strong+ids) 300 ids-verified 0 strong 0 prior-agree 0 reacquire 0 rejected 0 | flags: led-ids 300 strong 300
[II] frame-timing WMTD3052400VZL: 300 frames, 0 missed exposure, diff avg -0.93 min -3.60 max 1.42 ms
[II] Device 0: joint reconstruction 63601 solved, 2 rejected, 63777 single-camera (0 observations arrived too late to count)
[WW] Exposure timestamp 2661960704 was more than 1.5 IMU samples earlier than IMU ts 2661962301 by 1597 µS
[II] HMD obs quality: full(strong+ids) 300 ids-verified 0 strong 0 prior-agree 0 reacquire 0 rejected 0 | flags: led-ids 300 strong 300
[WW] Exposure timestamp 2663650304 was more than 1.5 IMU samples earlier than IMU ts 2663652300 by 1996 µS
[II] frame-timing WMTD306Q701DEK: 300 frames, 0 missed exposure, diff avg -0.91 min -3.47 max 1.36 ms
[II] HMD obs quality: full(strong+ids) 300 ids-verified 0 strong 0 prior-agree 0 reacquire 0 rejected 0 | flags: led-ids 300 strong 300
[II] frame-timing WMTD3052400VZL: 300 frames, 0 missed exposure, diff avg -0.86 min -4.08 max 1.94 ms
[II] Device 0: joint reconstruction 63901 solved, 2 rejected, 64077 single-camera (0 observations arrived too late to count)
[II] HMD obs quality: full(strong+ids) 300 ids-verified 0 strong 0 prior-agree 0 reacquire 0 rejected 0 | flags: led-ids 300 strong 300
[II] frame-timing WMTD306Q701DEK: 300 frames, 0 missed exposure, diff avg -0.86 min -3.40 max 2.06 ms
[II] HMD obs quality: full(strong+ids) 300 ids-verified 0 strong 0 prior-agree 0 reacquire 0 rejected 0 | flags: led-ids 300 strong 300
[II] frame-timing WMTD3052400VZL: 300 frames, 0 missed exposure, diff avg -0.85 min -3.96 max 1.67 ms
[II] Device 0: joint reconstruction 64201 solved, 2 rejected, 64377 single-camera (0 observations arrived too late to count)
[II] HMD obs quality: full(strong+ids) 300 ids-verified 0 strong 0 prior-agree 0 reacquire 0 rejected 0 | flags: led-ids 300 strong 300
[II] frame-timing WMTD306Q701DEK: 300 frames, 0 missed exposure, diff avg -0.86 min -3.87 max 1.69 ms
[II] HMD obs quality: full(strong+ids) 300 ids-verified 0 strong 0 prior-agree 0 reacquire 0 rejected 0 | flags: led-ids 300 strong 300
[II] frame-timing WMTD3052400VZL: 300 frames, 0 missed exposure, diff avg -0.88 min -3.33 max 1.87 ms
[II] Device 0: joint reconstruction 64501 solved, 2 rejected, 64677 single-camera (0 observations arrived too late to count)
[II] HMD obs quality: full(strong+ids) 300 ids-verified 0 strong 0 prior-agree 0 reacquire 0 rejected 0 | flags: led-ids 300 strong 300
[II] frame-timing WMTD306Q701DEK: 300 frames, 0 missed exposure, diff avg -0.92 min -3.79 max 1.60 ms
[II] HMD obs quality: full(strong+ids) 300 ids-verified 0 strong 0 prior-agree 0 reacquire 0 rejected 0 | flags: led-ids 300 strong 300
[II] frame-timing WMTD3052400VZL: 300 frames, 0 missed exposure, diff avg -0.91 min -4.39 max 1.41 ms
[II] Device 0: joint reconstruction 64801 solved, 2 rejected, 64977 single-camera (0 observations arrived too late to count)
[II] HMD obs quality: full(strong+ids) 300 ids-verified 0 strong 0 prior-agree 0 reacquire 0 rejected 0 | flags: led-ids 300 strong 300
[WW] Exposure timestamp 2686594304 was more than 1.5 IMU samples earlier than IMU ts 2686596213 by 1909 µS
[WW] Exposure timestamp 2687208704 was more than 1.5 IMU samples earlier than IMU ts 2687210309 by 1605 µS
[II] frame-timing WMTD306Q701DEK: 300 frames, 0 missed exposure, diff avg -0.88 min -3.90 max 1.59 ms
[II] HMD obs quality: full(strong+ids) 300 ids-verified 0 strong 0 prior-agree 0 reacquire 0 rejected 0 | flags: led-ids 300 strong 300
[II] frame-timing WMTD3052400VZL: 300 frames, 0 missed exposure, diff avg -0.87 min -4.08 max 1.62 ms
[II] Device 0: joint reconstruction 65101 solved, 2 rejected, 65277 single-camera (0 observations arrived too late to count)
[II] HMD obs quality: full(strong+ids) 300 ids-verified 0 strong 0 prior-agree 0 reacquire 0 rejected 0 | flags: led-ids 300 strong 300
[II] frame-timing WMTD306Q701DEK: 300 frames, 0 missed exposure, diff avg -0.92 min -4.50 max 1.55 ms
[II] HMD obs quality: full(strong+ids) 300 ids-verified 0 strong 0 prior-agree 0 reacquire 0 rejected 0 | flags: led-ids 300 strong 300
[II] frame-timing WMTD3052400VZL: 300 frames, 0 missed exposure, diff avg -0.89 min -3.92 max 1.77 ms
[II] Device 0: joint reconstruction 65401 solved, 2 rejected, 65577 single-camera (0 observations arrived too late to count)
[II] HMD obs quality: full(strong+ids) 300 ids-verified 0 strong 0 prior-agree 0 reacquire 0 rejected 0 | flags: led-ids 300 strong 300
[II] frame-timing WMTD306Q701DEK: 300 frames, 0 missed exposure, diff avg -0.87 min -4.05 max 1.65 ms
[II] HMD obs quality: full(strong+ids) 300 ids-verified 0 strong 0 prior-agree 0 reacquire 0 rejected 0 | flags: led-ids 300 strong 300
[II] frame-timing WMTD3052400VZL: 300 frames, 0 missed exposure, diff avg -0.92 min -3.86 max 1.42 ms
[II] Device 0: joint reconstruction 65701 solved, 2 rejected, 65877 single-camera (0 observations arrived too late to count)
[II] HMD obs quality: full(strong+ids) 300 ids-verified 0 strong 0 prior-agree 0 reacquire 0 rejected 0 | flags: led-ids 300 strong 300
[II] frame-timing WMTD306Q701DEK: 300 frames, 0 missed exposure, diff avg -0.91 min -4.18 max 1.93 ms
[II] HMD obs quality: full(strong+ids) 300 ids-verified 0 strong 0 prior-agree 0 reacquire 0 rejected 0 | flags: led-ids 300 strong 300
[II] frame-timing WMTD3052400VZL: 300 frames, 0 missed exposure, diff avg -0.87 min -3.85 max 1.48 ms
[II] Device 0: joint reconstruction 66001 solved, 2 rejected, 66177 single-camera (0 observations arrived too late to count)
[II] HMD obs quality: full(strong+ids) 300 ids-verified 0 strong 0 prior-agree 0 reacquire 0 rejected 0 | flags: led-ids 300 strong 300
[II] frame-timing WMTD306Q701DEK: 300 frames, 0 missed exposure, diff avg -0.89 min -3.59 max 1.70 ms
[II] HMD obs quality: full(strong+ids) 300 ids-verified 0 strong 0 prior-agree 0 reacquire 0 rejected 0 | flags: led-ids 300 strong 300
[II] frame-timing WMTD3052400VZL: 300 frames, 0 missed exposure, diff avg -0.88 min -4.14 max 2.04 ms
[II] Device 0: joint reconstruction 66301 solved, 2 rejected, 66477 single-camera (0 observations arrived too late to count)
[II] HMD obs quality: full(strong+ids) 300 ids-verified 0 strong 0 prior-agree 0 reacquire 0 rejected 0 | flags: led-ids 300 strong 300
[WW] Exposure timestamp 2715816704 was more than 1.5 IMU samples earlier than IMU ts 2715818382 by 1678 µS
[II] frame-timing WMTD306Q701DEK: 300 frames, 0 missed exposure, diff avg -0.88 min -3.80 max 1.54 ms
[II] HMD obs quality: full(strong+ids) 300 ids-verified 0 strong 0 prior-agree 0 reacquire 0 rejected 0 | flags: led-ids 300 strong 300
[II] frame-timing WMTD3052400VZL: 300 frames, 0 missed exposure, diff avg -0.88 min -4.13 max 1.33 ms
[II] Device 0: joint reconstruction 66601 solved, 2 rejected, 66777 single-camera (0 observations arrived too late to count)
[WW] Exposure timestamp 2719080704 was more than 1.5 IMU samples earlier than IMU ts 2719082213 by 1509 µS
[II] HMD obs quality: full(strong+ids) 300 ids-verified 0 strong 0 prior-agree 0 reacquire 0 rejected 0 | flags: led-ids 300 strong 300
[WW] Exposure timestamp 2721845504 was more than 1.5 IMU samples earlier than IMU ts 2721847153 by 1649 µS
[II] frame-timing WMTD306Q701DEK: 300 frames, 0 missed exposure, diff avg -0.88 min -3.66 max 1.65 ms
[II] HMD obs quality: full(strong+ids) 300 ids-verified 0 strong 0 prior-agree 0 reacquire 0 rejected 0 | flags: led-ids 300 strong 300
[II] frame-timing WMTD3052400VZL: 300 frames, 0 missed exposure, diff avg -0.90 min -3.61 max 1.38 ms
[II] Device 0: joint reconstruction 66901 solved, 2 rejected, 67077 single-camera (0 observations arrived too late to count)
[WW] Exposure timestamp 2724379904 was more than 1.5 IMU samples earlier than IMU ts 2724381682 by 1778 µS
[WW] Exposure timestamp 2724629504 was more than 1.5 IMU samples earlier than IMU ts 2724631127 by 1623 µS
[WW] Exposure timestamp 2724859904 was more than 1.5 IMU samples earlier than IMU ts 2724861539 by 1635 µS
[II] HMD obs quality: full(strong+ids) 300 ids-verified 0 strong 0 prior-agree 0 reacquire 0 rejected 0 | flags: led-ids 300 strong 300
[II] frame-timing WMTD306Q701DEK: 300 frames, 0 missed exposure, diff avg -0.85 min -3.96 max 1.84 ms
[II] HMD obs quality: full(strong+ids) 300 ids-verified 0 strong 0 prior-agree 0 reacquire 0 rejected 0 | flags: led-ids 300 strong 300
[II] frame-timing WMTD3052400VZL: 300 frames, 0 missed exposure, diff avg -0.82 min -4.01 max 1.51 ms
[II] Device 0: joint reconstruction 67201 solved, 2 rejected, 67377 single-camera (0 observations arrived too late to count)
[II] HMD obs quality: full(strong+ids) 300 ids-verified 0 strong 0 prior-agree 0 reacquire 0 rejected 0 | flags: led-ids 300 strong 300
[II] frame-timing WMTD306Q701DEK: 300 frames, 0 missed exposure, diff avg -0.88 min -4.14 max 1.99 ms
[II] HMD obs quality: full(strong+ids) 300 ids-verified 0 strong 0 prior-agree 0 reacquire 0 rejected 0 | flags: led-ids 300 strong 300
[II] frame-timing WMTD3052400VZL: 300 frames, 0 missed exposure, diff avg -0.89 min -3.81 max 1.65 ms
[WW] Exposure timestamp 2735515904 was more than 1.5 IMU samples earlier than IMU ts 2735517586 by 1682 µS
[II] Device 0: joint reconstruction 67501 solved, 2 rejected, 67677 single-camera (0 observations arrived too late to count)
[II] HMD obs quality: full(strong+ids) 300 ids-verified 0 strong 0 prior-agree 0 reacquire 0 rejected 0 | flags: led-ids 300 strong 300
[II] frame-timing WMTD306Q701DEK: 300 frames, 0 missed exposure, diff avg -0.93 min -4.03 max 1.69 ms
[II] HMD obs quality: full(strong+ids) 300 ids-verified 0 strong 0 prior-agree 0 reacquire 0 rejected 0 | flags: led-ids 300 strong 300
[II] frame-timing WMTD3052400VZL: 300 frames, 0 missed exposure, diff avg -0.91 min -4.18 max 1.63 ms
[II] Device 0: joint reconstruction 67801 solved, 2 rejected, 67977 single-camera (0 observations arrived too late to count)
[II] HMD obs quality: full(strong+ids) 300 ids-verified 0 strong 0 prior-agree 0 reacquire 0 rejected 0 | flags: led-ids 300 strong 300
[II] frame-timing WMTD306Q701DEK: 300 frames, 0 missed exposure, diff avg -0.84 min -3.47 max 1.72 ms
[II] HMD obs quality: full(strong+ids) 300 ids-verified 0 strong 0 prior-agree 0 reacquire 0 rejected 0 | flags: led-ids 300 strong 300
[II] frame-timing WMTD3052400VZL: 300 frames, 0 missed exposure, diff avg -0.87 min -3.65 max 1.65 ms
[II] Device 0: joint reconstruction 68101 solved, 2 rejected, 68277 single-camera (0 observations arrived too late to count)
[II] HMD obs quality: full(strong+ids) 300 ids-verified 0 strong 0 prior-agree 0 reacquire 0 rejected 0 | flags: led-ids 300 strong 300
[WW] Exposure timestamp 2749435904 was more than 1.5 IMU samples earlier than IMU ts 2749437480 by 1576 µS
[WW] Exposure timestamp 2750914304 was more than 1.5 IMU samples earlier than IMU ts 2750916125 by 1821 µS
[II] frame-timing WMTD306Q701DEK: 300 frames, 0 missed exposure, diff avg -0.83 min -3.66 max 1.77 ms
[II] HMD obs quality: full(strong+ids) 300 ids-verified 0 strong 0 prior-agree 0 reacquire 0 rejected 0 | flags: led-ids 300 strong 300
[WW] Exposure timestamp 2751528704 was more than 1.5 IMU samples earlier than IMU ts 2751530223 by 1519 µS
[II] frame-timing WMTD3052400VZL: 300 frames, 0 missed exposure, diff avg -0.83 min -3.79 max 1.64 ms
[II] Device 0: joint reconstruction 68401 solved, 2 rejected, 68577 single-camera (0 observations arrived too late to count)
[II] HMD obs quality: full(strong+ids) 300 ids-verified 0 strong 0 prior-agree 0 reacquire 0 rejected 0 | flags: led-ids 300 strong 300
[WW] Exposure timestamp 2754773504 was more than 1.5 IMU samples earlier than IMU ts 2754775029 by 1525 µS
[WW] Exposure timestamp 2756155904 was more than 1.5 IMU samples earlier than IMU ts 2756157503 by 1599 µS
[II] frame-timing WMTD306Q701DEK: 300 frames, 0 missed exposure, diff avg -0.90 min -3.68 max 1.75 ms
[II] HMD obs quality: full(strong+ids) 300 ids-verified 0 strong 0 prior-agree 0 reacquire 0 rejected 0 | flags: led-ids 300 strong 300
[II] frame-timing WMTD3052400VZL: 300 frames, 0 missed exposure, diff avg -0.89 min -3.39 max 1.73 ms
[WW] Exposure timestamp 2757768704 was more than 1.5 IMU samples earlier than IMU ts 2757770389 by 1685 µS
[II] Device 0: joint reconstruction 68701 solved, 2 rejected, 68877 single-camera (0 observations arrived too late to count)
[II] HMD obs quality: full(strong+ids) 300 ids-verified 0 strong 0 prior-agree 0 reacquire 0 rejected 0 | flags: led-ids 300 strong 300
[II] frame-timing WMTD306Q701DEK: 300 frames, 0 missed exposure, diff avg -0.93 min -3.92 max 1.87 ms
[II] HMD obs quality: full(strong+ids) 300 ids-verified 0 strong 0 prior-agree 0 reacquire 0 rejected 0 | flags: led-ids 300 strong 300
[II] frame-timing WMTD3052400VZL: 300 frames, 0 missed exposure, diff avg -0.92 min -3.68 max 1.47 ms
[II] Device 0: joint reconstruction 69001 solved, 2 rejected, 69177 single-camera (0 observations arrived too late to count)
[II] HMD obs quality: full(strong+ids) 300 ids-verified 0 strong 0 prior-agree 0 reacquire 0 rejected 0 | flags: led-ids 300 strong 300
[WW] Exposure timestamp 2767176704 was more than 1.5 IMU samples earlier than IMU ts 2767178227 by 1523 µS
[II] frame-timing WMTD306Q701DEK: 300 frames, 0 missed exposure, diff avg -0.87 min -3.63 max 1.99 ms
[WW] Exposure timestamp 2768443904 was more than 1.5 IMU samples earlier than IMU ts 2768445497 by 1593 µS
[II] HMD obs quality: full(strong+ids) 300 ids-verified 0 strong 0 prior-agree 0 reacquire 0 rejected 0 | flags: led-ids 300 strong 300
[II] frame-timing WMTD3052400VZL: 300 frames, 0 missed exposure, diff avg -0.87 min -4.59 max 1.87 ms
[II] Device 0: joint reconstruction 69301 solved, 2 rejected, 69477 single-camera (0 observations arrived too late to count)
[II] HMD obs quality: full(strong+ids) 300 ids-verified 0 strong 0 prior-agree 0 reacquire 0 rejected 0 | flags: led-ids 300 strong 300
[II] frame-timing WMTD306Q701DEK: 300 frames, 0 missed exposure, diff avg -0.88 min -4.15 max 2.10 ms
[II] HMD obs quality: full(strong+ids) 300 ids-verified 0 strong 0 prior-agree 0 reacquire 0 rejected 0 | flags: led-ids 300 strong 300
[II] frame-timing WMTD3052400VZL: 300 frames, 0 missed exposure, diff avg -0.88 min -3.59 max 2.03 ms
[II] Device 0: joint reconstruction 69601 solved, 2 rejected, 69777 single-camera (0 observations arrived too late to count)
[WW] Exposure timestamp 2776315904 was more than 1.5 IMU samples earlier than IMU ts 2776317636 by 1732 µS
[II] HMD obs quality: full(strong+ids) 300 ids-verified 0 strong 0 prior-agree 0 reacquire 0 rejected 0 | flags: led-ids 300 strong 300
[WW] Exposure timestamp 2778408704 was more than 1.5 IMU samples earlier than IMU ts 2778410338 by 1634 µS
[II] frame-timing WMTD306Q701DEK: 300 frames, 0 missed exposure, diff avg -0.89 min -4.21 max 1.37 ms
[II] HMD obs quality: full(strong+ids) 300 ids-verified 0 strong 0 prior-agree 0 reacquire 0 rejected 0 | flags: led-ids 300 strong 300
[II] frame-timing WMTD3052400VZL: 300 frames, 0 missed exposure, diff avg -0.91 min -3.74 max 1.49 ms
[II] Device 0: joint reconstruction 69901 solved, 2 rejected, 70077 single-camera (0 observations arrived too late to count)
[II] HMD obs quality: full(strong+ids) 300 ids-verified 0 strong 0 prior-agree 0 reacquire 0 rejected 0 | flags: led-ids 300 strong 300
[WW] Exposure timestamp 2783976704 was more than 1.5 IMU samples earlier than IMU ts 2783978318 by 1614 µS
[II] frame-timing WMTD306Q701DEK: 300 frames, 0 missed exposure, diff avg -0.91 min -4.09 max 1.70 ms
[II] HMD obs quality: full(strong+ids) 300 ids-verified 0 strong 0 prior-agree 0 reacquire 0 rejected 0 | flags: led-ids 300 strong 300
[II] frame-timing WMTD3052400VZL: 300 frames, 0 missed exposure, diff avg -0.88 min -3.48 max 1.33 ms
[II] Device 0: joint reconstruction 70201 solved, 2 rejected, 70377 single-camera (0 observations arrived too late to count)
[II] HMD obs quality: full(strong+ids) 300 ids-verified 0 strong 0 prior-agree 0 reacquire 0 rejected 0 | flags: led-ids 300 strong 300
[II] frame-timing WMTD306Q701DEK: 300 frames, 0 missed exposure, diff avg -0.81 min -3.89 max 1.38 ms
[II] HMD obs quality: full(strong+ids) 300 ids-verified 0 strong 0 prior-agree 0 reacquire 0 rejected 0 | flags: led-ids 300 strong 300
[II] frame-timing WMTD3052400VZL: 300 frames, 0 missed exposure, diff avg -0.84 min -4.11 max 1.56 ms
[II] Device 0: joint reconstruction 70501 solved, 2 rejected, 70677 single-camera (0 observations arrived too late to count)
[II] HMD obs quality: full(strong+ids) 300 ids-verified 0 strong 0 prior-agree 0 reacquire 0 rejected 0 | flags: led-ids 300 strong 300
[WW] Exposure timestamp 2794632704 was more than 1.5 IMU samples earlier than IMU ts 2794634403 by 1699 µS
[II] frame-timing WMTD306Q701DEK: 300 frames, 0 missed exposure, diff avg -0.91 min -3.67 max 1.72 ms
[II] HMD obs quality: full(strong+ids) 300 ids-verified 0 strong 0 prior-agree 0 reacquire 0 rejected 0 | flags: led-ids 300 strong 300
[II] frame-timing WMTD3052400VZL: 300 frames, 0 missed exposure, diff avg -0.91 min -4.46 max 1.84 ms
[II] Device 0: joint reconstruction 70801 solved, 2 rejected, 70977 single-camera (0 observations arrived too late to count)
[II] HMD obs quality: full(strong+ids) 300 ids-verified 0 strong 0 prior-agree 0 reacquire 0 rejected 0 | flags: led-ids 300 strong 300
[II] frame-timing WMTD306Q701DEK: 300 frames, 0 missed exposure, diff avg -0.88 min -3.68 max 1.81 ms
[II] HMD obs quality: full(strong+ids) 300 ids-verified 0 strong 0 prior-agree 0 reacquire 0 rejected 0 | flags: led-ids 300 strong 300
[II] frame-timing WMTD3052400VZL: 300 frames, 0 missed exposure, diff avg -0.88 min -4.36 max 1.99 ms
[II] Device 0: joint reconstruction 71101 solved, 2 rejected, 71277 single-camera (0 observations arrived too late to count)
[II] HMD obs quality: full(strong+ids) 300 ids-verified 0 strong 0 prior-agree 0 reacquire 0 rejected 0 | flags: led-ids 300 strong 300
[WW] Exposure timestamp 2807746304 was more than 1.5 IMU samples earlier than IMU ts 2807747909 by 1605 µS
[II] frame-timing WMTD306Q701DEK: 300 frames, 0 missed exposure, diff avg -0.90 min -3.68 max 1.55 ms
[II] HMD obs quality: full(strong+ids) 300 ids-verified 0 strong 0 prior-agree 0 reacquire 0 rejected 0 | flags: led-ids 300 strong 300
[II] frame-timing WMTD3052400VZL: 300 frames, 0 missed exposure, diff avg -0.91 min -4.15 max 1.72 ms
[II] Device 0: joint reconstruction 71401 solved, 2 rejected, 71577 single-camera (0 observations arrived too late to count)
[II] HMD obs quality: full(strong+ids) 300 ids-verified 0 strong 0 prior-agree 0 reacquire 0 rejected 0 | flags: led-ids 300 strong 300
[II] frame-timing WMTD306Q701DEK: 300 frames, 0 missed exposure, diff avg -0.89 min -3.43 max 1.80 ms
[II] HMD obs quality: full(strong+ids) 300 ids-verified 0 strong 0 prior-agree 0 reacquire 0 rejected 0 | flags: led-ids 300 strong 300
[II] frame-timing WMTD3052400VZL: 300 frames, 0 missed exposure, diff avg -0.87 min -3.16 max 1.45 ms
[II] Device 0: joint reconstruction 71701 solved, 2 rejected, 71877 single-camera (0 observations arrived too late to count)
[II] HMD obs quality: full(strong+ids) 300 ids-verified 0 strong 0 prior-agree 0 reacquire 0 rejected 0 | flags: led-ids 300 strong 300
[II] frame-timing WMTD306Q701DEK: 300 frames, 0 missed exposure, diff avg -0.92 min -3.95 max 1.44 ms
[II] HMD obs quality: full(strong+ids) 300 ids-verified 0 strong 0 prior-agree 0 reacquire 0 rejected 0 | flags: led-ids 300 strong 300
[II] frame-timing WMTD3052400VZL: 300 frames, 0 missed exposure, diff avg -0.91 min -3.59 max 1.61 ms
[II] Device 0: joint reconstruction 72001 solved, 2 rejected, 72177 single-camera (0 observations arrived too late to count)
[II] HMD obs quality: full(strong+ids) 300 ids-verified 0 strong 0 prior-agree 0 reacquire 0 rejected 0 | flags: led-ids 300 strong 300
[II] frame-timing WMTD306Q701DEK: 300 frames, 0 missed exposure, diff avg -0.84 min -3.90 max 1.79 ms
[II] HMD obs quality: full(strong+ids) 300 ids-verified 0 strong 0 prior-agree 0 reacquire 0 rejected 0 | flags: led-ids 300 strong 300
[II] frame-timing WMTD3052400VZL: 300 frames, 0 missed exposure, diff avg -0.84 min -3.65 max 2.09 ms
[II] Device 0: joint reconstruction 72301 solved, 2 rejected, 72477 single-camera (0 observations arrived too late to count)
[II] HMD obs quality: full(strong+ids) 300 ids-verified 0 strong 0 prior-agree 0 reacquire 0 rejected 0 | flags: led-ids 300 strong 300
[WW] Exposure timestamp 2830248704 was more than 1.5 IMU samples earlier than IMU ts 2830250272 by 1568 µS
[II] frame-timing WMTD306Q701DEK: 300 frames, 0 missed exposure, diff avg -0.92 min -3.33 max 2.00 ms
[II] HMD obs quality: full(strong+ids) 300 ids-verified 0 strong 0 prior-agree 0 reacquire 0 rejected 0 | flags: led-ids 300 strong 300
[II] frame-timing WMTD3052400VZL: 300 frames, 0 missed exposure, diff avg -0.92 min -4.01 max 1.99 ms
[II] Device 0: joint reconstruction 72601 solved, 2 rejected, 72777 single-camera (0 observations arrived too late to count)
[II] HMD obs quality: full(strong+ids) 300 ids-verified 0 strong 0 prior-agree 0 reacquire 0 rejected 0 | flags: led-ids 300 strong 300
[WW] Exposure timestamp 2835298304 was more than 1.5 IMU samples earlier than IMU ts 2835300335 by 2031 µS
[II] frame-timing WMTD306Q701DEK: 300 frames, 0 missed exposure, diff avg -0.90 min -4.02 max 1.38 ms
[WW] Exposure timestamp 2837410304 was more than 1.5 IMU samples earlier than IMU ts 2837412171 by 1867 µS
[II] HMD obs quality: full(strong+ids) 300 ids-verified 0 strong 0 prior-agree 0 reacquire 0 rejected 0 | flags: led-ids 300 strong 300
[II] frame-timing WMTD3052400VZL: 300 frames, 0 missed exposure, diff avg -0.89 min -3.82 max 1.37 ms
[II] Device 0: joint reconstruction 72901 solved, 2 rejected, 73077 single-camera (0 observations arrived too late to count)
[II] HMD obs quality: full(strong+ids) 300 ids-verified 0 strong 0 prior-agree 0 reacquire 0 rejected 0 | flags: led-ids 300 strong 300
[WW] Exposure timestamp 2842651904 was more than 1.5 IMU samples earlier than IMU ts 2842653534 by 1630 µS
[II] frame-timing WMTD306Q701DEK: 300 frames, 0 missed exposure, diff avg -0.83 min -4.28 max 1.84 ms
[II] HMD obs quality: full(strong+ids) 300 ids-verified 0 strong 0 prior-agree 0 reacquire 0 rejected 0 | flags: led-ids 300 strong 300
[II] frame-timing WMTD3052400VZL: 300 frames, 0 missed exposure, diff avg -0.85 min -4.18 max 1.64 ms
[II] Device 0: joint reconstruction 73201 solved, 2 rejected, 73377 single-camera (0 observations arrived too late to count)
[WW] Exposure timestamp 2845416704 was more than 1.5 IMU samples earlier than IMU ts 2845418502 by 1798 µS
[II] HMD obs quality: full(strong+ids) 300 ids-verified 0 strong 0 prior-agree 0 reacquire 0 rejected 0 | flags: led-ids 300 strong 300
[WW] Exposure timestamp 2847144704 was more than 1.5 IMU samples earlier than IMU ts 2847146602 by 1898 µS
[II] frame-timing WMTD306Q701DEK: 300 frames, 0 missed exposure, diff avg -0.95 min -3.74 max 1.76 ms
[II] HMD obs quality: full(strong+ids) 300 ids-verified 0 strong 0 prior-agree 0 reacquire 0 rejected 0 | flags: led-ids 300 strong 300
[II] frame-timing WMTD3052400VZL: 300 frames, 0 missed exposure, diff avg -0.92 min -3.64 max 1.87 ms
[II] Device 0: joint reconstruction 73501 solved, 2 rejected, 73677 single-camera (0 observations arrived too late to count)
[II] HMD obs quality: full(strong+ids) 300 ids-verified 0 strong 0 prior-agree 0 reacquire 0 rejected 0 | flags: led-ids 300 strong 300
[II] frame-timing WMTD306Q701DEK: 300 frames, 0 missed exposure, diff avg -0.87 min -3.82 max 1.59 ms
[II] HMD obs quality: full(strong+ids) 300 ids-verified 0 strong 0 prior-agree 0 reacquire 0 rejected 0 | flags: led-ids 300 strong 300
[II] frame-timing WMTD3052400VZL: 300 frames, 0 missed exposure, diff avg -0.83 min -3.73 max 1.65 ms
[II] Device 0: joint reconstruction 73801 solved, 2 rejected, 73977 single-camera (0 observations arrived too late to count)
[II] HMD obs quality: full(strong+ids) 300 ids-verified 0 strong 0 prior-agree 0 reacquire 0 rejected 0 | flags: led-ids 300 strong 300
[WW] Exposure timestamp 2860354304 was more than 1.5 IMU samples earlier than IMU ts 2860356326 by 2022 µS
[II] frame-timing WMTD306Q701DEK: 300 frames, 0 missed exposure, diff avg -0.86 min -3.61 max 1.90 ms
[II] HMD obs quality: full(strong+ids) 300 ids-verified 0 strong 0 prior-agree 0 reacquire 0 rejected 0 | flags: led-ids 300 strong 300
[II] frame-timing WMTD3052400VZL: 300 frames, 0 missed exposure, diff avg -0.87 min -3.50 max 1.84 ms
[II] Device 0: joint reconstruction 74101 solved, 2 rejected, 74277 single-camera (0 observations arrived too late to count)
[II] HMD obs quality: full(strong+ids) 300 ids-verified 0 strong 0 prior-agree 0 reacquire 0 rejected 0 | flags: led-ids 300 strong 300
[II] frame-timing WMTD306Q701DEK: 300 frames, 0 missed exposure, diff avg -0.85 min -3.80 max 1.66 ms
[II] HMD obs quality: full(strong+ids) 300 ids-verified 0 strong 0 prior-agree 0 reacquire 0 rejected 0 | flags: led-ids 300 strong 300
[II] frame-timing WMTD3052400VZL: 300 frames, 0 missed exposure, diff avg -0.89 min -3.89 max 1.53 ms
[II] Device 0: joint reconstruction 74401 solved, 2 rejected, 74577 single-camera (0 observations arrived too late to count)
[WW] Exposure timestamp 2869339904 was more than 1.5 IMU samples earlier than IMU ts 2869341470 by 1566 µS
[II] HMD obs quality: full(strong+ids) 300 ids-verified 0 strong 0 prior-agree 0 reacquire 0 rejected 0 | flags: led-ids 300 strong 300
[II] frame-timing WMTD306Q701DEK: 300 frames, 0 missed exposure, diff avg -0.87 min -3.41 max 1.51 ms
[II] HMD obs quality: full(strong+ids) 300 ids-verified 0 strong 0 prior-agree 0 reacquire 0 rejected 0 | flags: led-ids 300 strong 300
[WW] Exposure timestamp 2872699904 was more than 1.5 IMU samples earlier than IMU ts 2872701508 by 1604 µS
[II] frame-timing WMTD3052400VZL: 300 frames, 0 missed exposure, diff avg -0.87 min -3.50 max 1.87 ms
[II] Device 0: joint reconstruction 74701 solved, 2 rejected, 74877 single-camera (0 observations arrived too late to count)
[II] HMD obs quality: full(strong+ids) 300 ids-verified 0 strong 0 prior-agree 0 reacquire 0 rejected 0 | flags: led-ids 300 strong 300
[II] frame-timing WMTD306Q701DEK: 300 frames, 0 missed exposure, diff avg -0.89 min -3.90 max 1.72 ms
[II] HMD obs quality: full(strong+ids) 300 ids-verified 0 strong 0 prior-agree 0 reacquire 0 rejected 0 | flags: led-ids 300 strong 300
[II] frame-timing WMTD3052400VZL: 300 frames, 0 missed exposure, diff avg -0.85 min -4.04 max 2.06 ms
[II] Device 0: joint reconstruction 75001 solved, 2 rejected, 75177 single-camera (0 observations arrived too late to count)
[II] HMD obs quality: full(strong+ids) 300 ids-verified 0 strong 0 prior-agree 0 reacquire 0 rejected 0 | flags: led-ids 300 strong 300
[II] frame-timing WMTD306Q701DEK: 300 frames, 0 missed exposure, diff avg -0.84 min -3.79 max 1.37 ms
[II] HMD obs quality: full(strong+ids) 300 ids-verified 0 strong 0 prior-agree 0 reacquire 0 rejected 0 | flags: led-ids 300 strong 300
[II] frame-timing WMTD3052400VZL: 300 frames, 0 missed exposure, diff avg -0.87 min -4.00 max 2.00 ms
[II] Device 0: joint reconstruction 75301 solved, 2 rejected, 75477 single-camera (0 observations arrived too late to count)
[II] HMD obs quality: full(strong+ids) 300 ids-verified 0 strong 0 prior-agree 0 reacquire 0 rejected 0 | flags: led-ids 300 strong 300
[II] frame-timing WMTD306Q701DEK: 300 frames, 0 missed exposure, diff avg -0.93 min -4.29 max 1.36 ms
[II] HMD obs quality: full(strong+ids) 300 ids-verified 0 strong 0 prior-agree 0 reacquire 0 rejected 0 | flags: led-ids 300 strong 300
[II] frame-timing WMTD3052400VZL: 300 frames, 0 missed exposure, diff avg -0.92 min -4.06 max 1.61 ms
[II] Device 0: joint reconstruction 75601 solved, 2 rejected, 75777 single-camera (0 observations arrived too late to count)
[II] HMD obs quality: full(strong+ids) 300 ids-verified 0 strong 0 prior-agree 0 reacquire 0 rejected 0 | flags: led-ids 300 strong 300
[II] frame-timing WMTD306Q701DEK: 300 frames, 0 missed exposure, diff avg -0.90 min -4.55 max 1.59 ms
[II] HMD obs quality: full(strong+ids) 300 ids-verified 0 strong 0 prior-agree 0 reacquire 0 rejected 0 | flags: led-ids 300 strong 300
[II] frame-timing WMTD3052400VZL: 300 frames, 0 missed exposure, diff avg -0.87 min -3.57 max 1.82 ms
[II] Device 0: joint reconstruction 75901 solved, 2 rejected, 76077 single-camera (0 observations arrived too late to count)
[II] HMD obs quality: full(strong+ids) 300 ids-verified 0 strong 0 prior-agree 0 reacquire 0 rejected 0 | flags: led-ids 300 strong 300
[II] frame-timing WMTD306Q701DEK: 300 frames, 0 missed exposure, diff avg -0.84 min -3.99 max 1.74 ms
[II] HMD obs quality: full(strong+ids) 300 ids-verified 0 strong 0 prior-agree 0 reacquire 0 rejected 0 | flags: led-ids 300 strong 300
[II] frame-timing WMTD3052400VZL: 300 frames, 0 missed exposure, diff avg -0.87 min -3.58 max 1.38 ms
[II] Device 0: joint reconstruction 76201 solved, 2 rejected, 76377 single-camera (0 observations arrived too late to count)
[WW] Exposure timestamp 2903170304 was more than 1.5 IMU samples earlier than IMU ts 2903172299 by 1995 µS
[II] HMD obs quality: full(strong+ids) 300 ids-verified 0 strong 0 prior-agree 0 reacquire 0 rejected 0 | flags: led-ids 300 strong 300
[II] frame-timing WMTD306Q701DEK: 300 frames, 0 missed exposure, diff avg -0.91 min -3.38 max 1.59 ms
[II] HMD obs quality: full(strong+ids) 300 ids-verified 0 strong 0 prior-agree 0 reacquire 0 rejected 0 | flags: led-ids 300 strong 300
[II] frame-timing WMTD3052400VZL: 300 frames, 0 missed exposure, diff avg -0.89 min -3.71 max 1.49 ms
[II] Device 0: joint reconstruction 76501 solved, 2 rejected, 76677 single-camera (0 observations arrived too late to count)
[II] HMD obs quality: full(strong+ids) 300 ids-verified 0 strong 0 prior-agree 0 reacquire 0 rejected 0 | flags: led-ids 300 strong 300
[WW] Exposure timestamp 2910850304 was more than 1.5 IMU samples earlier than IMU ts 2910852121 by 1817 µS
[II] frame-timing WMTD306Q701DEK: 300 frames, 0 missed exposure, diff avg -0.95 min -3.84 max 1.89 ms
[II] HMD obs quality: full(strong+ids) 300 ids-verified 0 strong 0 prior-agree 0 reacquire 0 rejected 0 | flags: led-ids 300 strong 300
[II] frame-timing WMTD3052400VZL: 300 frames, 0 missed exposure, diff avg -0.91 min -3.77 max 2.02 ms
[II] Device 0: joint reconstruction 76801 solved, 2 rejected, 76977 single-camera (0 observations arrived too late to count)
[WW] Exposure timestamp 2914920704 was more than 1.5 IMU samples earlier than IMU ts 2914922442 by 1738 µS
[II] HMD obs quality: full(strong+ids) 300 ids-verified 0 strong 0 prior-agree 0 reacquire 0 rejected 0 | flags: led-ids 300 strong 300
[WW] Exposure timestamp 2916091904 was more than 1.5 IMU samples earlier than IMU ts 2916093598 by 1694 µS
[II] frame-timing WMTD306Q701DEK: 300 frames, 0 missed exposure, diff avg -0.85 min -3.87 max 1.63 ms
[II] HMD obs quality: full(strong+ids) 300 ids-verified 0 strong 0 prior-agree 0 reacquire 0 rejected 0 | flags: led-ids 300 strong 300
[II] frame-timing WMTD3052400VZL: 300 frames, 0 missed exposure, diff avg -0.89 min -3.96 max 1.63 ms
[II] Device 0: joint reconstruction 77101 solved, 2 rejected, 77277 single-camera (0 observations arrived too late to count)
[II] HMD obs quality: full(strong+ids) 300 ids-verified 0 strong 0 prior-agree 0 reacquire 0 rejected 0 | flags: led-ids 300 strong 300
[II] frame-timing WMTD306Q701DEK: 300 frames, 0 missed exposure, diff avg -0.95 min -3.59 max 1.40 ms
[II] HMD obs quality: full(strong+ids) 300 ids-verified 0 strong 0 prior-agree 0 reacquire 0 rejected 0 | flags: led-ids 300 strong 300
[WW] Exposure timestamp 2924328704 was more than 1.5 IMU samples earlier than IMU ts 2924330376 by 1672 µS
[II] frame-timing WMTD3052400VZL: 300 frames, 0 missed exposure, diff avg -0.92 min -3.47 max 1.59 ms
[II] Device 0: joint reconstruction 77401 solved, 2 rejected, 77577 single-camera (0 observations arrived too late to count)
[II] HMD obs quality: full(strong+ids) 300 ids-verified 0 strong 0 prior-agree 0 reacquire 0 rejected 0 | flags: led-ids 300 strong 300
[II] frame-timing WMTD306Q701DEK: 300 frames, 0 missed exposure, diff avg -0.87 min -3.86 max 1.53 ms
[II] HMD obs quality: full(strong+ids) 300 ids-verified 0 strong 0 prior-agree 0 reacquire 0 rejected 0 | flags: led-ids 300 strong 300
[II] frame-timing WMTD3052400VZL: 300 frames, 0 missed exposure, diff avg -0.87 min -3.95 max 1.44 ms
[II] Device 0: joint reconstruction 77701 solved, 2 rejected, 77877 single-camera (0 observations arrived too late to count)
[II] HMD obs quality: full(strong+ids) 300 ids-verified 0 strong 0 prior-agree 0 reacquire 0 rejected 0 | flags: led-ids 300 strong 300
[II] frame-timing WMTD306Q701DEK: 300 frames, 0 missed exposure, diff avg -0.88 min -3.34 max 1.64 ms
[II] HMD obs quality: full(strong+ids) 300 ids-verified 0 strong 0 prior-agree 0 reacquire 0 rejected 0 | flags: led-ids 300 strong 300
[II] frame-timing WMTD3052400VZL: 300 frames, 0 missed exposure, diff avg -0.85 min -3.67 max 1.46 ms
[II] Device 0: joint reconstruction 78001 solved, 2 rejected, 78177 single-camera (0 observations arrived too late to count)
[II] HMD obs quality: full(strong+ids) 300 ids-verified 0 strong 0 prior-agree 0 reacquire 0 rejected 0 | flags: led-ids 300 strong 300
[II] frame-timing WMTD306Q701DEK: 300 frames, 0 missed exposure, diff avg -0.90 min -3.92 max 1.33 ms
[II] HMD obs quality: full(strong+ids) 300 ids-verified 0 strong 0 prior-agree 0 reacquire 0 rejected 0 | flags: led-ids 300 strong 300
[WW] Exposure timestamp 2941512704 was more than 1.5 IMU samples earlier than IMU ts 2941514368 by 1664 µS
[II] frame-timing WMTD3052400VZL: 300 frames, 0 missed exposure, diff avg -0.90 min -4.12 max 1.24 ms
[II] Device 0: joint reconstruction 78301 solved, 2 rejected, 78477 single-camera (0 observations arrived too late to count)
[II] HMD obs quality: full(strong+ids) 300 ids-verified 0 strong 0 prior-agree 0 reacquire 0 rejected 0 | flags: led-ids 300 strong 300
[II] frame-timing WMTD306Q701DEK: 300 frames, 0 missed exposure, diff avg -0.91 min -3.74 max 1.34 ms
[II] HMD obs quality: full(strong+ids) 300 ids-verified 0 strong 0 prior-agree 0 reacquire 0 rejected 0 | flags: led-ids 300 strong 300
[II] frame-timing WMTD3052400VZL: 300 frames, 0 missed exposure, diff avg -0.94 min -4.42 max 1.80 ms
[II] Device 0: joint reconstruction 78601 solved, 2 rejected, 78777 single-camera (0 observations arrived too late to count)
[II] HMD obs quality: full(strong+ids) 300 ids-verified 0 strong 0 prior-agree 0 reacquire 0 rejected 0 | flags: led-ids 300 strong 300
[WW] Exposure timestamp 2950920704 was more than 1.5 IMU samples earlier than IMU ts 2950922271 by 1567 µS
[II] frame-timing WMTD306Q701DEK: 300 frames, 0 missed exposure, diff avg -0.95 min -4.47 max 1.47 ms
[II] HMD obs quality: full(strong+ids) 300 ids-verified 0 strong 0 prior-agree 0 reacquire 0 rejected 0 | flags: led-ids 300 strong 300
[II] frame-timing WMTD3052400VZL: 300 frames, 0 missed exposure, diff avg -0.89 min -4.28 max 1.76 ms
[II] Device 0: joint reconstruction 78901 solved, 2 rejected, 79077 single-camera (0 observations arrived too late to count)
[II] HMD obs quality: full(strong+ids) 300 ids-verified 0 strong 0 prior-agree 0 reacquire 0 rejected 0 | flags: led-ids 300 strong 300
[II] frame-timing WMTD306Q701DEK: 300 frames, 0 missed exposure, diff avg -0.89 min -4.22 max 1.33 ms
[II] HMD obs quality: full(strong+ids) 300 ids-verified 0 strong 0 prior-agree 0 reacquire 0 rejected 0 | flags: led-ids 300 strong 300
[II] frame-timing WMTD3052400VZL: 300 frames, 0 missed exposure, diff avg -0.90 min -3.65 max 1.71 ms
[II] Device 0: joint reconstruction 79201 solved, 2 rejected, 79377 single-camera (0 observations arrived too late to count)
[WW] Exposure timestamp 2960904704 was more than 1.5 IMU samples earlier than IMU ts 2960906262 by 1558 µS
[II] HMD obs quality: full(strong+ids) 300 ids-verified 0 strong 0 prior-agree 0 reacquire 0 rejected 0 | flags: led-ids 300 strong 300
[WW] Exposure timestamp 2963899904 was more than 1.5 IMU samples earlier than IMU ts 2963901662 by 1758 µS
[II] frame-timing WMTD306Q701DEK: 300 frames, 0 missed exposure, diff avg -0.89 min -4.49 max 1.73 ms
[II] HMD obs quality: full(strong+ids) 300 ids-verified 0 strong 0 prior-agree 0 reacquire 0 rejected 0 | flags: led-ids 300 strong 300
[II] frame-timing WMTD3052400VZL: 300 frames, 0 missed exposure, diff avg -0.92 min -3.50 max 1.52 ms
[II] Device 0: joint reconstruction 79501 solved, 2 rejected, 79677 single-camera (0 observations arrived too late to count)
[II] HMD obs quality: full(strong+ids) 300 ids-verified 0 strong 0 prior-agree 0 reacquire 0 rejected 0 | flags: led-ids 300 strong 300
[II] frame-timing WMTD306Q701DEK: 300 frames, 0 missed exposure, diff avg -0.93 min -3.89 max 1.18 ms
[II] HMD obs quality: full(strong+ids) 300 ids-verified 0 strong 0 prior-agree 0 reacquire 0 rejected 0 | flags: led-ids 300 strong 300
[II] frame-timing WMTD3052400VZL: 300 frames, 0 missed exposure, diff avg -0.90 min -4.26 max 1.80 ms
[II] Device 0: joint reconstruction 79801 solved, 2 rejected, 79977 single-camera (0 observations arrived too late to count)
[II] HMD obs quality: full(strong+ids) 300 ids-verified 0 strong 0 prior-agree 0 reacquire 0 rejected 0 | flags: led-ids 300 strong 300
[II] frame-timing WMTD306Q701DEK: 300 frames, 0 missed exposure, diff avg -0.86 min -3.55 max 1.95 ms
[II] HMD obs quality: full(strong+ids) 300 ids-verified 0 strong 0 prior-agree 0 reacquire 0 rejected 0 | flags: led-ids 300 strong 300
[II] frame-timing WMTD3052400VZL: 300 frames, 0 missed exposure, diff avg -0.86 min -4.46 max 1.70 ms
[II] Device 0: joint reconstruction 80101 solved, 2 rejected, 80277 single-camera (0 observations arrived too late to count)
[II] HMD obs quality: full(strong+ids) 300 ids-verified 0 strong 0 prior-agree 0 reacquire 0 rejected 0 | flags: led-ids 300 strong 300
[II] frame-timing WMTD306Q701DEK: 300 frames, 0 missed exposure, diff avg -0.87 min -4.14 max 1.78 ms
[II] HMD obs quality: full(strong+ids) 300 ids-verified 0 strong 0 prior-agree 0 reacquire 0 rejected 0 | flags: led-ids 300 strong 300
[II] frame-timing WMTD3052400VZL: 300 frames, 0 missed exposure, diff avg -0.86 min -3.81 max 1.45 ms
[II] Device 0: joint reconstruction 80401 solved, 2 rejected, 80577 single-camera (0 observations arrived too late to count)
[II] HMD obs quality: full(strong+ids) 300 ids-verified 0 strong 0 prior-agree 0 reacquire 0 rejected 0 | flags: led-ids 300 strong 300
[WW] Exposure timestamp 2985403904 was more than 1.5 IMU samples earlier than IMU ts 2985405435 by 1531 µS
[II] frame-timing WMTD306Q701DEK: 300 frames, 0 missed exposure, diff avg -0.93 min -3.95 max 1.54 ms
[II] HMD obs quality: full(strong+ids) 300 ids-verified 0 strong 0 prior-agree 0 reacquire 0 rejected 0 | flags: led-ids 300 strong 300
[II] frame-timing WMTD3052400VZL: 300 frames, 0 missed exposure, diff avg -0.92 min -3.66 max 1.83 ms
[II] Device 0: joint reconstruction 80701 solved, 2 rejected, 80877 single-camera (0 observations arrived too late to count)
[II] HMD obs quality: full(strong+ids) 300 ids-verified 0 strong 0 prior-agree 0 reacquire 0 rejected 0 | flags: led-ids 300 strong 300
[II] frame-timing WMTD306Q701DEK: 300 frames, 0 missed exposure, diff avg -0.87 min -4.02 max 1.49 ms
[II] HMD obs quality: full(strong+ids) 300 ids-verified 0 strong 0 prior-agree 0 reacquire 0 rejected 0 | flags: led-ids 300 strong 300
[II] frame-timing WMTD3052400VZL: 300 frames, 0 missed exposure, diff avg -0.88 min -4.40 max 1.71 ms
[WW] Exposure timestamp 2994927104 was more than 1.5 IMU samples earlier than IMU ts 2994928614 by 1510 µS
[II] Device 0: joint reconstruction 81001 solved, 2 rejected, 81177 single-camera (0 observations arrived too late to count)
[II] HMD obs quality: full(strong+ids) 300 ids-verified 0 strong 0 prior-agree 0 reacquire 0 rejected 0 | flags: led-ids 300 strong 300
[II] frame-timing WMTD306Q701DEK: 300 frames, 0 missed exposure, diff avg -0.85 min -4.29 max 1.93 ms
[II] HMD obs quality: full(strong+ids) 300 ids-verified 0 strong 0 prior-agree 0 reacquire 0 rejected 0 | flags: led-ids 300 strong 300
[II] frame-timing WMTD3052400VZL: 300 frames, 0 missed exposure, diff avg -0.83 min -3.70 max 1.54 ms
[II] Device 0: joint reconstruction 81301 solved, 2 rejected, 81477 single-camera (0 observations arrived too late to count)
[II] HMD obs quality: full(strong+ids) 300 ids-verified 0 strong 0 prior-agree 0 reacquire 0 rejected 0 | flags: led-ids 300 strong 300
[II] frame-timing WMTD306Q701DEK: 300 frames, 0 missed exposure, diff avg -0.91 min -4.51 max 1.69 ms
[II] HMD obs quality: full(strong+ids) 300 ids-verified 0 strong 0 prior-agree 0 reacquire 0 rejected 0 | flags: led-ids 300 strong 300
[II] frame-timing WMTD3052400VZL: 300 frames, 0 missed exposure, diff avg -0.89 min -3.71 max 1.22 ms
[II] Device 0: joint reconstruction 81601 solved, 2 rejected, 81777 single-camera (0 observations arrived too late to count)
[II] HMD obs quality: full(strong+ids) 300 ids-verified 0 strong 0 prior-agree 0 reacquire 0 rejected 0 | flags: led-ids 300 strong 300
[WW] Exposure timestamp 3009672704 was more than 1.5 IMU samples earlier than IMU ts 3009674225 by 1521 µS
[II] frame-timing WMTD306Q701DEK: 300 frames, 0 missed exposure, diff avg -0.86 min -3.84 max 2.16 ms
[II] HMD obs quality: full(strong+ids) 300 ids-verified 0 strong 0 prior-agree 0 reacquire 0 rejected 0 | flags: led-ids 300 strong 300
[WW] Exposure timestamp 3010824704 was more than 1.5 IMU samples earlier than IMU ts 3010826304 by 1600 µS
[II] frame-timing WMTD3052400VZL: 300 frames, 0 missed exposure, diff avg -0.89 min -4.05 max 1.57 ms
[WW] Exposure timestamp 3012226304 was more than 1.5 IMU samples earlier than IMU ts 3012227834 by 1530 µS
[II] Device 0: joint reconstruction 81901 solved, 2 rejected, 82077 single-camera (0 observations arrived too late to count)
[II] HMD obs quality: full(strong+ids) 300 ids-verified 0 strong 0 prior-agree 0 reacquire 0 rejected 0 | flags: led-ids 300 strong 300
[WW] Exposure timestamp 3013493504 was more than 1.5 IMU samples earlier than IMU ts 3013495122 by 1618 µS
[II] frame-timing WMTD306Q701DEK: 300 frames, 0 missed exposure, diff avg -0.84 min -3.56 max 1.78 ms
[II] HMD obs quality: full(strong+ids) 300 ids-verified 0 strong 0 prior-agree 0 reacquire 0 rejected 0 | flags: led-ids 300 strong 300
[II] frame-timing WMTD3052400VZL: 300 frames, 0 missed exposure, diff avg -0.84 min -4.02 max 1.44 ms
[II] Device 0: joint reconstruction 82201 solved, 2 rejected, 82377 single-camera (0 observations arrived too late to count)
[II] HMD obs quality: full(strong+ids) 300 ids-verified 0 strong 0 prior-agree 0 reacquire 0 rejected 0 | flags: led-ids 300 strong 300
[II] frame-timing WMTD306Q701DEK: 300 frames, 0 missed exposure, diff avg -0.91 min -3.87 max 1.73 ms
[II] HMD obs quality: full(strong+ids) 300 ids-verified 0 strong 0 prior-agree 0 reacquire 0 rejected 0 | flags: led-ids 300 strong 300
[II] frame-timing WMTD3052400VZL: 300 frames, 0 missed exposure, diff avg -0.91 min -3.82 max 1.71 ms
[II] Device 0: joint reconstruction 82501 solved, 2 rejected, 82677 single-camera (0 observations arrived too late to count)
[WW] Exposure timestamp 3024168704 was more than 1.5 IMU samples earlier than IMU ts 3024170396 by 1692 µS
[II] HMD obs quality: full(strong+ids) 300 ids-verified 0 strong 0 prior-agree 0 reacquire 0 rejected 0 | flags: led-ids 300 strong 300
[II] frame-timing WMTD306Q701DEK: 300 frames, 0 missed exposure, diff avg -0.93 min -4.80 max 1.83 ms
[II] HMD obs quality: full(strong+ids) 300 ids-verified 0 strong 0 prior-agree 0 reacquire 0 rejected 0 | flags: led-ids 300 strong 300
[II] frame-timing WMTD3052400VZL: 300 frames, 0 missed exposure, diff avg -0.95 min -4.42 max 1.41 ms
[II] Device 0: joint reconstruction 82801 solved, 2 rejected, 82977 single-camera (0 observations arrived too late to count)
[II] HMD obs quality: full(strong+ids) 300 ids-verified 0 strong 0 prior-agree 0 reacquire 0 rejected 0 | flags: led-ids 300 strong 300
[II] frame-timing WMTD306Q701DEK: 300 frames, 0 missed exposure, diff avg -0.92 min -3.43 max 1.29 ms
[II] HMD obs quality: full(strong+ids) 300 ids-verified 0 strong 0 prior-agree 0 reacquire 0 rejected 0 | flags: led-ids 300 strong 300
[II] frame-timing WMTD3052400VZL: 300 frames, 0 missed exposure, diff avg -0.87 min -3.29 max 1.82 ms
[WW] Exposure timestamp 3034248704 was more than 1.5 IMU samples earlier than IMU ts 3034250602 by 1898 µS
[II] Device 0: joint reconstruction 83101 solved, 2 rejected, 83277 single-camera (0 observations arrived too late to count)
[II] HMD obs quality: full(strong+ids) 300 ids-verified 0 strong 0 prior-agree 0 reacquire 0 rejected 0 | flags: led-ids 300 strong 300
[WW] Exposure timestamp 3036456704 was more than 1.5 IMU samples earlier than IMU ts 3036458591 by 1887 µS
[WW] Exposure timestamp 3037416704 was more than 1.5 IMU samples earlier than IMU ts 3037418328 by 1624 µS
[II] frame-timing WMTD306Q701DEK: 300 frames, 0 missed exposure, diff avg -0.91 min -4.62 max 1.50 ms
[WW] Exposure timestamp 3039106304 was more than 1.5 IMU samples earlier than IMU ts 3039108378 by 2074 µS
[II] HMD obs quality: full(strong+ids) 300 ids-verified 0 strong 0 prior-agree 0 reacquire 0 rejected 0 | flags: led-ids 300 strong 300
[II] frame-timing WMTD3052400VZL: 300 frames, 0 missed exposure, diff avg -0.93 min -3.74 max 1.99 ms
[WW] Exposure timestamp 3040776704 was more than 1.5 IMU samples earlier than IMU ts 3040778441 by 1737 µS
[II] Device 0: joint reconstruction 83401 solved, 2 rejected, 83577 single-camera (0 observations arrived too late to count)
[II] HMD obs quality: full(strong+ids) 300 ids-verified 0 strong 0 prior-agree 0 reacquire 0 rejected 0 | flags: led-ids 300 strong 300
[WW] Exposure timestamp 3042523904 was more than 1.5 IMU samples earlier than IMU ts 3042525552 by 1648 µS
[II] frame-timing WMTD306Q701DEK: 300 frames, 0 missed exposure, diff avg -0.91 min -3.58 max 1.66 ms
[II] HMD obs quality: full(strong+ids) 300 ids-verified 0 strong 0 prior-agree 0 reacquire 0 rejected 0 | flags: led-ids 300 strong 300
[II] frame-timing WMTD3052400VZL: 300 frames, 0 missed exposure, diff avg -0.87 min -4.98 max 1.53 ms
[II] Device 0: joint reconstruction 83701 solved, 2 rejected, 83877 single-camera (0 observations arrived too late to count)
[WW] Exposure timestamp 3047515904 was more than 1.5 IMU samples earlier than IMU ts 3047517572 by 1668 µS
[II] HMD obs quality: full(strong+ids) 300 ids-verified 0 strong 0 prior-agree 0 reacquire 0 rejected 0 | flags: led-ids 300 strong 300
[II] frame-timing WMTD306Q701DEK: 300 frames, 0 missed exposure, diff avg -0.88 min -4.23 max 1.42 ms
[II] HMD obs quality: full(strong+ids) 300 ids-verified 0 strong 0 prior-agree 0 reacquire 0 rejected 0 | flags: led-ids 300 strong 300
[WW] Exposure timestamp 3051240704 was more than 1.5 IMU samples earlier than IMU ts 3051242350 by 1646 µS
[II] frame-timing WMTD3052400VZL: 300 frames, 0 missed exposure, diff avg -0.90 min -4.00 max 1.68 ms
[WW] Exposure timestamp 3052296704 was more than 1.5 IMU samples earlier than IMU ts 3052298212 by 1508 µS
[II] Device 0: joint reconstruction 84001 solved, 2 rejected, 84177 single-camera (0 observations arrived too late to count)
[II] HMD obs quality: full(strong+ids) 300 ids-verified 0 strong 0 prior-agree 0 reacquire 0 rejected 0 | flags: led-ids 300 strong 300
[II] frame-timing WMTD306Q701DEK: 300 frames, 0 missed exposure, diff avg -0.85 min -4.35 max 1.82 ms
[II] HMD obs quality: full(strong+ids) 300 ids-verified 0 strong 0 prior-agree 0 reacquire 0 rejected 0 | flags: led-ids 300 strong 300
[II] frame-timing WMTD3052400VZL: 300 frames, 0 missed exposure, diff avg -0.86 min -3.60 max 1.69 ms
[II] Device 0: joint reconstruction 84301 solved, 2 rejected, 84477 single-camera (0 observations arrived too late to count)
[WW] Exposure timestamp 3058555904 was more than 1.5 IMU samples earlier than IMU ts 3058557528 by 1624 µS
[II] HMD obs quality: full(strong+ids) 300 ids-verified 0 strong 0 prior-agree 0 reacquire 0 rejected 0 | flags: led-ids 300 strong 300
[II] frame-timing WMTD306Q701DEK: 300 frames, 0 missed exposure, diff avg -0.90 min -4.24 max 1.63 ms
[II] HMD obs quality: full(strong+ids) 300 ids-verified 0 strong 0 prior-agree 0 reacquire 0 rejected 0 | flags: led-ids 300 strong 300
[II] frame-timing WMTD3052400VZL: 300 frames, 0 missed exposure, diff avg -0.86 min -3.64 max 1.87 ms
[II] Device 0: joint reconstruction 84601 solved, 2 rejected, 84777 single-camera (0 observations arrived too late to count)
[II] HMD obs quality: full(strong+ids) 300 ids-verified 0 strong 0 prior-agree 0 reacquire 0 rejected 0 | flags: led-ids 300 strong 300
[WW] Exposure timestamp 3066562304 was more than 1.5 IMU samples earlier than IMU ts 3066564000 by 1696 µS
[II] frame-timing WMTD306Q701DEK: 300 frames, 0 missed exposure, diff avg -0.80 min -3.38 max 1.57 ms
[II] HMD obs quality: full(strong+ids) 300 ids-verified 0 strong 0 prior-agree 0 reacquire 0 rejected 0 | flags: led-ids 300 strong 300
[II] frame-timing WMTD3052400VZL: 300 frames, 0 missed exposure, diff avg -0.79 min -3.59 max 1.79 ms
[II] Device 0: joint reconstruction 84901 solved, 2 rejected, 85077 single-camera (0 observations arrived too late to count)
[II] HMD obs quality: full(strong+ids) 300 ids-verified 0 strong 0 prior-agree 0 reacquire 0 rejected 0 | flags: led-ids 300 strong 300
[WW] Exposure timestamp 3072955904 was more than 1.5 IMU samples earlier than IMU ts 3072957561 by 1657 µS
[II] frame-timing WMTD306Q701DEK: 300 frames, 0 missed exposure, diff avg -0.90 min -3.49 max 1.84 ms
[II] HMD obs quality: full(strong+ids) 300 ids-verified 0 strong 0 prior-agree 0 reacquire 0 rejected 0 | flags: led-ids 300 strong 300
[II] frame-timing WMTD3052400VZL: 300 frames, 0 missed exposure, diff avg -0.92 min -3.53 max 1.33 ms
[WW] Exposure timestamp 3075048704 was more than 1.5 IMU samples earlier than IMU ts 3075050392 by 1688 µS
[II] Device 0: joint reconstruction 85201 solved, 2 rejected, 85377 single-camera (0 observations arrived too late to count)
[II] HMD obs quality: full(strong+ids) 300 ids-verified 0 strong 0 prior-agree 0 reacquire 0 rejected 0 | flags: led-ids 300 strong 300
[II] frame-timing WMTD306Q701DEK: 300 frames, 0 missed exposure, diff avg -0.94 min -3.61 max 1.53 ms
[II] HMD obs quality: full(strong+ids) 300 ids-verified 0 strong 0 prior-agree 0 reacquire 0 rejected 0 | flags: led-ids 300 strong 300
[II] frame-timing WMTD3052400VZL: 300 frames, 0 missed exposure, diff avg -0.93 min -3.92 max 1.84 ms
[II] Device 0: joint reconstruction 85501 solved, 2 rejected, 85677 single-camera (0 observations arrived too late to count)
[II] HMD obs quality: full(strong+ids) 300 ids-verified 0 strong 0 prior-agree 0 reacquire 0 rejected 0 | flags: led-ids 300 strong 300
[II] frame-timing WMTD306Q701DEK: 300 frames, 0 missed exposure, diff avg -0.84 min -3.83 max 1.53 ms
[II] HMD obs quality: full(strong+ids) 300 ids-verified 0 strong 0 prior-agree 0 reacquire 0 rejected 0 | flags: led-ids 300 strong 300
[II] frame-timing WMTD3052400VZL: 300 frames, 0 missed exposure, diff avg -0.83 min -3.67 max 1.56 ms
[II] Device 0: joint reconstruction 85801 solved, 2 rejected, 85977 single-camera (0 observations arrived too late to count)
[II] HMD obs quality: full(strong+ids) 300 ids-verified 0 strong 0 prior-agree 0 reacquire 0 rejected 0 | flags: led-ids 300 strong 300
[II] frame-timing WMTD306Q701DEK: 300 frames, 0 missed exposure, diff avg -0.84 min -4.27 max 1.54 ms
[II] HMD obs quality: full(strong+ids) 300 ids-verified 0 strong 0 prior-agree 0 reacquire 0 rejected 0 | flags: led-ids 300 strong 300
[II] frame-timing WMTD3052400VZL: 300 frames, 0 missed exposure, diff avg -0.82 min -4.32 max 1.67 ms
[II] Device 0: joint reconstruction 86101 solved, 2 rejected, 86277 single-camera (0 observations arrived too late to count)
[II] HMD obs quality: full(strong+ids) 300 ids-verified 0 strong 0 prior-agree 0 reacquire 0 rejected 0 | flags: led-ids 300 strong 300
[II] frame-timing WMTD306Q701DEK: 300 frames, 0 missed exposure, diff avg -0.90 min -4.21 max 1.51 ms
[II] HMD obs quality: full(strong+ids) 300 ids-verified 0 strong 0 prior-agree 0 reacquire 0 rejected 0 | flags: led-ids 300 strong 300
[II] frame-timing WMTD3052400VZL: 300 frames, 0 missed exposure, diff avg -0.94 min -4.19 max 1.47 ms
[II] Device 0: joint reconstruction 86401 solved, 2 rejected, 86577 single-camera (0 observations arrived too late to count)
[II] HMD obs quality: full(strong+ids) 300 ids-verified 0 strong 0 prior-agree 0 reacquire 0 rejected 0 | flags: led-ids 300 strong 300
[II] frame-timing WMTD306Q701DEK: 300 frames, 0 missed exposure, diff avg -0.93 min -4.22 max 1.48 ms
[II] HMD obs quality: full(strong+ids) 300 ids-verified 0 strong 0 prior-agree 0 reacquire 0 rejected 0 | flags: led-ids 300 strong 300
[II] frame-timing WMTD3052400VZL: 300 frames, 0 missed exposure, diff avg -0.92 min -3.70 max 1.69 ms
[II] Device 0: joint reconstruction 86701 solved, 2 rejected, 86877 single-camera (0 observations arrived too late to count)
[II] HMD obs quality: full(strong+ids) 300 ids-verified 0 strong 0 prior-agree 0 reacquire 0 rejected 0 | flags: led-ids 300 strong 300
[WW] Exposure timestamp 3106383104 was more than 1.5 IMU samples earlier than IMU ts 3106385040 by 1936 µS
[II] frame-timing WMTD306Q701DEK: 300 frames, 0 missed exposure, diff avg -0.83 min -3.44 max 1.84 ms
[II] HMD obs quality: full(strong+ids) 300 ids-verified 0 strong 0 prior-agree 0 reacquire 0 rejected 0 | flags: led-ids 300 strong 300
[II] frame-timing WMTD3052400VZL: 300 frames, 0 missed exposure, diff avg -0.82 min -3.96 max 1.80 ms
[II] Device 0: joint reconstruction 87001 solved, 2 rejected, 87177 single-camera (0 observations arrived too late to count)
[II] HMD obs quality: full(strong+ids) 300 ids-verified 0 strong 0 prior-agree 0 reacquire 0 rejected 0 | flags: led-ids 300 strong 300
[II] frame-timing WMTD306Q701DEK: 300 frames, 0 missed exposure, diff avg -0.89 min -4.63 max 1.75 ms
[II] HMD obs quality: full(strong+ids) 300 ids-verified 0 strong 0 prior-agree 0 reacquire 0 rejected 0 | flags: led-ids 300 strong 300
[II] frame-timing WMTD3052400VZL: 300 frames, 0 missed exposure, diff avg -0.88 min -3.79 max 1.13 ms
[WW] Exposure timestamp 3114907904 was more than 1.5 IMU samples earlier than IMU ts 3114909473 by 1569 µS
[II] Device 0: joint reconstruction 87301 solved, 2 rejected, 87477 single-camera (0 observations arrived too late to count)
[II] HMD obs quality: full(strong+ids) 300 ids-verified 0 strong 0 prior-agree 0 reacquire 0 rejected 0 | flags: led-ids 300 strong 300
[WW] Exposure timestamp 3117461504 was more than 1.5 IMU samples earlier than IMU ts 3117463096 by 1592 µS
[II] frame-timing WMTD306Q701DEK: 300 frames, 0 missed exposure, diff avg -0.94 min -3.60 max 1.95 ms
[II] HMD obs quality: full(strong+ids) 300 ids-verified 0 strong 0 prior-agree 0 reacquire 0 rejected 0 | flags: led-ids 300 strong 300
[II] frame-timing WMTD3052400VZL: 300 frames, 0 missed exposure, diff avg -0.96 min -4.04 max 1.46 ms
[II] Device 0: joint reconstruction 87601 solved, 2 rejected, 87777 single-camera (0 observations arrived too late to count)
[II] HMD obs quality: full(strong+ids) 300 ids-verified 0 strong 0 prior-agree 0 reacquire 0 rejected 0 | flags: led-ids 300 strong 300
[WW] Exposure timestamp 3123624704 was more than 1.5 IMU samples earlier than IMU ts 3123626257 by 1553 µS
[II] frame-timing WMTD306Q701DEK: 300 frames, 0 missed exposure, diff avg -0.86 min -3.20 max 1.80 ms
[II] HMD obs quality: full(strong+ids) 300 ids-verified 0 strong 0 prior-agree 0 reacquire 0 rejected 0 | flags: led-ids 300 strong 300
[II] frame-timing WMTD3052400VZL: 300 frames, 0 missed exposure, diff avg -0.87 min -3.68 max 1.53 ms
[II] Device 0: joint reconstruction 87901 solved, 2 rejected, 88077 single-camera (0 observations arrived too late to count)
[II] HMD obs quality: full(strong+ids) 300 ids-verified 0 strong 0 prior-agree 0 reacquire 0 rejected 0 | flags: led-ids 300 strong 300
[II] frame-timing WMTD306Q701DEK: 300 frames, 0 missed exposure, diff avg -0.89 min -3.63 max 2.05 ms
[II] HMD obs quality: full(strong+ids) 300 ids-verified 0 strong 0 prior-agree 0 reacquire 0 rejected 0 | flags: led-ids 300 strong 300
[II] frame-timing WMTD3052400VZL: 300 frames, 0 missed exposure, diff avg -0.84 min -3.87 max 1.75 ms
[II] Device 0: joint reconstruction 88201 solved, 2 rejected, 88377 single-camera (0 observations arrived too late to count)
[II] HMD obs quality: full(strong+ids) 300 ids-verified 0 strong 0 prior-agree 0 reacquire 0 rejected 0 | flags: led-ids 300 strong 300
[WW] Exposure timestamp 3134664704 was more than 1.5 IMU samples earlier than IMU ts 3134666253 by 1549 µS
[II] frame-timing WMTD306Q701DEK: 300 frames, 0 missed exposure, diff avg -0.81 min -4.57 max 1.58 ms
[II] HMD obs quality: full(strong+ids) 300 ids-verified 0 strong 0 prior-agree 0 reacquire 0 rejected 0 | flags: led-ids 300 strong 300
[II] frame-timing WMTD3052400VZL: 300 frames, 0 missed exposure, diff avg -0.84 min -3.83 max 1.56 ms
[WW] Exposure timestamp 3138600704 was more than 1.5 IMU samples earlier than IMU ts 3138602384 by 1680 µS
[II] Device 0: joint reconstruction 88501 solved, 2 rejected, 88677 single-camera (0 observations arrived too late to count)
[II] HMD obs quality: full(strong+ids) 300 ids-verified 0 strong 0 prior-agree 0 reacquire 0 rejected 0 | flags: led-ids 300 strong 300
[II] frame-timing WMTD306Q701DEK: 300 frames, 0 missed exposure, diff avg -0.94 min -4.02 max 1.66 ms
[II] HMD obs quality: full(strong+ids) 300 ids-verified 0 strong 0 prior-agree 0 reacquire 0 rejected 0 | flags: led-ids 300 strong 300
[II] frame-timing WMTD3052400VZL: 300 frames, 0 missed exposure, diff avg -0.90 min -4.16 max 1.80 ms
[II] Device 0: joint reconstruction 88801 solved, 2 rejected, 88977 single-camera (0 observations arrived too late to count)
[WW] Exposure timestamp 3145339904 was more than 1.5 IMU samples earlier than IMU ts 3145341594 by 1690 µS
[II] HMD obs quality: full(strong+ids) 300 ids-verified 0 strong 0 prior-agree 0 reacquire 0 rejected 0 | flags: led-ids 300 strong 300
[II] frame-timing WMTD306Q701DEK: 300 frames, 0 missed exposure, diff avg -0.87 min -4.37 max 1.52 ms
[II] HMD obs quality: full(strong+ids) 300 ids-verified 0 strong 0 prior-agree 0 reacquire 0 rejected 0 | flags: led-ids 300 strong 300
[II] frame-timing WMTD3052400VZL: 300 frames, 0 missed exposure, diff avg -0.89 min -4.47 max 1.81 ms
[II] Device 0: joint reconstruction 89101 solved, 2 rejected, 89277 single-camera (0 observations arrived too late to count)
[II] HMD obs quality: full(strong+ids) 300 ids-verified 0 strong 0 prior-agree 0 reacquire 0 rejected 0 | flags: led-ids 300 strong 300
[II] frame-timing WMTD306Q701DEK: 300 frames, 0 missed exposure, diff avg -0.92 min -3.74 max 1.92 ms
[II] HMD obs quality: full(strong+ids) 300 ids-verified 0 strong 0 prior-agree 0 reacquire 0 rejected 0 | flags: led-ids 300 strong 300
[II] frame-timing WMTD3052400VZL: 300 frames, 0 missed exposure, diff avg -0.90 min -4.09 max 1.24 ms
[II] Device 0: joint reconstruction 89401 solved, 2 rejected, 89577 single-camera (0 observations arrived too late to count)
[II] HMD obs quality: full(strong+ids) 300 ids-verified 0 strong 0 prior-agree 0 reacquire 0 rejected 0 | flags: led-ids 300 strong 300
[II] frame-timing WMTD306Q701DEK: 300 frames, 0 missed exposure, diff avg -0.90 min -4.18 max 1.32 ms
[II] HMD obs quality: full(strong+ids) 300 ids-verified 0 strong 0 prior-agree 0 reacquire 0 rejected 0 | flags: led-ids 300 strong 300
[II] frame-timing WMTD3052400VZL: 300 frames, 0 missed exposure, diff avg -0.88 min -3.98 max 1.78 ms
[II] Device 0: joint reconstruction 89701 solved, 2 rejected, 89877 single-camera (0 observations arrived too late to count)
[II] HMD obs quality: full(strong+ids) 300 ids-verified 0 strong 0 prior-agree 0 reacquire 0 rejected 0 | flags: led-ids 300 strong 300
[II] frame-timing WMTD306Q701DEK: 300 frames, 0 missed exposure, diff avg -0.84 min -3.44 max 1.77 ms
[II] HMD obs quality: full(strong+ids) 300 ids-verified 0 strong 0 prior-agree 0 reacquire 0 rejected 0 | flags: led-ids 300 strong 300
[II] frame-timing WMTD3052400VZL: 300 frames, 0 missed exposure, diff avg -0.88 min -4.29 max 1.43 ms
[II] Device 0: joint reconstruction 90001 solved, 2 rejected, 90177 single-camera (0 observations arrived too late to count)
[II] HMD obs quality: full(strong+ids) 300 ids-verified 0 strong 0 prior-agree 0 reacquire 0 rejected 0 | flags: led-ids 300 strong 300
[WW] Exposure timestamp 3169416704 was more than 1.5 IMU samples earlier than IMU ts 3169418235 by 1531 µS
[II] frame-timing WMTD306Q701DEK: 300 frames, 0 missed exposure, diff avg -0.89 min -3.53 max 1.54 ms
[II] HMD obs quality: full(strong+ids) 300 ids-verified 0 strong 0 prior-agree 0 reacquire 0 rejected 0 | flags: led-ids 300 strong 300
[II] frame-timing WMTD3052400VZL: 300 frames, 0 missed exposure, diff avg -0.89 min -3.44 max 1.62 ms
[WW] Exposure timestamp 3173141504 was more than 1.5 IMU samples earlier than IMU ts 3173143034 by 1530 µS
[II] Device 0: joint reconstruction 90301 solved, 2 rejected, 90477 single-camera (0 observations arrived too late to count)
[II] HMD obs quality: full(strong+ids) 300 ids-verified 0 strong 0 prior-agree 0 reacquire 0 rejected 0 | flags: led-ids 300 strong 300
[II] frame-timing WMTD306Q701DEK: 300 frames, 0 missed exposure, diff avg -0.94 min -4.14 max 1.52 ms
[II] HMD obs quality: full(strong+ids) 300 ids-verified 0 strong 0 prior-agree 0 reacquire 0 rejected 0 | flags: led-ids 300 strong 300
[II] frame-timing WMTD3052400VZL: 300 frames, 0 missed exposure, diff avg -0.89 min -4.02 max 1.78 ms
[II] Device 0: joint reconstruction 90601 solved, 2 rejected, 90777 single-camera (0 observations arrived too late to count)
[II] HMD obs quality: full(strong+ids) 300 ids-verified 0 strong 0 prior-agree 0 reacquire 0 rejected 0 | flags: led-ids 300 strong 300
[II] frame-timing WMTD306Q701DEK: 300 frames, 0 missed exposure, diff avg -0.88 min -4.05 max 1.74 ms
[II] HMD obs quality: full(strong+ids) 300 ids-verified 0 strong 0 prior-agree 0 reacquire 0 rejected 0 | flags: led-ids 300 strong 300
[WW] Exposure timestamp 3183816704 was more than 1.5 IMU samples earlier than IMU ts 3183818348 by 1644 µS
[II] frame-timing WMTD3052400VZL: 300 frames, 0 missed exposure, diff avg -0.89 min -3.78 max 1.76 ms
[II] Device 0: joint reconstruction 90901 solved, 2 rejected, 91077 single-camera (0 observations arrived too late to count)
[II] HMD obs quality: full(strong+ids) 300 ids-verified 0 strong 0 prior-agree 0 reacquire 0 rejected 0 | flags: led-ids 300 strong 300
[II] frame-timing WMTD306Q701DEK: 300 frames, 0 missed exposure, diff avg -0.92 min -4.01 max 1.70 ms
[II] HMD obs quality: full(strong+ids) 300 ids-verified 0 strong 0 prior-agree 0 reacquire 0 rejected 0 | flags: led-ids 300 strong 300
[II] frame-timing WMTD3052400VZL: 300 frames, 0 missed exposure, diff avg -0.92 min -3.78 max 1.69 ms
[II] Device 0: joint reconstruction 91201 solved, 2 rejected, 91377 single-camera (0 observations arrived too late to count)
[II] HMD obs quality: full(strong+ids) 300 ids-verified 0 strong 0 prior-agree 0 reacquire 0 rejected 0 | flags: led-ids 300 strong 300
[II] frame-timing WMTD306Q701DEK: 300 frames, 0 missed exposure, diff avg -0.89 min -3.42 max 1.84 ms
[II] HMD obs quality: full(strong+ids) 300 ids-verified 0 strong 0 prior-agree 0 reacquire 0 rejected 0 | flags: led-ids 300 strong 300
[II] frame-timing WMTD3052400VZL: 300 frames, 0 missed exposure, diff avg -0.90 min -3.46 max 1.87 ms
[II] Device 0: joint reconstruction 91501 solved, 2 rejected, 91677 single-camera (0 observations arrived too late to count)
[II] HMD obs quality: full(strong+ids) 300 ids-verified 0 strong 0 prior-agree 0 reacquire 0 rejected 0 | flags: led-ids 300 strong 300
[II] frame-timing WMTD306Q701DEK: 300 frames, 0 missed exposure, diff avg -0.87 min -3.80 max 1.75 ms
[II] HMD obs quality: full(strong+ids) 300 ids-verified 0 strong 0 prior-agree 0 reacquire 0 rejected 0 | flags: led-ids 300 strong 300
[II] frame-timing WMTD3052400VZL: 300 frames, 0 missed exposure, diff avg -0.82 min -3.70 max 1.78 ms
[II] Device 0: joint reconstruction 91801 solved, 2 rejected, 91977 single-camera (0 observations arrived too late to count)
[II] HMD obs quality: full(strong+ids) 300 ids-verified 0 strong 0 prior-agree 0 reacquire 0 rejected 0 | flags: led-ids 300 strong 300
[II] frame-timing WMTD306Q701DEK: 300 frames, 0 missed exposure, diff avg -0.87 min -3.41 max 1.84 ms
[II] HMD obs quality: full(strong+ids) 300 ids-verified 0 strong 0 prior-agree 0 reacquire 0 rejected 0 | flags: led-ids 300 strong 300
[II] frame-timing WMTD3052400VZL: 300 frames, 0 missed exposure, diff avg -0.85 min -3.92 max 1.46 ms
[II] Device 0: joint reconstruction 92101 solved, 2 rejected, 92277 single-camera (0 observations arrived too late to count)
[II] HMD obs quality: full(strong+ids) 300 ids-verified 0 strong 0 prior-agree 0 reacquire 0 rejected 0 | flags: led-ids 300 strong 300
[WW] Exposure timestamp 3210907904 was more than 1.5 IMU samples earlier than IMU ts 3210909500 by 1596 µS
[II] frame-timing WMTD306Q701DEK: 300 frames, 0 missed exposure, diff avg -0.84 min -4.13 max 1.56 ms
[II] HMD obs quality: full(strong+ids) 300 ids-verified 0 strong 0 prior-agree 0 reacquire 0 rejected 0 | flags: led-ids 300 strong 300
[II] frame-timing WMTD3052400VZL: 300 frames, 0 missed exposure, diff avg -0.83 min -4.05 max 2.06 ms
[II] Device 0: joint reconstruction 92401 solved, 2 rejected, 92577 single-camera (0 observations arrived too late to count)
[II] HMD obs quality: full(strong+ids) 300 ids-verified 0 strong 0 prior-agree 0 reacquire 0 rejected 0 | flags: led-ids 300 strong 300
[II] frame-timing WMTD306Q701DEK: 300 frames, 0 missed exposure, diff avg -0.85 min -3.58 max 1.99 ms
[II] HMD obs quality: full(strong+ids) 300 ids-verified 0 strong 0 prior-agree 0 reacquire 0 rejected 0 | flags: led-ids 300 strong 300
[II] frame-timing WMTD3052400VZL: 300 frames, 0 missed exposure, diff avg -0.87 min -3.66 max 1.74 ms
[II] Device 0: joint reconstruction 92701 solved, 2 rejected, 92877 single-camera (0 observations arrived too late to count)
[II] HMD obs quality: full(strong+ids) 300 ids-verified 0 strong 0 prior-agree 0 reacquire 0 rejected 0 | flags: led-ids 300 strong 300
[II] frame-timing WMTD306Q701DEK: 300 frames, 0 missed exposure, diff avg -0.83 min -3.52 max 1.80 ms
[WW] Exposure timestamp 3223464704 was more than 1.5 IMU samples earlier than IMU ts 3223466292 by 1588 µS
[II] HMD obs quality: full(strong+ids) 300 ids-verified 0 strong 0 prior-agree 0 reacquire 0 rejected 0 | flags: led-ids 300 strong 300
[II] frame-timing WMTD3052400VZL: 300 frames, 0 missed exposure, diff avg -0.84 min -3.62 max 1.63 ms
[WW] Exposure timestamp 3224367104 was more than 1.5 IMU samples earlier than IMU ts 3224368931 by 1827 µS
[WW] Exposure timestamp 3225096704 was more than 1.5 IMU samples earlier than IMU ts 3225098254 by 1550 µS
[II] Device 0: joint reconstruction 93001 solved, 2 rejected, 93177 single-camera (0 observations arrived too late to count)
[II] HMD obs quality: full(strong+ids) 300 ids-verified 0 strong 0 prior-agree 0 reacquire 0 rejected 0 | flags: led-ids 300 strong 300
[WW] Exposure timestamp 3226824704 was more than 1.5 IMU samples earlier than IMU ts 3226826392 by 1688 µS
[II] frame-timing WMTD306Q701DEK: 300 frames, 0 missed exposure, diff avg -0.99 min -3.78 max 1.45 ms
[II] HMD obs quality: full(strong+ids) 300 ids-verified 0 strong 0 prior-agree 0 reacquire 0 rejected 0 | flags: led-ids 300 strong 300
[II] frame-timing WMTD3052400VZL: 300 frames, 0 missed exposure, diff avg -0.98 min -3.93 max 1.67 ms
[WW] Exposure timestamp 3230779904 was more than 1.5 IMU samples earlier than IMU ts 3230781573 by 1669 µS
[II] Device 0: joint reconstruction 93301 solved, 2 rejected, 93477 single-camera (0 observations arrived too late to count)
[II] HMD obs quality: full(strong+ids) 300 ids-verified 0 strong 0 prior-agree 0 reacquire 0 rejected 0 | flags: led-ids 300 strong 300
[II] frame-timing WMTD306Q701DEK: 300 frames, 0 missed exposure, diff avg -0.91 min -4.33 max 1.65 ms
[II] HMD obs quality: full(strong+ids) 300 ids-verified 0 strong 0 prior-agree 0 reacquire 0 rejected 0 | flags: led-ids 300 strong 300
[II] frame-timing WMTD3052400VZL: 300 frames, 0 missed exposure, diff avg -0.87 min -4.51 max 1.76 ms
[II] Device 0: joint reconstruction 93601 solved, 2 rejected, 93777 single-camera (0 observations arrived too late to count)
[II] HMD obs quality: full(strong+ids) 300 ids-verified 0 strong 0 prior-agree 0 reacquire 0 rejected 0 | flags: led-ids 300 strong 300
[II] frame-timing WMTD306Q701DEK: 300 frames, 0 missed exposure, diff avg -0.83 min -3.55 max 1.28 ms
[II] HMD obs quality: full(strong+ids) 300 ids-verified 0 strong 0 prior-agree 0 reacquire 0 rejected 0 | flags: led-ids 300 strong 300
[II] frame-timing WMTD3052400VZL: 300 frames, 0 missed exposure, diff avg -0.83 min -3.44 max 1.77 ms
[II] Device 0: joint reconstruction 93901 solved, 2 rejected, 94077 single-camera (0 observations arrived too late to count)
[II] HMD obs quality: full(strong+ids) 300 ids-verified 0 strong 0 prior-agree 0 reacquire 0 rejected 0 | flags: led-ids 300 strong 300
[II] frame-timing WMTD306Q701DEK: 300 frames, 0 missed exposure, diff avg -0.87 min -4.19 max 1.43 ms
[II] HMD obs quality: full(strong+ids) 300 ids-verified 0 strong 0 prior-agree 0 reacquire 0 rejected 0 | flags: led-ids 300 strong 300
[II] frame-timing WMTD3052400VZL: 300 frames, 0 missed exposure, diff avg -0.86 min -3.89 max 2.00 ms
[WW] Exposure timestamp 3247752704 was more than 1.5 IMU samples earlier than IMU ts 3247754394 by 1690 µS
[II] Device 0: joint reconstruction 94201 solved, 2 rejected, 94377 single-camera (0 observations arrived too late to count)
[II] HMD obs quality: full(strong+ids) 300 ids-verified 0 strong 0 prior-agree 0 reacquire 0 rejected 0 | flags: led-ids 300 strong 300
[WW] Exposure timestamp 3251707904 was more than 1.5 IMU samples earlier than IMU ts 3251709579 by 1675 µS
[II] frame-timing WMTD306Q701DEK: 300 frames, 0 missed exposure, diff avg -0.95 min -4.18 max 1.97 ms
[II] HMD obs quality: full(strong+ids) 300 ids-verified 0 strong 0 prior-agree 0 reacquire 0 rejected 0 | flags: led-ids 300 strong 300
[II] frame-timing WMTD3052400VZL: 300 frames, 0 missed exposure, diff avg -0.97 min -4.54 max 1.64 ms
[WW] Exposure timestamp 3253455104 was more than 1.5 IMU samples earlier than IMU ts 3253456752 by 1648 µS
[II] Device 0: joint reconstruction 94501 solved, 2 rejected, 94677 single-camera (0 observations arrived too late to count)
[II] HMD obs quality: full(strong+ids) 300 ids-verified 0 strong 0 prior-agree 0 reacquire 0 rejected 0 | flags: led-ids 300 strong 300
[II] frame-timing WMTD306Q701DEK: 300 frames, 0 missed exposure, diff avg -0.92 min -3.85 max 1.71 ms
[II] HMD obs quality: full(strong+ids) 300 ids-verified 0 strong 0 prior-agree 0 reacquire 0 rejected 0 | flags: led-ids 300 strong 300
[II] frame-timing WMTD3052400VZL: 300 frames, 0 missed exposure, diff avg -0.90 min -4.22 max 1.55 ms
[II] Device 0: joint reconstruction 94801 solved, 2 rejected, 94977 single-camera (0 observations arrived too late to count)
[II] HMD obs quality: full(strong+ids) 300 ids-verified 0 strong 0 prior-agree 0 reacquire 0 rejected 0 | flags: led-ids 300 strong 300
[II] frame-timing WMTD306Q701DEK: 300 frames, 0 missed exposure, diff avg -0.93 min -3.89 max 1.30 ms
[II] HMD obs quality: full(strong+ids) 300 ids-verified 0 strong 0 prior-agree 0 reacquire 0 rejected 0 | flags: led-ids 300 strong 300
[II] frame-timing WMTD3052400VZL: 300 frames, 0 missed exposure, diff avg -0.93 min -3.82 max 1.88 ms
[II] Device 0: joint reconstruction 95101 solved, 2 rejected, 95277 single-camera (0 observations arrived too late to count)
[WW] Exposure timestamp 3266703104 was more than 1.5 IMU samples earlier than IMU ts 3266704820 by 1716 µS
[II] HMD obs quality: full(strong+ids) 300 ids-verified 0 strong 0 prior-agree 0 reacquire 0 rejected 0 | flags: led-ids 300 strong 300
[II] frame-timing WMTD306Q701DEK: 300 frames, 0 missed exposure, diff avg -0.89 min -4.02 max 1.89 ms
[II] HMD obs quality: full(strong+ids) 300 ids-verified 0 strong 0 prior-agree 0 reacquire 0 rejected 0 | flags: led-ids 300 strong 300
[II] frame-timing WMTD3052400VZL: 300 frames, 0 missed exposure, diff avg -0.89 min -4.11 max 1.49 ms
[II] Device 0: joint reconstruction 95401 solved, 2 rejected, 95577 single-camera (0 observations arrived too late to count)
[II] HMD obs quality: full(strong+ids) 300 ids-verified 0 strong 0 prior-agree 0 reacquire 0 rejected 0 | flags: led-ids 300 strong 300
[II] frame-timing WMTD306Q701DEK: 300 frames, 0 missed exposure, diff avg -0.90 min -4.41 max 1.51 ms
[II] HMD obs quality: full(strong+ids) 300 ids-verified 0 strong 0 prior-agree 0 reacquire 0 rejected 0 | flags: led-ids 300 strong 300
[WW] Exposure timestamp 3275784704 was more than 1.5 IMU samples earlier than IMU ts 3275786322 by 1618 µS
[II] frame-timing WMTD3052400VZL: 300 frames, 0 missed exposure, diff avg -0.91 min -3.68 max 2.16 ms
[II] Device 0: joint reconstruction 95701 solved, 2 rejected, 95877 single-camera (0 observations arrived too late to count)
[II] HMD obs quality: full(strong+ids) 300 ids-verified 0 strong 0 prior-agree 0 reacquire 0 rejected 0 | flags: led-ids 300 strong 300
[WW] Exposure timestamp 3278568704 was more than 1.5 IMU samples earlier than IMU ts 3278570382 by 1678 µS
[II] frame-timing WMTD306Q701DEK: 300 frames, 0 missed exposure, diff avg -0.92 min -4.06 max 1.74 ms
[II] HMD obs quality: full(strong+ids) 300 ids-verified 0 strong 0 prior-agree 0 reacquire 0 rejected 0 | flags: led-ids 300 strong 300
[II] frame-timing WMTD3052400VZL: 300 frames, 0 missed exposure, diff avg -0.88 min -4.24 max 1.90 ms
[II] Device 0: joint reconstruction 96001 solved, 2 rejected, 96177 single-camera (0 observations arrived too late to count)
[II] HMD obs quality: full(strong+ids) 300 ids-verified 0 strong 0 prior-agree 0 reacquire 0 rejected 0 | flags: led-ids 300 strong 300
[WW] Exposure timestamp 3284981504 was more than 1.5 IMU samples earlier than IMU ts 3284983037 by 1533 µS
[WW] Exposure timestamp 3286248704 was more than 1.5 IMU samples earlier than IMU ts 3286250340 by 1636 µS
[II] frame-timing WMTD306Q701DEK: 300 frames, 0 missed exposure, diff avg -0.92 min -3.87 max 1.63 ms
[II] HMD obs quality: full(strong+ids) 300 ids-verified 0 strong 0 prior-agree 0 reacquire 0 rejected 0 | flags: led-ids 300 strong 300
[II] frame-timing WMTD3052400VZL: 300 frames, 0 missed exposure, diff avg -0.96 min -3.62 max 1.83 ms
[II] Device 0: joint reconstruction 96301 solved, 2 rejected, 96477 single-camera (0 observations arrived too late to count)
[II] HMD obs quality: full(strong+ids) 300 ids-verified 0 strong 0 prior-agree 0 reacquire 0 rejected 0 | flags: led-ids 300 strong 300
[WW] Exposure timestamp 3291144704 was more than 1.5 IMU samples earlier than IMU ts 3291146240 by 1536 µS
[WW] Exposure timestamp 3292411904 was more than 1.5 IMU samples earlier than IMU ts 3292413544 by 1640 µS
[II] frame-timing WMTD306Q701DEK: 300 frames, 0 missed exposure, diff avg -0.92 min -4.30 max 1.74 ms
[II] HMD obs quality: full(strong+ids) 300 ids-verified 0 strong 0 prior-agree 0 reacquire 0 rejected 0 | flags: led-ids 300 strong 300
[II] frame-timing WMTD3052400VZL: 300 frames, 0 missed exposure, diff avg -0.89 min -4.82 max 1.53 ms
[II] Device 0: joint reconstruction 96601 solved, 2 rejected, 96777 single-camera (0 observations arrived too late to count)
[II] HMD obs quality: full(strong+ids) 300 ids-verified 0 strong 0 prior-agree 0 reacquire 0 rejected 0 | flags: led-ids 300 strong 300
[II] frame-timing WMTD306Q701DEK: 300 frames, 0 missed exposure, diff avg -0.92 min -3.58 max 1.37 ms
[II] HMD obs quality: full(strong+ids) 300 ids-verified 0 strong 0 prior-agree 0 reacquire 0 rejected 0 | flags: led-ids 300 strong 300
[II] frame-timing WMTD3052400VZL: 300 frames, 0 missed exposure, diff avg -0.93 min -4.56 max 1.54 ms
[WW] Exposure timestamp 3299727104 was more than 1.5 IMU samples earlier than IMU ts 3299728844 by 1740 µS
[II] Device 0: joint reconstruction 96901 solved, 2 rejected, 97077 single-camera (0 observations arrived too late to count)
[II] HMD obs quality: full(strong+ids) 300 ids-verified 0 strong 0 prior-agree 0 reacquire 0 rejected 0 | flags: led-ids 300 strong 300
[II] frame-timing WMTD306Q701DEK: 300 frames, 0 missed exposure, diff avg -0.92 min -4.36 max 1.81 ms
[II] HMD obs quality: full(strong+ids) 300 ids-verified 0 strong 0 prior-agree 0 reacquire 0 rejected 0 | flags: led-ids 300 strong 300
[II] frame-timing WMTD3052400VZL: 300 frames, 0 missed exposure, diff avg -0.91 min -3.53 max 1.65 ms
[II] Device 0: joint reconstruction 97201 solved, 2 rejected, 97377 single-camera (0 observations arrived too late to count)
[II] HMD obs quality: full(strong+ids) 300 ids-verified 0 strong 0 prior-agree 0 reacquire 0 rejected 0 | flags: led-ids 300 strong 300
[II] frame-timing WMTD306Q701DEK: 300 frames, 0 missed exposure, diff avg -0.91 min -4.14 max 1.77 ms
[II] HMD obs quality: full(strong+ids) 300 ids-verified 0 strong 0 prior-agree 0 reacquire 0 rejected 0 | flags: led-ids 300 strong 300
[II] frame-timing WMTD3052400VZL: 300 frames, 0 missed exposure, diff avg -0.89 min -3.68 max 1.59 ms
[II] Device 0: joint reconstruction 97501 solved, 2 rejected, 97677 single-camera (0 observations arrived too late to count)
[II] HMD obs quality: full(strong+ids) 300 ids-verified 0 strong 0 prior-agree 0 reacquire 0 rejected 0 | flags: led-ids 300 strong 300
[II] frame-timing WMTD306Q701DEK: 300 frames, 0 missed exposure, diff avg -0.84 min -4.17 max 1.41 ms
[II] HMD obs quality: full(strong+ids) 300 ids-verified 0 strong 0 prior-agree 0 reacquire 0 rejected 0 | flags: led-ids 300 strong 300
[II] frame-timing WMTD3052400VZL: 300 frames, 0 missed exposure, diff avg -0.86 min -3.90 max 1.73 ms
[II] Device 0: joint reconstruction 97801 solved, 2 rejected, 97977 single-camera (0 observations arrived too late to count)
[II] HMD obs quality: full(strong+ids) 300 ids-verified 0 strong 0 prior-agree 0 reacquire 0 rejected 0 | flags: led-ids 300 strong 300
[WW] Exposure timestamp 3320904704 was more than 1.5 IMU samples earlier than IMU ts 3320906403 by 1699 µS
[II] frame-timing WMTD306Q701DEK: 300 frames, 0 missed exposure, diff avg -0.85 min -3.54 max 1.64 ms
[II] HMD obs quality: full(strong+ids) 300 ids-verified 0 strong 0 prior-agree 0 reacquire 0 rejected 0 | flags: led-ids 300 strong 300
[II] frame-timing WMTD3052400VZL: 300 frames, 0 missed exposure, diff avg -0.86 min -3.51 max 1.66 ms
[II] Device 0: joint reconstruction 98101 solved, 2 rejected, 98277 single-camera (0 observations arrived too late to count)
[II] HMD obs quality: full(strong+ids) 300 ids-verified 0 strong 0 prior-agree 0 reacquire 0 rejected 0 | flags: led-ids 300 strong 300
[II] frame-timing WMTD306Q701DEK: 300 frames, 0 missed exposure, diff avg -0.89 min -3.85 max 1.61 ms
[II] HMD obs quality: full(strong+ids) 300 ids-verified 0 strong 0 prior-agree 0 reacquire 0 rejected 0 | flags: led-ids 300 strong 300
[WW] Exposure timestamp 3327528704 was more than 1.5 IMU samples earlier than IMU ts 3327530407 by 1703 µS
[II] frame-timing WMTD3052400VZL: 300 frames, 0 missed exposure, diff avg -0.85 min -3.32 max 1.69 ms
[II] Device 0: joint reconstruction 98401 solved, 2 rejected, 98577 single-camera (0 observations arrived too late to count)
[II] HMD obs quality: full(strong+ids) 300 ids-verified 0 strong 0 prior-agree 0 reacquire 0 rejected 0 | flags: led-ids 300 strong 300
[II] frame-timing WMTD306Q701DEK: 300 frames, 0 missed exposure, diff avg -0.88 min -4.19 max 1.64 ms
[II] HMD obs quality: full(strong+ids) 300 ids-verified 0 strong 0 prior-agree 0 reacquire 0 rejected 0 | flags: led-ids 300 strong 300
[WW] Exposure timestamp 3333346304 was more than 1.5 IMU samples earlier than IMU ts 3333347991 by 1687 µS
[II] frame-timing WMTD3052400VZL: 300 frames, 0 missed exposure, diff avg -0.89 min -3.46 max 1.96 ms
[II] Device 0: joint reconstruction 98701 solved, 2 rejected, 98877 single-camera (0 observations arrived too late to count)
[WW] Exposure timestamp 3335323904 was more than 1.5 IMU samples earlier than IMU ts 3335325589 by 1685 µS
[WW] Exposure timestamp 3335535104 was more than 1.5 IMU samples earlier than IMU ts 3335536974 by 1870 µS
[II] HMD obs quality: full(strong+ids) 300 ids-verified 0 strong 0 prior-agree 0 reacquire 0 rejected 0 | flags: led-ids 300 strong 300
[II] frame-timing WMTD306Q701DEK: 300 frames, 0 missed exposure, diff avg -0.90 min -4.08 max 1.43 ms
[II] HMD obs quality: full(strong+ids) 300 ids-verified 0 strong 0 prior-agree 0 reacquire 0 rejected 0 | flags: led-ids 300 strong 300
[II] frame-timing WMTD3052400VZL: 300 frames, 0 missed exposure, diff avg -0.92 min -4.61 max 1.61 ms
[II] Device 0: joint reconstruction 99001 solved, 2 rejected, 99177 single-camera (0 observations arrived too late to count)
[WW] Exposure timestamp 3340872704 was more than 1.5 IMU samples earlier than IMU ts 3340874687 by 1983 µS
[II] HMD obs quality: full(strong+ids) 300 ids-verified 0 strong 0 prior-agree 0 reacquire 0 rejected 0 | flags: led-ids 300 strong 300
[WW] Exposure timestamp 3342888704 was more than 1.5 IMU samples earlier than IMU ts 3342890355 by 1651 µS
[II] frame-timing WMTD306Q701DEK: 300 frames, 0 missed exposure, diff avg -0.90 min -3.92 max 1.52 ms
[II] HMD obs quality: full(strong+ids) 300 ids-verified 0 strong 0 prior-agree 0 reacquire 0 rejected 0 | flags: led-ids 300 strong 300
[WW] Exposure timestamp 3344731904 was more than 1.5 IMU samples earlier than IMU ts 3344733709 by 1805 µS
[II] frame-timing WMTD3052400VZL: 300 frames, 0 missed exposure, diff avg -0.89 min -4.18 max 1.32 ms
[WW] Exposure timestamp 3346248704 was more than 1.5 IMU samples earlier than IMU ts 3346250470 by 1766 µS
[II] Device 0: joint reconstruction 99301 solved, 2 rejected, 99477 single-camera (0 observations arrived too late to count)
[WW] Exposure timestamp 3347304704 was more than 1.5 IMU samples earlier than IMU ts 3347306392 by 1688 µS
[II] HMD obs quality: full(strong+ids) 300 ids-verified 0 strong 0 prior-agree 0 reacquire 0 rejected 0 | flags: led-ids 300 strong 300
[WW] Exposure timestamp 3349051904 was more than 1.5 IMU samples earlier than IMU ts 3349053571 by 1667 µS
[II] frame-timing WMTD306Q701DEK: 300 frames, 0 missed exposure, diff avg -0.91 min -3.62 max 1.66 ms
[II] HMD obs quality: full(strong+ids) 300 ids-verified 0 strong 0 prior-agree 0 reacquire 0 rejected 0 | flags: led-ids 300 strong 300
[II] frame-timing WMTD3052400VZL: 300 frames, 0 missed exposure, diff avg -0.89 min -4.07 max 1.49 ms
[II] Device 0: joint reconstruction 99601 solved, 2 rejected, 99777 single-camera (0 observations arrived too late to count)
[II] HMD obs quality: full(strong+ids) 300 ids-verified 0 strong 0 prior-agree 0 reacquire 0 rejected 0 | flags: led-ids 300 strong 300
[II] frame-timing WMTD306Q701DEK: 300 frames, 0 missed exposure, diff avg -0.94 min -3.70 max 2.03 ms
[II] HMD obs quality: full(strong+ids) 300 ids-verified 0 strong 0 prior-agree 0 reacquire 0 rejected 0 | flags: led-ids 300 strong 300
[II] frame-timing WMTD3052400VZL: 300 frames, 0 missed exposure, diff avg -0.92 min -3.99 max 1.80 ms
[WW] Exposure timestamp 3357787904 was more than 1.5 IMU samples earlier than IMU ts 3357789479 by 1575 µS
[II] Device 0: joint reconstruction 99901 solved, 2 rejected, 100077 single-camera (0 observations arrived too late to count)
[II] HMD obs quality: full(strong+ids) 300 ids-verified 0 strong 0 prior-agree 0 reacquire 0 rejected 0 | flags: led-ids 300 strong 300
[II] frame-timing WMTD306Q701DEK: 300 frames, 0 missed exposure, diff avg -0.90 min -3.77 max 1.62 ms
[II] HMD obs quality: full(strong+ids) 300 ids-verified 0 strong 0 prior-agree 0 reacquire 0 rejected 0 | flags: led-ids 300 strong 300
[WW] Exposure timestamp 3362050304 was more than 1.5 IMU samples earlier than IMU ts 3362052233 by 1929 µS
[II] frame-timing WMTD3052400VZL: 300 frames, 0 missed exposure, diff avg -0.90 min -4.33 max 1.55 ms
[II] Device 0: joint reconstruction 100201 solved, 2 rejected, 100377 single-camera (0 observations arrived too late to count)
[II] HMD obs quality: full(strong+ids) 300 ids-verified 0 strong 0 prior-agree 0 reacquire 0 rejected 0 | flags: led-ids 300 strong 300
[WW] Exposure timestamp 3365448704 was more than 1.5 IMU samples earlier than IMU ts 3365450419 by 1715 µS
[II] frame-timing WMTD306Q701DEK: 300 frames, 0 missed exposure, diff avg -0.91 min -3.79 max 1.69 ms
[II] HMD obs quality: full(strong+ids) 300 ids-verified 0 strong 0 prior-agree 0 reacquire 0 rejected 0 | flags: led-ids 300 strong 300
[II] frame-timing WMTD3052400VZL: 300 frames, 0 missed exposure, diff avg -0.93 min -4.12 max 1.51 ms
[II] Device 0: joint reconstruction 100501 solved, 2 rejected, 100677 single-camera (0 observations arrived too late to count)
[II] HMD obs quality: full(strong+ids) 300 ids-verified 0 strong 0 prior-agree 0 reacquire 0 rejected 0 | flags: led-ids 300 strong 300
[II] frame-timing WMTD306Q701DEK: 300 frames, 0 missed exposure, diff avg -0.91 min -3.67 max 1.55 ms
[II] HMD obs quality: full(strong+ids) 300 ids-verified 0 strong 0 prior-agree 0 reacquire 0 rejected 0 | flags: led-ids 300 strong 300
[II] frame-timing WMTD3052400VZL: 300 frames, 0 missed exposure, diff avg -0.86 min -3.98 max 1.64 ms
[WW] Exposure timestamp 3374895104 was more than 1.5 IMU samples earlier than IMU ts 3374896619 by 1515 µS
[II] Device 0: joint reconstruction 100801 solved, 2 rejected, 100977 single-camera (0 observations arrived too late to count)
[II] HMD obs quality: full(strong+ids) 300 ids-verified 0 strong 0 prior-agree 0 reacquire 0 rejected 0 | flags: led-ids 300 strong 300
[WW] Exposure timestamp 3377775104 was more than 1.5 IMU samples earlier than IMU ts 3377776864 by 1760 µS
[II] frame-timing WMTD306Q701DEK: 300 frames, 0 missed exposure, diff avg -0.94 min -3.68 max 1.46 ms
[II] HMD obs quality: full(strong+ids) 300 ids-verified 0 strong 0 prior-agree 0 reacquire 0 rejected 0 | flags: led-ids 300 strong 300
[II] frame-timing WMTD3052400VZL: 300 frames, 0 missed exposure, diff avg -0.96 min -4.41 max 1.49 ms
[WW] Exposure timestamp 3380443904 was more than 1.5 IMU samples earlier than IMU ts 3380445724 by 1820 µS
[WW] Exposure timestamp 3380923904 was more than 1.5 IMU samples earlier than IMU ts 3380925644 by 1740 µS
[II] Device 0: joint reconstruction 101101 solved, 2 rejected, 101277 single-camera (0 observations arrived too late to count)
[II] HMD obs quality: full(strong+ids) 300 ids-verified 0 strong 0 prior-agree 0 reacquire 0 rejected 0 | flags: led-ids 300 strong 300
[II] frame-timing WMTD306Q701DEK: 300 frames, 0 missed exposure, diff avg -0.94 min -4.00 max 1.65 ms
[II] HMD obs quality: full(strong+ids) 300 ids-verified 0 strong 0 prior-agree 0 reacquire 0 rejected 0 | flags: led-ids 300 strong 300
[II] frame-timing WMTD3052400VZL: 300 frames, 0 missed exposure, diff avg -0.93 min -3.95 max 1.90 ms
[II] Device 0: joint reconstruction 101401 solved, 2 rejected, 101577 single-camera (0 observations arrived too late to count)
[WW] Exposure timestamp 3386856704 was more than 1.5 IMU samples earlier than IMU ts 3386858404 by 1700 µS
[II] HMD obs quality: full(strong+ids) 300 ids-verified 0 strong 0 prior-agree 0 reacquire 0 rejected 0 | flags: led-ids 300 strong 300
[II] frame-timing WMTD306Q701DEK: 300 frames, 0 missed exposure, diff avg -0.91 min -3.56 max 1.97 ms
[II] HMD obs quality: full(strong+ids) 300 ids-verified 0 strong 0 prior-agree 0 reacquire 0 rejected 0 | flags: led-ids 300 strong 300
[WW] Exposure timestamp 3390696704 was more than 1.5 IMU samples earlier than IMU ts 3390698444 by 1740 µS
[II] frame-timing WMTD3052400VZL: 300 frames, 0 missed exposure, diff avg -0.87 min -3.39 max 1.80 ms
[II] Device 0: joint reconstruction 101701 solved, 2 rejected, 101877 single-camera (0 observations arrived too late to count)
[II] HMD obs quality: full(strong+ids) 300 ids-verified 0 strong 0 prior-agree 0 reacquire 0 rejected 0 | flags: led-ids 300 strong 300
[II] frame-timing WMTD306Q701DEK: 300 frames, 0 missed exposure, diff avg -0.85 min -4.18 max 1.61 ms
[II] HMD obs quality: full(strong+ids) 300 ids-verified 0 strong 0 prior-agree 0 reacquire 0 rejected 0 | flags: led-ids 300 strong 300
[II] frame-timing WMTD3052400VZL: 300 frames, 0 missed exposure, diff avg -0.86 min -4.30 max 1.37 ms
[II] Device 0: joint reconstruction 102001 solved, 2 rejected, 102177 single-camera (0 observations arrived too late to count)
[WW] Exposure timestamp 3398376704 was more than 1.5 IMU samples earlier than IMU ts 3398378389 by 1685 µS
[II] HMD obs quality: full(strong+ids) 300 ids-verified 0 strong 0 prior-agree 0 reacquire 0 rejected 0 | flags: led-ids 300 strong 300
[II] frame-timing WMTD306Q701DEK: 300 frames, 0 missed exposure, diff avg -0.93 min -4.15 max 1.57 ms
[II] HMD obs quality: full(strong+ids) 300 ids-verified 0 strong 0 prior-agree 0 reacquire 0 rejected 0 | flags: led-ids 300 strong 300
[WW] Exposure timestamp 3402216704 was more than 1.5 IMU samples earlier than IMU ts 3402218385 by 1681 µS
[II] frame-timing WMTD3052400VZL: 300 frames, 0 missed exposure, diff avg -0.91 min -4.86 max 1.78 ms
[II] Device 0: joint reconstruction 102301 solved, 2 rejected, 102477 single-camera (0 observations arrived too late to count)
[II] HMD obs quality: full(strong+ids) 300 ids-verified 0 strong 0 prior-agree 0 reacquire 0 rejected 0 | flags: led-ids 300 strong 300
[WW] Exposure timestamp 3405365504 was more than 1.5 IMU samples earlier than IMU ts 3405367122 by 1618 µS
[WW] Exposure timestamp 3407554304 was more than 1.5 IMU samples earlier than IMU ts 3407556111 by 1807 µS
[II] frame-timing WMTD306Q701DEK: 300 frames, 0 missed exposure, diff avg -0.93 min -3.72 max 1.66 ms
[II] HMD obs quality: full(strong+ids) 300 ids-verified 0 strong 0 prior-agree 0 reacquire 0 rejected 0 | flags: led-ids 300 strong 300
[II] frame-timing WMTD3052400VZL: 300 frames, 0 missed exposure, diff avg -0.91 min -3.66 max 1.45 ms
[II] Device 0: joint reconstruction 102601 solved, 2 rejected, 102777 single-camera (0 observations arrived too late to count)
[WW] Exposure timestamp 3410011904 was more than 1.5 IMU samples earlier than IMU ts 3410013635 by 1731 µS
[II] HMD obs quality: full(strong+ids) 300 ids-verified 0 strong 0 prior-agree 0 reacquire 0 rejected 0 | flags: led-ids 300 strong 300
[II] frame-timing WMTD306Q701DEK: 300 frames, 0 missed exposure, diff avg -0.89 min -3.73 max 1.79 ms
[II] HMD obs quality: full(strong+ids) 300 ids-verified 0 strong 0 prior-agree 0 reacquire 0 rejected 0 | flags: led-ids 300 strong 300
[II] frame-timing WMTD3052400VZL: 300 frames, 0 missed exposure, diff avg -0.88 min -4.00 max 1.37 ms
[II] Device 0: joint reconstruction 102901 solved, 2 rejected, 103077 single-camera (0 observations arrived too late to count)
[II] HMD obs quality: full(strong+ids) 300 ids-verified 0 strong 0 prior-agree 0 reacquire 0 rejected 0 | flags: led-ids 300 strong 300
[II] frame-timing WMTD306Q701DEK: 300 frames, 0 missed exposure, diff avg -0.94 min -3.98 max 1.73 ms
[II] HMD obs quality: full(strong+ids) 300 ids-verified 0 strong 0 prior-agree 0 reacquire 0 rejected 0 | flags: led-ids 300 strong 300
[WW] Exposure timestamp 3419919104 was more than 1.5 IMU samples earlier than IMU ts 3419920644 by 1540 µS
[II] frame-timing WMTD3052400VZL: 300 frames, 0 missed exposure, diff avg -0.93 min -3.80 max 1.71 ms
[II] Device 0: joint reconstruction 103201 solved, 2 rejected, 103377 single-camera (0 observations arrived too late to count)
[II] HMD obs quality: full(strong+ids) 300 ids-verified 0 strong 0 prior-agree 0 reacquire 0 rejected 0 | flags: led-ids 300 strong 300
[II] frame-timing WMTD306Q701DEK: 300 frames, 0 missed exposure, diff avg -0.90 min -4.05 max 1.46 ms
[II] HMD obs quality: full(strong+ids) 300 ids-verified 0 strong 0 prior-agree 0 reacquire 0 rejected 0 | flags: led-ids 300 strong 300
[WW] Exposure timestamp 3425256704 was more than 1.5 IMU samples earlier than IMU ts 3425258373 by 1669 µS
[II] frame-timing WMTD3052400VZL: 300 frames, 0 missed exposure, diff avg -0.90 min -3.82 max 1.64 ms
[II] Device 0: joint reconstruction 103501 solved, 2 rejected, 103677 single-camera (0 observations arrived too late to count)
[II] HMD obs quality: full(strong+ids) 300 ids-verified 0 strong 0 prior-agree 0 reacquire 0 rejected 0 | flags: led-ids 300 strong 300
[II] frame-timing WMTD306Q701DEK: 300 frames, 0 missed exposure, diff avg -0.87 min -3.87 max 1.65 ms
[II] HMD obs quality: full(strong+ids) 300 ids-verified 0 strong 0 prior-agree 0 reacquire 0 rejected 0 | flags: led-ids 300 strong 300
[II] frame-timing WMTD3052400VZL: 300 frames, 0 missed exposure, diff avg -0.85 min -3.90 max 1.78 ms
[II] Device 0: joint reconstruction 103801 solved, 2 rejected, 103977 single-camera (0 observations arrived too late to count)
[II] HMD obs quality: full(strong+ids) 300 ids-verified 0 strong 0 prior-agree 0 reacquire 0 rejected 0 | flags: led-ids 300 strong 300
[II] frame-timing WMTD306Q701DEK: 300 frames, 0 missed exposure, diff avg -0.92 min -4.09 max 1.39 ms
[II] HMD obs quality: full(strong+ids) 300 ids-verified 0 strong 0 prior-agree 0 reacquire 0 rejected 0 | flags: led-ids 300 strong 300
[II] frame-timing WMTD3052400VZL: 300 frames, 0 missed exposure, diff avg -0.89 min -3.37 max 2.01 ms
[II] Device 0: joint reconstruction 104101 solved, 2 rejected, 104277 single-camera (0 observations arrived too late to count)
[II] HMD obs quality: full(strong+ids) 300 ids-verified 0 strong 0 prior-agree 0 reacquire 0 rejected 0 | flags: led-ids 300 strong 300
[II] frame-timing WMTD306Q701DEK: 300 frames, 0 missed exposure, diff avg -0.85 min -3.08 max 1.39 ms
[II] HMD obs quality: full(strong+ids) 300 ids-verified 0 strong 0 prior-agree 0 reacquire 0 rejected 0 | flags: led-ids 300 strong 300
[II] frame-timing WMTD3052400VZL: 300 frames, 0 missed exposure, diff avg -0.87 min -3.47 max 1.45 ms
[WW] Exposure timestamp 3443419904 was more than 1.5 IMU samples earlier than IMU ts 3443421487 by 1583 µS
[II] Device 0: joint reconstruction 104401 solved, 2 rejected, 104577 single-camera (0 observations arrived too late to count)
[II] HMD obs quality: full(strong+ids) 300 ids-verified 0 strong 0 prior-agree 0 reacquire 0 rejected 0 | flags: led-ids 300 strong 300
[II] frame-timing WMTD306Q701DEK: 300 frames, 0 missed exposure, diff avg -0.90 min -3.91 max 1.64 ms
[II] HMD obs quality: full(strong+ids) 300 ids-verified 0 strong 0 prior-agree 0 reacquire 0 rejected 0 | flags: led-ids 300 strong 300
[II] frame-timing WMTD3052400VZL: 300 frames, 0 missed exposure, diff avg -0.89 min -3.89 max 1.74 ms
[II] Device 0: joint reconstruction 104701 solved, 2 rejected, 104877 single-camera (0 observations arrived too late to count)
[II] HMD obs quality: full(strong+ids) 300 ids-verified 0 strong 0 prior-agree 0 reacquire 0 rejected 0 | flags: led-ids 300 strong 300
[WW] Exposure timestamp 3452232704 was more than 1.5 IMU samples earlier than IMU ts 3452234559 by 1855 µS
[II] frame-timing WMTD306Q701DEK: 300 frames, 0 missed exposure, diff avg -0.91 min -3.79 max 1.55 ms
[II] HMD obs quality: full(strong+ids) 300 ids-verified 0 strong 0 prior-agree 0 reacquire 0 rejected 0 | flags: led-ids 300 strong 300
[WW] Exposure timestamp 3454440704 was more than 1.5 IMU samples earlier than IMU ts 3454442586 by 1882 µS
[II] frame-timing WMTD3052400VZL: 300 frames, 0 missed exposure, diff avg -0.92 min -4.02 max 1.78 ms
[II] Device 0: joint reconstruction 105001 solved, 2 rejected, 105177 single-camera (0 observations arrived too late to count)
[II] HMD obs quality: full(strong+ids) 300 ids-verified 0 strong 0 prior-agree 0 reacquire 0 rejected 0 | flags: led-ids 300 strong 300
[II] frame-timing WMTD306Q701DEK: 300 frames, 0 missed exposure, diff avg -0.86 min -4.02 max 1.53 ms
[II] HMD obs quality: full(strong+ids) 300 ids-verified 0 strong 0 prior-agree 0 reacquire 0 rejected 0 | flags: led-ids 300 strong 300
[II] frame-timing WMTD3052400VZL: 300 frames, 0 missed exposure, diff avg -0.83 min -4.35 max 2.06 ms
[II] Device 0: joint reconstruction 105301 solved, 2 rejected, 105477 single-camera (0 observations arrived too late to count)
[II] HMD obs quality: full(strong+ids) 300 ids-verified 0 strong 0 prior-agree 0 reacquire 0 rejected 0 | flags: led-ids 300 strong 300
[II] frame-timing WMTD306Q701DEK: 300 frames, 0 missed exposure, diff avg -0.90 min -4.13 max 1.43 ms
[II] HMD obs quality: full(strong+ids) 300 ids-verified 0 strong 0 prior-agree 0 reacquire 0 rejected 0 | flags: led-ids 300 strong 300
[II] frame-timing WMTD3052400VZL: 300 frames, 0 missed exposure, diff avg -0.89 min -4.04 max 1.61 ms
[II] Device 0: joint reconstruction 105601 solved, 2 rejected, 105777 single-camera (0 observations arrived too late to count)
[II] HMD obs quality: full(strong+ids) 300 ids-verified 0 strong 0 prior-agree 0 reacquire 0 rejected 0 | flags: led-ids 300 strong 300
[II] frame-timing WMTD306Q701DEK: 300 frames, 0 missed exposure, diff avg -0.85 min -3.81 max 1.74 ms
[II] HMD obs quality: full(strong+ids) 300 ids-verified 0 strong 0 prior-agree 0 reacquire 0 rejected 0 | flags: led-ids 300 strong 300
[II] frame-timing WMTD3052400VZL: 300 frames, 0 missed exposure, diff avg -0.87 min -3.47 max 1.83 ms
[II] Device 0: joint reconstruction 105901 solved, 2 rejected, 106077 single-camera (0 observations arrived too late to count)
[II] HMD obs quality: full(strong+ids) 300 ids-verified 0 strong 0 prior-agree 0 reacquire 0 rejected 0 | flags: led-ids 300 strong 300
[II] frame-timing WMTD306Q701DEK: 300 frames, 0 missed exposure, diff avg -0.88 min -3.57 max 1.52 ms
[II] HMD obs quality: full(strong+ids) 300 ids-verified 0 strong 0 prior-agree 0 reacquire 0 rejected 0 | flags: led-ids 300 strong 300
[II] frame-timing WMTD3052400VZL: 300 frames, 0 missed exposure, diff avg -0.89 min -4.53 max 1.56 ms
[II] Device 0: joint reconstruction 106201 solved, 2 rejected, 106377 single-camera (0 observations arrived too late to count)
[II] HMD obs quality: full(strong+ids) 300 ids-verified 0 strong 0 prior-agree 0 reacquire 0 rejected 0 | flags: led-ids 300 strong 300
[II] frame-timing WMTD306Q701DEK: 300 frames, 0 missed exposure, diff avg -0.86 min -4.19 max 2.02 ms
[II] HMD obs quality: full(strong+ids) 300 ids-verified 0 strong 0 prior-agree 0 reacquire 0 rejected 0 | flags: led-ids 300 strong 300
[II] frame-timing WMTD3052400VZL: 300 frames, 0 missed exposure, diff avg -0.82 min -4.30 max 1.54 ms
[II] Device 0: joint reconstruction 106501 solved, 2 rejected, 106677 single-camera (0 observations arrived too late to count)
[II] HMD obs quality: full(strong+ids) 300 ids-verified 0 strong 0 prior-agree 0 reacquire 0 rejected 0 | flags: led-ids 300 strong 300
[II] frame-timing WMTD306Q701DEK: 300 frames, 0 missed exposure, diff avg -0.84 min -2.96 max 1.89 ms
[II] HMD obs quality: full(strong+ids) 300 ids-verified 0 strong 0 prior-agree 0 reacquire 0 rejected 0 | flags: led-ids 300 strong 300
[II] frame-timing WMTD3052400VZL: 300 frames, 0 missed exposure, diff avg -0.85 min -3.54 max 1.48 ms
[II] Device 0: joint reconstruction 106801 solved, 2 rejected, 106977 single-camera (0 observations arrived too late to count)
[WW] Exposure timestamp 3491112704 was more than 1.5 IMU samples earlier than IMU ts 3491114493 by 1789 µS
[II] HMD obs quality: full(strong+ids) 300 ids-verified 0 strong 0 prior-agree 0 reacquire 0 rejected 0 | flags: led-ids 300 strong 300
[II] frame-timing WMTD306Q701DEK: 300 frames, 0 missed exposure, diff avg -0.88 min -3.83 max 1.66 ms
[II] HMD obs quality: full(strong+ids) 300 ids-verified 0 strong 0 prior-agree 0 reacquire 0 rejected 0 | flags: led-ids 300 strong 300
[II] frame-timing WMTD3052400VZL: 300 frames, 0 missed exposure, diff avg -0.89 min -3.58 max 1.70 ms
[II] Device 0: joint reconstruction 107101 solved, 2 rejected, 107277 single-camera (0 observations arrived too late to count)
[II] HMD obs quality: full(strong+ids) 300 ids-verified 0 strong 0 prior-agree 0 reacquire 0 rejected 0 | flags: led-ids 300 strong 300
[II] frame-timing WMTD306Q701DEK: 300 frames, 0 missed exposure, diff avg -0.89 min -3.90 max 1.67 ms
[II] HMD obs quality: full(strong+ids) 300 ids-verified 0 strong 0 prior-agree 0 reacquire 0 rejected 0 | flags: led-ids 300 strong 300
[II] frame-timing WMTD3052400VZL: 300 frames, 0 missed exposure, diff avg -0.86 min -3.92 max 1.78 ms
[II] Device 0: joint reconstruction 107401 solved, 2 rejected, 107577 single-camera (0 observations arrived too late to count)
[II] HMD obs quality: full(strong+ids) 300 ids-verified 0 strong 0 prior-agree 0 reacquire 0 rejected 0 | flags: led-ids 300 strong 300
[WW] Exposure timestamp 3503112704 was more than 1.5 IMU samples earlier than IMU ts 3503114396 by 1692 µS
[II] frame-timing WMTD306Q701DEK: 300 frames, 0 missed exposure, diff avg -0.85 min -4.21 max 1.56 ms
[II] HMD obs quality: full(strong+ids) 300 ids-verified 0 strong 0 prior-agree 0 reacquire 0 rejected 0 | flags: led-ids 300 strong 300
[II] frame-timing WMTD3052400VZL: 300 frames, 0 missed exposure, diff avg -0.84 min -4.00 max 1.33 ms
[II] Device 0: joint reconstruction 107701 solved, 2 rejected, 107877 single-camera (0 observations arrived too late to count)
[II] HMD obs quality: full(strong+ids) 300 ids-verified 0 strong 0 prior-agree 0 reacquire 0 rejected 0 | flags: led-ids 300 strong 300
[II] frame-timing WMTD306Q701DEK: 300 frames, 0 missed exposure, diff avg -0.85 min -3.80 max 1.52 ms
[II] HMD obs quality: full(strong+ids) 300 ids-verified 0 strong 0 prior-agree 0 reacquire 0 rejected 0 | flags: led-ids 300 strong 300
[II] frame-timing WMTD3052400VZL: 300 frames, 0 missed exposure, diff avg -0.86 min -3.40 max 1.60 ms
[II] Device 0: joint reconstruction 108001 solved, 2 rejected, 108177 single-camera (0 observations arrived too late to count)
[II] HMD obs quality: full(strong+ids) 300 ids-verified 0 strong 0 prior-agree 0 reacquire 0 rejected 0 | flags: led-ids 300 strong 300
[II] frame-timing WMTD306Q701DEK: 300 frames, 0 missed exposure, diff avg -0.86 min -3.89 max 1.42 ms
[II] HMD obs quality: full(strong+ids) 300 ids-verified 0 strong 0 prior-agree 0 reacquire 0 rejected 0 | flags: led-ids 300 strong 300
[II] frame-timing WMTD3052400VZL: 300 frames, 0 missed exposure, diff avg -0.88 min -3.80 max 1.75 ms
[II] Device 0: joint reconstruction 108301 solved, 2 rejected, 108477 single-camera (0 observations arrived too late to count)
[WW] Exposure timestamp 3520104704 was more than 1.5 IMU samples earlier than IMU ts 3520106420 by 1716 µS
[II] HMD obs quality: full(strong+ids) 300 ids-verified 0 strong 0 prior-agree 0 reacquire 0 rejected 0 | flags: led-ids 300 strong 300
[WW] Exposure timestamp 3521160704 was more than 1.5 IMU samples earlier than IMU ts 3521162349 by 1645 µS
[II] frame-timing WMTD306Q701DEK: 300 frames, 0 missed exposure, diff avg -0.88 min -3.91 max 1.62 ms
[II] HMD obs quality: full(strong+ids) 300 ids-verified 0 strong 0 prior-agree 0 reacquire 0 rejected 0 | flags: led-ids 300 strong 300
[II] frame-timing WMTD3052400VZL: 300 frames, 0 missed exposure, diff avg -0.87 min -3.89 max 1.72 ms
[II] Device 0: joint reconstruction 108601 solved, 2 rejected, 108777 single-camera (0 observations arrived too late to count)
[II] HMD obs quality: full(strong+ids) 300 ids-verified 0 strong 0 prior-agree 0 reacquire 0 rejected 0 | flags: led-ids 300 strong 300
[WW] Exposure timestamp 3526747904 was more than 1.5 IMU samples earlier than IMU ts 3526749552 by 1648 µS
[WW] Exposure timestamp 3527880704 was more than 1.5 IMU samples earlier than IMU ts 3527882621 by 1917 µS
[II] frame-timing WMTD306Q701DEK: 300 frames, 0 missed exposure, diff avg -0.91 min -3.70 max 1.39 ms
[II] HMD obs quality: full(strong+ids) 300 ids-verified 0 strong 0 prior-agree 0 reacquire 0 rejected 0 | flags: led-ids 300 strong 300
[WW] Exposure timestamp 3528955904 was more than 1.5 IMU samples earlier than IMU ts 3528958586 by 2682 µS
[II] frame-timing WMTD3052400VZL: 300 frames, 0 missed exposure, diff avg -0.89 min -3.81 max 1.42 ms
[II] Device 0: joint reconstruction 108901 solved, 2 rejected, 109077 single-camera (0 observations arrived too late to count)
[II] HMD obs quality: full(strong+ids) 300 ids-verified 0 strong 0 prior-agree 0 reacquire 0 rejected 0 | flags: led-ids 300 strong 300
[II] frame-timing WMTD306Q701DEK: 300 frames, 0 missed exposure, diff avg -0.91 min -3.84 max 1.48 ms
[II] HMD obs quality: full(strong+ids) 300 ids-verified 0 strong 0 prior-agree 0 reacquire 0 rejected 0 | flags: led-ids 300 strong 300
[II] frame-timing WMTD3052400VZL: 300 frames, 0 missed exposure, diff avg -0.91 min -3.55 max 1.65 ms
[II] Device 0: joint reconstruction 109201 solved, 2 rejected, 109377 single-camera (0 observations arrived too late to count)
[II] HMD obs quality: full(strong+ids) 300 ids-verified 0 strong 0 prior-agree 0 reacquire 0 rejected 0 | flags: led-ids 300 strong 300
[II] frame-timing WMTD306Q701DEK: 300 frames, 0 missed exposure, diff avg -0.88 min -3.75 max 1.66 ms
[II] HMD obs quality: full(strong+ids) 300 ids-verified 0 strong 0 prior-agree 0 reacquire 0 rejected 0 | flags: led-ids 300 strong 300
[II] frame-timing WMTD3052400VZL: 300 frames, 0 missed exposure, diff avg -0.89 min -3.48 max 1.69 ms
[II] Device 0: joint reconstruction 109501 solved, 2 rejected, 109677 single-camera (0 observations arrived too late to count)
[II] HMD obs quality: full(strong+ids) 300 ids-verified 0 strong 0 prior-agree 0 reacquire 0 rejected 0 | flags: led-ids 300 strong 300
[II] frame-timing WMTD306Q701DEK: 300 frames, 0 missed exposure, diff avg -0.90 min -3.66 max 1.44 ms
[WW] Exposure timestamp 3546159104 was more than 1.5 IMU samples earlier than IMU ts 3546161008 by 1904 µS
[II] HMD obs quality: full(strong+ids) 300 ids-verified 0 strong 0 prior-agree 0 reacquire 0 rejected 0 | flags: led-ids 300 strong 300
[II] frame-timing WMTD3052400VZL: 300 frames, 0 missed exposure, diff avg -0.90 min -3.44 max 1.43 ms
[II] Device 0: joint reconstruction 109801 solved, 2 rejected, 109977 single-camera (0 observations arrived too late to count)
[II] HMD obs quality: full(strong+ids) 300 ids-verified 0 strong 0 prior-agree 0 reacquire 0 rejected 0 | flags: led-ids 300 strong 300
[II] frame-timing WMTD306Q701DEK: 300 frames, 0 missed exposure, diff avg -0.87 min -3.15 max 1.91 ms
[II] HMD obs quality: full(strong+ids) 300 ids-verified 0 strong 0 prior-agree 0 reacquire 0 rejected 0 | flags: led-ids 300 strong 300
[II] frame-timing WMTD3052400VZL: 300 frames, 0 missed exposure, diff avg -0.85 min -3.62 max 1.95 ms
[II] Device 0: joint reconstruction 110101 solved, 2 rejected, 110277 single-camera (0 observations arrived too late to count)
[II] HMD obs quality: full(strong+ids) 300 ids-verified 0 strong 0 prior-agree 0 reacquire 0 rejected 0 | flags: led-ids 300 strong 300
[WW] Exposure timestamp 3555355904 was more than 1.5 IMU samples earlier than IMU ts 3555357811 by 1907 µS
[II] frame-timing WMTD306Q701DEK: 300 frames, 0 missed exposure, diff avg -0.94 min -3.95 max 1.66 ms
[II] HMD obs quality: full(strong+ids) 300 ids-verified 0 strong 0 prior-agree 0 reacquire 0 rejected 0 | flags: led-ids 300 strong 300
[II] frame-timing WMTD3052400VZL: 300 frames, 0 missed exposure, diff avg -0.89 min -4.11 max 1.67 ms
[II] Device 0: joint reconstruction 110401 solved, 2 rejected, 110577 single-camera (0 observations arrived too late to count)
[II] HMD obs quality: full(strong+ids) 300 ids-verified 0 strong 0 prior-agree 0 reacquire 0 rejected 0 | flags: led-ids 300 strong 300
[II] frame-timing WMTD306Q701DEK: 300 frames, 0 missed exposure, diff avg -0.82 min -2.89 max 1.52 ms
[II] HMD obs quality: full(strong+ids) 300 ids-verified 0 strong 0 prior-agree 0 reacquire 0 rejected 0 | flags: led-ids 300 strong 300
[II] frame-timing WMTD3052400VZL: 300 frames, 0 missed exposure, diff avg -0.84 min -3.04 max 1.59 ms
[II] Device 0: joint reconstruction 110701 solved, 2 rejected, 110877 single-camera (0 observations arrived too late to count)
[II] HMD obs quality: full(strong+ids) 300 ids-verified 0 strong 0 prior-agree 0 reacquire 0 rejected 0 | flags: led-ids 300 strong 300
[II] frame-timing WMTD306Q701DEK: 300 frames, 0 missed exposure, diff avg -0.84 min -3.87 max 1.67 ms
[II] HMD obs quality: full(strong+ids) 300 ids-verified 0 strong 0 prior-agree 0 reacquire 0 rejected 0 | flags: led-ids 300 strong 300
[WW] Exposure timestamp 3569448704 was more than 1.5 IMU samples earlier than IMU ts 3569450562 by 1858 µS
[II] frame-timing WMTD3052400VZL: 300 frames, 0 missed exposure, diff avg -0.78 min -3.81 max 1.79 ms
[II] Device 0: joint reconstruction 111001 solved, 2 rejected, 111177 single-camera (0 observations arrived too late to count)
[II] HMD obs quality: full(strong+ids) 300 ids-verified 0 strong 0 prior-agree 0 reacquire 0 rejected 0 | flags: led-ids 300 strong 300
[II] frame-timing WMTD306Q701DEK: 300 frames, 0 missed exposure, diff avg -0.85 min -3.69 max 1.90 ms
[II] HMD obs quality: full(strong+ids) 300 ids-verified 0 strong 0 prior-agree 0 reacquire 0 rejected 0 | flags: led-ids 300 strong 300
[II] frame-timing WMTD3052400VZL: 300 frames, 0 missed exposure, diff avg -0.87 min -3.79 max 1.82 ms
[II] Device 0: joint reconstruction 111301 solved, 2 rejected, 111477 single-camera (0 observations arrived too late to count)
[II] HMD obs quality: full(strong+ids) 300 ids-verified 0 strong 0 prior-agree 0 reacquire 0 rejected 0 | flags: led-ids 300 strong 300
[WW] Exposure timestamp 3578875904 was more than 1.5 IMU samples earlier than IMU ts 3578877792 by 1888 µS
[II] frame-timing WMTD306Q701DEK: 300 frames, 0 missed exposure, diff avg -0.83 min -4.04 max 1.84 ms
[II] HMD obs quality: full(strong+ids) 300 ids-verified 0 strong 0 prior-agree 0 reacquire 0 rejected 0 | flags: led-ids 300 strong 300
[II] frame-timing WMTD3052400VZL: 300 frames, 0 missed exposure, diff avg -0.87 min -3.75 max 1.69 ms
[II] Device 0: joint reconstruction 111601 solved, 2 rejected, 111777 single-camera (0 observations arrived too late to count)
[II] HMD obs quality: full(strong+ids) 300 ids-verified 0 strong 0 prior-agree 0 reacquire 0 rejected 0 | flags: led-ids 300 strong 300
[II] frame-timing WMTD306Q701DEK: 300 frames, 0 missed exposure, diff avg -0.84 min -3.57 max 1.58 ms
[II] HMD obs quality: full(strong+ids) 300 ids-verified 0 strong 0 prior-agree 0 reacquire 0 rejected 0 | flags: led-ids 300 strong 300
[II] frame-timing WMTD3052400VZL: 300 frames, 0 missed exposure, diff avg -0.86 min -3.96 max 1.36 ms
[II] Device 0: joint reconstruction 111901 solved, 2 rejected, 112077 single-camera (0 observations arrived too late to count)
[WW] Exposure timestamp 3589032704 was more than 1.5 IMU samples earlier than IMU ts 3589034357 by 1653 µS
[II] HMD obs quality: full(strong+ids) 300 ids-verified 0 strong 0 prior-agree 0 reacquire 0 rejected 0 | flags: led-ids 300 strong 300
[WW] Exposure timestamp 3589973504 was more than 1.5 IMU samples earlier than IMU ts 3589975077 by 1573 µS
[WW] Exposure timestamp 3591720704 was more than 1.5 IMU samples earlier than IMU ts 3591722271 by 1567 µS
[II] frame-timing WMTD306Q701DEK: 300 frames, 0 missed exposure, diff avg -0.89 min -4.36 max 1.50 ms
[II] HMD obs quality: full(strong+ids) 300 ids-verified 0 strong 0 prior-agree 0 reacquire 0 rejected 0 | flags: led-ids 300 strong 300
[II] frame-timing WMTD3052400VZL: 300 frames, 0 missed exposure, diff avg -0.87 min -4.57 max 1.70 ms
[II] Device 0: joint reconstruction 112201 solved, 2 rejected, 112377 single-camera (0 observations arrived too late to count)
[II] HMD obs quality: full(strong+ids) 300 ids-verified 0 strong 0 prior-agree 0 reacquire 0 rejected 0 | flags: led-ids 300 strong 300
[II] frame-timing WMTD306Q701DEK: 300 frames, 0 missed exposure, diff avg -0.87 min -3.50 max 1.88 ms
[II] HMD obs quality: full(strong+ids) 300 ids-verified 0 strong 0 prior-agree 0 reacquire 0 rejected 0 | flags: led-ids 300 strong 300
[WW] Exposure timestamp 3598459904 was more than 1.5 IMU samples earlier than IMU ts 3598461592 by 1688 µS
[II] frame-timing WMTD3052400VZL: 300 frames, 0 missed exposure, diff avg -0.87 min -3.68 max 1.60 ms
[II] Device 0: joint reconstruction 112501 solved, 2 rejected, 112677 single-camera (0 observations arrived too late to count)
[II] HMD obs quality: full(strong+ids) 300 ids-verified 0 strong 0 prior-agree 0 reacquire 0 rejected 0 | flags: led-ids 300 strong 300
[II] frame-timing WMTD306Q701DEK: 300 frames, 0 missed exposure, diff avg -0.91 min -4.60 max 1.52 ms
[II] HMD obs quality: full(strong+ids) 300 ids-verified 0 strong 0 prior-agree 0 reacquire 0 rejected 0 | flags: led-ids 300 strong 300
[II] frame-timing WMTD3052400VZL: 300 frames, 0 missed exposure, diff avg -0.90 min -4.59 max 1.92 ms
[II] Device 0: joint reconstruction 112801 solved, 2 rejected, 112977 single-camera (0 observations arrived too late to count)
[II] HMD obs quality: full(strong+ids) 300 ids-verified 0 strong 0 prior-agree 0 reacquire 0 rejected 0 | flags: led-ids 300 strong 300
[WW] Exposure timestamp 3607656704 was more than 1.5 IMU samples earlier than IMU ts 3607658408 by 1704 µS
[WW] Exposure timestamp 3608923904 was more than 1.5 IMU samples earlier than IMU ts 3608925725 by 1821 µS
[II] frame-timing WMTD306Q701DEK: 300 frames, 0 missed exposure, diff avg -0.90 min -3.47 max 1.99 ms
[II] HMD obs quality: full(strong+ids) 300 ids-verified 0 strong 0 prior-agree 0 reacquire 0 rejected 0 | flags: led-ids 300 strong 300
[II] frame-timing WMTD3052400VZL: 300 frames, 0 missed exposure, diff avg -0.93 min -3.56 max 1.80 ms
[II] Device 0: joint reconstruction 113101 solved, 2 rejected, 113277 single-camera (0 observations arrived too late to count)
[II] HMD obs quality: full(strong+ids) 300 ids-verified 0 strong 0 prior-agree 0 reacquire 0 rejected 0 | flags: led-ids 300 strong 300
[WW] Exposure timestamp 3613128704 was more than 1.5 IMU samples earlier than IMU ts 3613130414 by 1710 µS
[II] frame-timing WMTD306Q701DEK: 300 frames, 0 missed exposure, diff avg -0.88 min -3.69 max 1.97 ms
[II] HMD obs quality: full(strong+ids) 300 ids-verified 0 strong 0 prior-agree 0 reacquire 0 rejected 0 | flags: led-ids 300 strong 300
[WW] Exposure timestamp 3615931904 was more than 1.5 IMU samples earlier than IMU ts 3615933541 by 1637 µS
[II] frame-timing WMTD3052400VZL: 300 frames, 0 missed exposure, diff avg -0.83 min -3.33 max 1.91 ms
[II] Device 0: joint reconstruction 113401 solved, 2 rejected, 113577 single-camera (0 observations arrived too late to count)
[II] HMD obs quality: full(strong+ids) 300 ids-verified 0 strong 0 prior-agree 0 reacquire 0 rejected 0 | flags: led-ids 300 strong 300
[II] frame-timing WMTD306Q701DEK: 300 frames, 0 missed exposure, diff avg -0.88 min -3.66 max 1.63 ms
[II] HMD obs quality: full(strong+ids) 300 ids-verified 0 strong 0 prior-agree 0 reacquire 0 rejected 0 | flags: led-ids 300 strong 300
[II] frame-timing WMTD3052400VZL: 300 frames, 0 missed exposure, diff avg -0.85 min -4.12 max 1.90 ms
[II] Device 0: joint reconstruction 113701 solved, 2 rejected, 113877 single-camera (0 observations arrived too late to count)
[II] HMD obs quality: full(strong+ids) 300 ids-verified 0 strong 0 prior-agree 0 reacquire 0 rejected 0 | flags: led-ids 300 strong 300
[II] frame-timing WMTD306Q701DEK: 300 frames, 0 missed exposure, diff avg -0.84 min -4.25 max 1.35 ms
[II] HMD obs quality: full(strong+ids) 300 ids-verified 0 strong 0 prior-agree 0 reacquire 0 rejected 0 | flags: led-ids 300 strong 300
[II] frame-timing WMTD3052400VZL: 300 frames, 0 missed exposure, diff avg -0.88 min -4.47 max 1.86 ms
[II] Device 0: joint reconstruction 114001 solved, 2 rejected, 114177 single-camera (0 observations arrived too late to count)
[II] HMD obs quality: full(strong+ids) 300 ids-verified 0 strong 0 prior-agree 0 reacquire 0 rejected 0 | flags: led-ids 300 strong 300
[II] frame-timing WMTD306Q701DEK: 300 frames, 0 missed exposure, diff avg -0.88 min -3.95 max 1.61 ms
[II] HMD obs quality: full(strong+ids) 300 ids-verified 0 strong 0 prior-agree 0 reacquire 0 rejected 0 | flags: led-ids 300 strong 300
[II] frame-timing WMTD3052400VZL: 300 frames, 0 missed exposure, diff avg -0.87 min -3.70 max 1.70 ms
[II] Device 0: joint reconstruction 114301 solved, 2 rejected, 114477 single-camera (0 observations arrived too late to count)
[II] HMD obs quality: full(strong+ids) 300 ids-verified 0 strong 0 prior-agree 0 reacquire 0 rejected 0 | flags: led-ids 300 strong 300
[WW] Exposure timestamp 3636303104 was more than 1.5 IMU samples earlier than IMU ts 3636304801 by 1697 µS
[WW] Exposure timestamp 3636994304 was more than 1.5 IMU samples earlier than IMU ts 3636996066 by 1762 µS
[II] frame-timing WMTD306Q701DEK: 300 frames, 0 missed exposure, diff avg -0.85 min -3.90 max 1.50 ms
[WW] Exposure timestamp 3638050304 was more than 1.5 IMU samples earlier than IMU ts 3638051998 by 1694 µS
[II] HMD obs quality: full(strong+ids) 300 ids-verified 0 strong 0 prior-agree 0 reacquire 0 rejected 0 | flags: led-ids 300 strong 300
[II] frame-timing WMTD3052400VZL: 300 frames, 0 missed exposure, diff avg -0.86 min -3.38 max 1.55 ms
[WW] Exposure timestamp 3639874304 was more than 1.5 IMU samples earlier than IMU ts 3639876335 by 2031 µS
[II] Device 0: joint reconstruction 114601 solved, 2 rejected, 114777 single-camera (0 observations arrived too late to count)
[II] HMD obs quality: full(strong+ids) 300 ids-verified 0 strong 0 prior-agree 0 reacquire 0 rejected 0 | flags: led-ids 300 strong 300
[II] frame-timing WMTD306Q701DEK: 300 frames, 0 missed exposure, diff avg -0.91 min -3.49 max 1.80 ms
[II] HMD obs quality: full(strong+ids) 300 ids-verified 0 strong 0 prior-agree 0 reacquire 0 rejected 0 | flags: led-ids 300 strong 300
[II] frame-timing WMTD3052400VZL: 300 frames, 0 missed exposure, diff avg -0.88 min -3.95 max 1.78 ms
[WW] Exposure timestamp 3645499904 was more than 1.5 IMU samples earlier than IMU ts 3645501627 by 1723 µS
[II] Device 0: joint reconstruction 114901 solved, 2 rejected, 115077 single-camera (0 observations arrived too late to count)
[WW] Exposure timestamp 3646056704 was more than 1.5 IMU samples earlier than IMU ts 3646058647 by 1943 µS
[WW] Exposure timestamp 3646671104 was more than 1.5 IMU samples earlier than IMU ts 3646672769 by 1665 µS
[II] HMD obs quality: full(strong+ids) 300 ids-verified 0 strong 0 prior-agree 0 reacquire 0 rejected 0 | flags: led-ids 300 strong 300
[WW] Exposure timestamp 3647247104 was more than 1.5 IMU samples earlier than IMU ts 3647248823 by 1719 µS
[WW] Exposure timestamp 3648072704 was more than 1.5 IMU samples earlier than IMU ts 3648074334 by 1630 µS
[WW] Exposure timestamp 3648303104 was more than 1.5 IMU samples earlier than IMU ts 3648304755 by 1651 µS
[II] frame-timing WMTD306Q701DEK: 300 frames, 0 missed exposure, diff avg -0.94 min -4.51 max 1.68 ms
[II] HMD obs quality: full(strong+ids) 300 ids-verified 0 strong 0 prior-agree 0 reacquire 0 rejected 0 | flags: led-ids 300 strong 300
[II] frame-timing WMTD3052400VZL: 300 frames, 0 missed exposure, diff avg -0.94 min -3.95 max 1.61 ms
[II] Device 0: joint reconstruction 115201 solved, 2 rejected, 115377 single-camera (0 observations arrived too late to count)
[II] HMD obs quality: full(strong+ids) 300 ids-verified 0 strong 0 prior-agree 0 reacquire 0 rejected 0 | flags: led-ids 300 strong 300
[WW] Exposure timestamp 3655176704 was more than 1.5 IMU samples earlier than IMU ts 3655178332 by 1628 µS
[II] frame-timing WMTD306Q701DEK: 300 frames, 0 missed exposure, diff avg -0.84 min -3.31 max 1.63 ms
[II] HMD obs quality: full(strong+ids) 300 ids-verified 0 strong 0 prior-agree 0 reacquire 0 rejected 0 | flags: led-ids 300 strong 300
[II] frame-timing WMTD3052400VZL: 300 frames, 0 missed exposure, diff avg -0.86 min -3.46 max 1.54 ms
[II] Device 0: joint reconstruction 115501 solved, 2 rejected, 115677 single-camera (0 observations arrived too late to count)
[II] HMD obs quality: full(strong+ids) 300 ids-verified 0 strong 0 prior-agree 0 reacquire 0 rejected 0 | flags: led-ids 300 strong 300
[II] frame-timing WMTD306Q701DEK: 300 frames, 0 missed exposure, diff avg -0.87 min -4.52 max 1.54 ms
[WW] Exposure timestamp 3661224704 was more than 1.5 IMU samples earlier than IMU ts 3661226399 by 1695 µS
[II] HMD obs quality: full(strong+ids) 300 ids-verified 0 strong 0 prior-agree 0 reacquire 0 rejected 0 | flags: led-ids 300 strong 300
[II] frame-timing WMTD3052400VZL: 300 frames, 0 missed exposure, diff avg -0.87 min -3.22 max 1.83 ms
[II] Device 0: joint reconstruction 115801 solved, 2 rejected, 115977 single-camera (0 observations arrived too late to count)
[WW] Exposure timestamp 3663451904 was more than 1.5 IMU samples earlier than IMU ts 3663453474 by 1570 µS
[II] HMD obs quality: full(strong+ids) 300 ids-verified 0 strong 0 prior-agree 0 reacquire 0 rejected 0 | flags: led-ids 300 strong 300
[II] frame-timing WMTD306Q701DEK: 300 frames, 0 missed exposure, diff avg -0.88 min -3.43 max 1.92 ms
[II] HMD obs quality: full(strong+ids) 300 ids-verified 0 strong 0 prior-agree 0 reacquire 0 rejected 0 | flags: led-ids 300 strong 300
[WW] Exposure timestamp 3667407104 was more than 1.5 IMU samples earlier than IMU ts 3667408763 by 1659 µS
[II] frame-timing WMTD3052400VZL: 300 frames, 0 missed exposure, diff avg -0.83 min -3.19 max 1.67 ms
[II] Device 0: joint reconstruction 116101 solved, 2 rejected, 116277 single-camera (0 observations arrived too late to count)
[II] HMD obs quality: full(strong+ids) 300 ids-verified 0 strong 0 prior-agree 0 reacquire 0 rejected 0 | flags: led-ids 300 strong 300
[II] frame-timing WMTD306Q701DEK: 300 frames, 0 missed exposure, diff avg -0.84 min -3.67 max 1.92 ms
[II] HMD obs quality: full(strong+ids) 300 ids-verified 0 strong 0 prior-agree 0 reacquire 0 rejected 0 | flags: led-ids 300 strong 300
[II] frame-timing WMTD3052400VZL: 300 frames, 0 missed exposure, diff avg -0.89 min -3.96 max 1.49 ms
[II] Device 0: joint reconstruction 116401 solved, 2 rejected, 116577 single-camera (0 observations arrived too late to count)
[II] HMD obs quality: full(strong+ids) 300 ids-verified 0 strong 0 prior-agree 0 reacquire 0 rejected 0 | flags: led-ids 300 strong 300
[WW] Exposure timestamp 3678120704 was more than 1.5 IMU samples earlier than IMU ts 3678122321 by 1617 µS
[II] frame-timing WMTD306Q701DEK: 300 frames, 0 missed exposure, diff avg -0.94 min -3.90 max 1.73 ms
[II] HMD obs quality: full(strong+ids) 300 ids-verified 0 strong 0 prior-agree 0 reacquire 0 rejected 0 | flags: led-ids 300 strong 300
[II] frame-timing WMTD3052400VZL: 300 frames, 0 missed exposure, diff avg -0.94 min -4.27 max 2.03 ms
[II] Device 0: joint reconstruction 116701 solved, 2 rejected, 116877 single-camera (0 observations arrived too late to count)
[WW] Exposure timestamp 3680539904 was more than 1.5 IMU samples earlier than IMU ts 3680541750 by 1846 µS
[WW] Exposure timestamp 3680808704 was more than 1.5 IMU samples earlier than IMU ts 3680810241 by 1537 µS
[II] HMD obs quality: full(strong+ids) 300 ids-verified 0 strong 0 prior-agree 0 reacquire 0 rejected 0 | flags: led-ids 300 strong 300
[WW] Exposure timestamp 3683112704 was more than 1.5 IMU samples earlier than IMU ts 3683114460 by 1756 µS
[II] frame-timing WMTD306Q701DEK: 300 frames, 0 missed exposure, diff avg -0.95 min -4.00 max 1.67 ms
[II] HMD obs quality: full(strong+ids) 300 ids-verified 0 strong 0 prior-agree 0 reacquire 0 rejected 0 | flags: led-ids 300 strong 300
[II] frame-timing WMTD3052400VZL: 300 frames, 0 missed exposure, diff avg -0.92 min -4.02 max 1.74 ms
[II] Device 0: joint reconstruction 117001 solved, 2 rejected, 117177 single-camera (0 observations arrived too late to count)
[II] HMD obs quality: full(strong+ids) 300 ids-verified 0 strong 0 prior-agree 0 reacquire 0 rejected 0 | flags: led-ids 300 strong 300
[II] frame-timing WMTD306Q701DEK: 300 frames, 0 missed exposure, diff avg -0.87 min -3.75 max 1.87 ms
[II] HMD obs quality: full(strong+ids) 300 ids-verified 0 strong 0 prior-agree 0 reacquire 0 rejected 0 | flags: led-ids 300 strong 300
[II] frame-timing WMTD3052400VZL: 300 frames, 0 missed exposure, diff avg -0.85 min -3.94 max 1.60 ms
[II] Device 0: joint reconstruction 117301 solved, 2 rejected, 117477 single-camera (0 observations arrived too late to count)
[II] HMD obs quality: full(strong+ids) 300 ids-verified 0 strong 0 prior-agree 0 reacquire 0 rejected 0 | flags: led-ids 300 strong 300
[II] frame-timing WMTD306Q701DEK: 300 frames, 0 missed exposure, diff avg -0.88 min -3.33 max 1.51 ms
[II] HMD obs quality: full(strong+ids) 300 ids-verified 0 strong 0 prior-agree 0 reacquire 0 rejected 0 | flags: led-ids 300 strong 300
[II] frame-timing WMTD3052400VZL: 300 frames, 0 missed exposure, diff avg -0.86 min -4.44 max 1.72 ms
[II] Device 0: joint reconstruction 117601 solved, 2 rejected, 117777 single-camera (0 observations arrived too late to count)
[WW] Exposure timestamp 3698280704 was more than 1.5 IMU samples earlier than IMU ts 3698282225 by 1521 µS
[II] HMD obs quality: full(strong+ids) 300 ids-verified 0 strong 0 prior-agree 0 reacquire 0 rejected 0 | flags: led-ids 300 strong 300
[WW] Exposure timestamp 3698856704 was more than 1.5 IMU samples earlier than IMU ts 3698858280 by 1576 µS
[WW] Exposure timestamp 3699912704 was more than 1.5 IMU samples earlier than IMU ts 3699914213 by 1509 µS
[II] frame-timing WMTD306Q701DEK: 300 frames, 0 missed exposure, diff avg -0.87 min -4.31 max 1.71 ms
[II] HMD obs quality: full(strong+ids) 300 ids-verified 0 strong 0 prior-agree 0 reacquire 0 rejected 0 | flags: led-ids 300 strong 300
[II] frame-timing WMTD3052400VZL: 300 frames, 0 missed exposure, diff avg -0.88 min -3.25 max 1.60 ms
[II] Device 0: joint reconstruction 117901 solved, 2 rejected, 118077 single-camera (0 observations arrived too late to count)
[II] HMD obs quality: full(strong+ids) 300 ids-verified 0 strong 0 prior-agree 0 reacquire 0 rejected 0 | flags: led-ids 300 strong 300
[II] frame-timing WMTD306Q701DEK: 300 frames, 0 missed exposure, diff avg -0.91 min -3.89 max 1.57 ms
[II] HMD obs quality: full(strong+ids) 300 ids-verified 0 strong 0 prior-agree 0 reacquire 0 rejected 0 | flags: led-ids 300 strong 300
[II] frame-timing WMTD3052400VZL: 300 frames, 0 missed exposure, diff avg -0.89 min -4.51 max 1.86 ms
[II] Device 0: joint reconstruction 118201 solved, 2 rejected, 118377 single-camera (0 observations arrived too late to count)
[II] HMD obs quality: full(strong+ids) 300 ids-verified 0 strong 0 prior-agree 0 reacquire 0 rejected 0 | flags: led-ids 300 strong 300
[II] frame-timing WMTD306Q701DEK: 300 frames, 0 missed exposure, diff avg -0.84 min -3.81 max 1.52 ms
[WW] Exposure timestamp 3713179904 was more than 1.5 IMU samples earlier than IMU ts 3713181506 by 1602 µS
[II] HMD obs quality: full(strong+ids) 300 ids-verified 0 strong 0 prior-agree 0 reacquire 0 rejected 0 | flags: led-ids 300 strong 300
[II] frame-timing WMTD3052400VZL: 300 frames, 0 missed exposure, diff avg -0.84 min -3.69 max 1.59 ms
[WW] Exposure timestamp 3714447104 was more than 1.5 IMU samples earlier than IMU ts 3714448826 by 1722 µS
[II] Device 0: joint reconstruction 118501 solved, 2 rejected, 118677 single-camera (0 observations arrived too late to count)
[WW] Exposure timestamp 3715752704 was more than 1.5 IMU samples earlier than IMU ts 3715754217 by 1513 µS
[II] HMD obs quality: full(strong+ids) 300 ids-verified 0 strong 0 prior-agree 0 reacquire 0 rejected 0 | flags: led-ids 300 strong 300
[WW] Exposure timestamp 3716674304 was more than 1.5 IMU samples earlier than IMU ts 3716675905 by 1601 µS
[WW] Exposure timestamp 3717115904 was more than 1.5 IMU samples earlier than IMU ts 3717117719 by 1815 µS
[II] frame-timing WMTD306Q701DEK: 300 frames, 0 missed exposure, diff avg -0.92 min -4.06 max 1.67 ms
[II] HMD obs quality: full(strong+ids) 300 ids-verified 0 strong 0 prior-agree 0 reacquire 0 rejected 0 | flags: led-ids 300 strong 300
[II] frame-timing WMTD3052400VZL: 300 frames, 0 missed exposure, diff avg -0.91 min -4.15 max 1.64 ms
[II] Device 0: joint reconstruction 118801 solved, 2 rejected, 118977 single-camera (0 observations arrived too late to count)
[II] HMD obs quality: full(strong+ids) 300 ids-verified 0 strong 0 prior-agree 0 reacquire 0 rejected 0 | flags: led-ids 300 strong 300
[II] frame-timing WMTD306Q701DEK: 300 frames, 0 missed exposure, diff avg -0.91 min -4.27 max 1.47 ms
[II] HMD obs quality: full(strong+ids) 300 ids-verified 0 strong 0 prior-agree 0 reacquire 0 rejected 0 | flags: led-ids 300 strong 300
[II] frame-timing WMTD3052400VZL: 300 frames, 0 missed exposure, diff avg -0.91 min -4.27 max 1.77 ms
[II] Device 0: joint reconstruction 119101 solved, 2 rejected, 119277 single-camera (0 observations arrived too late to count)
[II] HMD obs quality: full(strong+ids) 300 ids-verified 0 strong 0 prior-agree 0 reacquire 0 rejected 0 | flags: led-ids 300 strong 300
[II] frame-timing WMTD306Q701DEK: 300 frames, 0 missed exposure, diff avg -0.90 min -3.79 max 1.66 ms
[II] HMD obs quality: full(strong+ids) 300 ids-verified 0 strong 0 prior-agree 0 reacquire 0 rejected 0 | flags: led-ids 300 strong 300
[II] frame-timing WMTD3052400VZL: 300 frames, 0 missed exposure, diff avg -0.86 min -3.77 max 1.78 ms
[II] Device 0: joint reconstruction 119401 solved, 2 rejected, 119577 single-camera (0 observations arrived too late to count)
[II] HMD obs quality: full(strong+ids) 300 ids-verified 0 strong 0 prior-agree 0 reacquire 0 rejected 0 | flags: led-ids 300 strong 300
[II] frame-timing WMTD306Q701DEK: 300 frames, 0 missed exposure, diff avg -0.82 min -4.04 max 1.52 ms
[II] HMD obs quality: full(strong+ids) 300 ids-verified 0 strong 0 prior-agree 0 reacquire 0 rejected 0 | flags: led-ids 300 strong 300
[II] frame-timing WMTD3052400VZL: 300 frames, 0 missed exposure, diff avg -0.83 min -3.70 max 1.91 ms
[II] Device 0: joint reconstruction 119701 solved, 2 rejected, 119877 single-camera (0 observations arrived too late to count)
[II] HMD obs quality: full(strong+ids) 300 ids-verified 0 strong 0 prior-agree 0 reacquire 0 rejected 0 | flags: led-ids 300 strong 300
[II] frame-timing WMTD306Q701DEK: 300 frames, 0 missed exposure, diff avg -0.90 min -4.12 max 1.46 ms
[II] HMD obs quality: full(strong+ids) 300 ids-verified 0 strong 0 prior-agree 0 reacquire 0 rejected 0 | flags: led-ids 300 strong 300
[II] frame-timing WMTD3052400VZL: 300 frames, 0 missed exposure, diff avg -0.88 min -3.72 max 1.96 ms
[II] Device 0: joint reconstruction 120001 solved, 2 rejected, 120177 single-camera (0 observations arrived too late to count)
[II] HMD obs quality: full(strong+ids) 300 ids-verified 0 strong 0 prior-agree 0 reacquire 0 rejected 0 | flags: led-ids 300 strong 300
[II] frame-timing WMTD306Q701DEK: 300 frames, 0 missed exposure, diff avg -0.87 min -3.28 max 1.83 ms
[II] HMD obs quality: full(strong+ids) 300 ids-verified 0 strong 0 prior-agree 0 reacquire 0 rejected 0 | flags: led-ids 300 strong 300
[II] frame-timing WMTD3052400VZL: 300 frames, 0 missed exposure, diff avg -0.87 min -3.76 max 1.68 ms
[II] Device 0: joint reconstruction 120301 solved, 2 rejected, 120477 single-camera (0 observations arrived too late to count)
[II] HMD obs quality: full(strong+ids) 300 ids-verified 0 strong 0 prior-agree 0 reacquire 0 rejected 0 | flags: led-ids 300 strong 300
[II] frame-timing WMTD306Q701DEK: 300 frames, 0 missed exposure, diff avg -0.89 min -3.74 max 1.48 ms
[II] HMD obs quality: full(strong+ids) 300 ids-verified 0 strong 0 prior-agree 0 reacquire 0 rejected 0 | flags: led-ids 300 strong 300
[II] frame-timing WMTD3052400VZL: 300 frames, 0 missed exposure, diff avg -0.87 min -3.33 max 1.69 ms
[II] Device 0: joint reconstruction 120601 solved, 2 rejected, 120777 single-camera (0 observations arrived too late to count)
[II] HMD obs quality: full(strong+ids) 300 ids-verified 0 strong 0 prior-agree 0 reacquire 0 rejected 0 | flags: led-ids 300 strong 300
[II] frame-timing WMTD306Q701DEK: 300 frames, 0 missed exposure, diff avg -0.85 min -3.86 max 1.48 ms
[II] HMD obs quality: full(strong+ids) 300 ids-verified 0 strong 0 prior-agree 0 reacquire 0 rejected 0 | flags: led-ids 300 strong 300
[II] frame-timing WMTD3052400VZL: 300 frames, 0 missed exposure, diff avg -0.85 min -4.24 max 1.68 ms
[II] Device 0: joint reconstruction 120901 solved, 2 rejected, 121077 single-camera (0 observations arrived too late to count)
[II] HMD obs quality: full(strong+ids) 300 ids-verified 0 strong 0 prior-agree 0 reacquire 0 rejected 0 | flags: led-ids 300 strong 300
[II] frame-timing WMTD306Q701DEK: 300 frames, 0 missed exposure, diff avg -0.89 min -3.68 max 1.90 ms
[II] HMD obs quality: full(strong+ids) 300 ids-verified 0 strong 0 prior-agree 0 reacquire 0 rejected 0 | flags: led-ids 300 strong 300
[II] frame-timing WMTD3052400VZL: 300 frames, 0 missed exposure, diff avg -0.90 min -4.01 max 1.90 ms
[II] Device 0: joint reconstruction 121201 solved, 2 rejected, 121377 single-camera (0 observations arrived too late to count)
[WW] Exposure timestamp 3767227904 was more than 1.5 IMU samples earlier than IMU ts 3767229516 by 1612 µS
[II] HMD obs quality: full(strong+ids) 300 ids-verified 0 strong 0 prior-agree 0 reacquire 0 rejected 0 | flags: led-ids 300 strong 300
[II] frame-timing WMTD306Q701DEK: 300 frames, 0 missed exposure, diff avg -0.85 min -3.97 max 1.69 ms
[II] HMD obs quality: full(strong+ids) 300 ids-verified 0 strong 0 prior-agree 0 reacquire 0 rejected 0 | flags: led-ids 300 strong 300
[II] frame-timing WMTD3052400VZL: 300 frames, 0 missed exposure, diff avg -0.85 min -4.13 max 1.13 ms
[II] Device 0: joint reconstruction 121501 solved, 2 rejected, 121677 single-camera (0 observations arrived too late to count)
[II] HMD obs quality: full(strong+ids) 300 ids-verified 0 strong 0 prior-agree 0 reacquire 0 rejected 0 | flags: led-ids 300 strong 300
[II] frame-timing WMTD306Q701DEK: 300 frames, 0 missed exposure, diff avg -0.86 min -3.69 max 1.91 ms
[II] HMD obs quality: full(strong+ids) 300 ids-verified 0 strong 0 prior-agree 0 reacquire 0 rejected 0 | flags: led-ids 300 strong 300
[II] frame-timing WMTD3052400VZL: 300 frames, 0 missed exposure, diff avg -0.81 min -3.72 max 1.61 ms
[II] Device 0: joint reconstruction 121801 solved, 2 rejected, 121977 single-camera (0 observations arrived too late to count)
[II] HMD obs quality: full(strong+ids) 300 ids-verified 0 strong 0 prior-agree 0 reacquire 0 rejected 0 | flags: led-ids 300 strong 300
[II] frame-timing WMTD306Q701DEK: 300 frames, 0 missed exposure, diff avg -0.88 min -3.91 max 1.58 ms
[II] HMD obs quality: full(strong+ids) 300 ids-verified 0 strong 0 prior-agree 0 reacquire 0 rejected 0 | flags: led-ids 300 strong 300
[II] frame-timing WMTD3052400VZL: 300 frames, 0 missed exposure, diff avg -0.89 min -3.22 max 1.61 ms
[WW] Exposure timestamp 3783528704 was more than 1.5 IMU samples earlier than IMU ts 3783530386 by 1682 µS
[II] Device 0: joint reconstruction 122101 solved, 2 rejected, 122277 single-camera (0 observations arrived too late to count)
[II] HMD obs quality: full(strong+ids) 300 ids-verified 0 strong 0 prior-agree 0 reacquire 0 rejected 0 | flags: led-ids 300 strong 300
[II] frame-timing WMTD306Q701DEK: 300 frames, 0 missed exposure, diff avg -0.83 min -4.05 max 1.40 ms
[II] HMD obs quality: full(strong+ids) 300 ids-verified 0 strong 0 prior-agree 0 reacquire 0 rejected 0 | flags: led-ids 300 strong 300
[II] frame-timing WMTD3052400VZL: 300 frames, 0 missed exposure, diff avg -0.84 min -3.85 max 1.47 ms
[II] Device 0: joint reconstruction 122401 solved, 2 rejected, 122577 single-camera (0 observations arrived too late to count)
[II] HMD obs quality: full(strong+ids) 300 ids-verified 0 strong 0 prior-agree 0 reacquire 0 rejected 0 | flags: led-ids 300 strong 300
[II] frame-timing WMTD306Q701DEK: 300 frames, 0 missed exposure, diff avg -0.90 min -3.49 max 1.39 ms
[II] HMD obs quality: full(strong+ids) 300 ids-verified 0 strong 0 prior-agree 0 reacquire 0 rejected 0 | flags: led-ids 300 strong 300
[II] frame-timing WMTD3052400VZL: 300 frames, 0 missed exposure, diff avg -0.88 min -3.36 max 1.91 ms
[II] Device 0: joint reconstruction 122701 solved, 2 rejected, 122877 single-camera (0 observations arrived too late to count)
[WW] Exposure timestamp 3796584704 was more than 1.5 IMU samples earlier than IMU ts 3796586344 by 1640 µS
[II] HMD obs quality: full(strong+ids) 300 ids-verified 0 strong 0 prior-agree 0 reacquire 0 rejected 0 | flags: led-ids 300 strong 300
[WW] Exposure timestamp 3797640704 was more than 1.5 IMU samples earlier than IMU ts 3797642315 by 1611 µS
[II] frame-timing WMTD306Q701DEK: 300 frames, 0 missed exposure, diff avg -0.91 min -3.98 max 1.46 ms
[II] HMD obs quality: full(strong+ids) 300 ids-verified 0 strong 0 prior-agree 0 reacquire 0 rejected 0 | flags: led-ids 300 strong 300
[II] frame-timing WMTD3052400VZL: 300 frames, 0 missed exposure, diff avg -0.91 min -3.38 max 1.58 ms
[II] Device 0: joint reconstruction 123001 solved, 2 rejected, 123177 single-camera (0 observations arrived too late to count)
[II] HMD obs quality: full(strong+ids) 300 ids-verified 0 strong 0 prior-agree 0 reacquire 0 rejected 0 | flags: led-ids 300 strong 300
[WW] Exposure timestamp 3804495104 was more than 1.5 IMU samples earlier than IMU ts 3804496824 by 1720 µS
[II] frame-timing WMTD306Q701DEK: 300 frames, 0 missed exposure, diff avg -0.89 min -3.60 max 1.60 ms
[II] HMD obs quality: full(strong+ids) 300 ids-verified 0 strong 0 prior-agree 0 reacquire 0 rejected 0 | flags: led-ids 300 strong 300
[II] frame-timing WMTD3052400VZL: 300 frames, 0 missed exposure, diff avg -0.85 min -4.09 max 2.03 ms
[II] Device 0: joint reconstruction 123301 solved, 2 rejected, 123477 single-camera (0 observations arrived too late to count)
[II] HMD obs quality: full(strong+ids) 300 ids-verified 0 strong 0 prior-agree 0 reacquire 0 rejected 0 | flags: led-ids 300 strong 300
[II] frame-timing WMTD306Q701DEK: 300 frames, 0 missed exposure, diff avg -0.84 min -3.88 max 1.57 ms
[II] HMD obs quality: full(strong+ids) 300 ids-verified 0 strong 0 prior-agree 0 reacquire 0 rejected 0 | flags: led-ids 300 strong 300
[II] frame-timing WMTD3052400VZL: 300 frames, 0 missed exposure, diff avg -0.88 min -4.01 max 1.77 ms
[II] Device 0: joint reconstruction 123601 solved, 2 rejected, 123777 single-camera (0 observations arrived too late to count)
[II] HMD obs quality: full(strong+ids) 300 ids-verified 0 strong 0 prior-agree 0 reacquire 0 rejected 0 | flags: led-ids 300 strong 300
[II] frame-timing WMTD306Q701DEK: 300 frames, 0 missed exposure, diff avg -0.89 min -4.05 max 1.87 ms
[II] HMD obs quality: full(strong+ids) 300 ids-verified 0 strong 0 prior-agree 0 reacquire 0 rejected 0 | flags: led-ids 300 strong 300
[II] frame-timing WMTD3052400VZL: 300 frames, 0 missed exposure, diff avg -0.87 min -4.35 max 1.87 ms
[II] Device 0: joint reconstruction 123901 solved, 2 rejected, 124077 single-camera (0 observations arrived too late to count)
[II] HMD obs quality: full(strong+ids) 300 ids-verified 0 strong 0 prior-agree 0 reacquire 0 rejected 0 | flags: led-ids 300 strong 300
[II] frame-timing WMTD306Q701DEK: 300 frames, 0 missed exposure, diff avg -0.92 min -3.67 max 1.54 ms
[II] HMD obs quality: full(strong+ids) 300 ids-verified 0 strong 0 prior-agree 0 reacquire 0 rejected 0 | flags: led-ids 300 strong 300
[WW] Exposure timestamp 3822888704 was more than 1.5 IMU samples earlier than IMU ts 3822890547 by 1843 µS
[II] frame-timing WMTD3052400VZL: 300 frames, 0 missed exposure, diff avg -0.89 min -3.29 max 1.80 ms
[WW] Exposure timestamp 3823963904 was more than 1.5 IMU samples earlier than IMU ts 3823965564 by 1660 µS
[II] Device 0: joint reconstruction 124201 solved, 2 rejected, 124377 single-camera (0 observations arrived too late to count)
[II] HMD obs quality: full(strong+ids) 300 ids-verified 0 strong 0 prior-agree 0 reacquire 0 rejected 0 | flags: led-ids 300 strong 300
[II] frame-timing WMTD306Q701DEK: 300 frames, 0 missed exposure, diff avg -0.84 min -3.76 max 1.58 ms
[II] HMD obs quality: full(strong+ids) 300 ids-verified 0 strong 0 prior-agree 0 reacquire 0 rejected 0 | flags: led-ids 300 strong 300
[II] frame-timing WMTD3052400VZL: 300 frames, 0 missed exposure, diff avg -0.84 min -3.73 max 1.72 ms
[II] Device 0: joint reconstruction 124501 solved, 2 rejected, 124677 single-camera (0 observations arrived too late to count)
[II] HMD obs quality: full(strong+ids) 300 ids-verified 0 strong 0 prior-agree 0 reacquire 0 rejected 0 | flags: led-ids 300 strong 300
[WW] Exposure timestamp 3833275904 was more than 1.5 IMU samples earlier than IMU ts 3833277642 by 1738 µS
[II] frame-timing WMTD306Q701DEK: 300 frames, 0 missed exposure, diff avg -0.92 min -4.05 max 1.73 ms
[II] HMD obs quality: full(strong+ids) 300 ids-verified 0 strong 0 prior-agree 0 reacquire 0 rejected 0 | flags: led-ids 300 strong 300
[II] frame-timing WMTD3052400VZL: 300 frames, 0 missed exposure, diff avg -0.93 min -3.99 max 1.14 ms
[II] Device 0: joint reconstruction 124801 solved, 2 rejected, 124977 single-camera (0 observations arrived too late to count)
[WW] Exposure timestamp 3836539904 was more than 1.5 IMU samples earlier than IMU ts 3836541583 by 1679 µS
[II] HMD obs quality: full(strong+ids) 300 ids-verified 0 strong 0 prior-agree 0 reacquire 0 rejected 0 | flags: led-ids 300 strong 300
[II] frame-timing WMTD306Q701DEK: 300 frames, 0 missed exposure, diff avg -0.93 min -3.81 max 1.63 ms
[II] HMD obs quality: full(strong+ids) 300 ids-verified 0 strong 0 prior-agree 0 reacquire 0 rejected 0 | flags: led-ids 300 strong 300
[WW] Exposure timestamp 3840264704 was more than 1.5 IMU samples earlier than IMU ts 3840266415 by 1711 µS
[II] frame-timing WMTD3052400VZL: 300 frames, 0 missed exposure, diff avg -0.90 min -3.09 max 1.88 ms
[II] Device 0: joint reconstruction 125101 solved, 2 rejected, 125277 single-camera (0 observations arrived too late to count)
[II] HMD obs quality: full(strong+ids) 300 ids-verified 0 strong 0 prior-agree 0 reacquire 0 rejected 0 | flags: led-ids 300 strong 300
[II] frame-timing WMTD306Q701DEK: 300 frames, 0 missed exposure, diff avg -0.87 min -3.68 max 1.52 ms
[II] HMD obs quality: full(strong+ids) 300 ids-verified 0 strong 0 prior-agree 0 reacquire 0 rejected 0 | flags: led-ids 300 strong 300
[II] frame-timing WMTD3052400VZL: 300 frames, 0 missed exposure, diff avg -0.87 min -3.56 max 1.26 ms
[II] Device 0: joint reconstruction 125401 solved, 2 rejected, 125577 single-camera (0 observations arrived too late to count)
[II] HMD obs quality: full(strong+ids) 300 ids-verified 0 strong 0 prior-agree 0 reacquire 0 rejected 0 | flags: led-ids 300 strong 300
[II] frame-timing WMTD306Q701DEK: 300 frames, 0 missed exposure, diff avg -0.90 min -3.82 max 1.61 ms
[II] HMD obs quality: full(strong+ids) 300 ids-verified 0 strong 0 prior-agree 0 reacquire 0 rejected 0 | flags: led-ids 300 strong 300
[II] frame-timing WMTD3052400VZL: 300 frames, 0 missed exposure, diff avg -0.86 min -3.93 max 1.58 ms
[II] Device 0: joint reconstruction 125701 solved, 2 rejected, 125877 single-camera (0 observations arrived too late to count)
[II] HMD obs quality: full(strong+ids) 300 ids-verified 0 strong 0 prior-agree 0 reacquire 0 rejected 0 | flags: led-ids 300 strong 300
[II] frame-timing WMTD306Q701DEK: 300 frames, 0 missed exposure, diff avg -0.87 min -3.78 max 1.67 ms
[II] HMD obs quality: full(strong+ids) 300 ids-verified 0 strong 0 prior-agree 0 reacquire 0 rejected 0 | flags: led-ids 300 strong 300
[II] frame-timing WMTD3052400VZL: 300 frames, 0 missed exposure, diff avg -0.91 min -3.94 max 1.75 ms
[II] Device 0: joint reconstruction 126001 solved, 2 rejected, 126177 single-camera (0 observations arrived too late to count)
[II] HMD obs quality: full(strong+ids) 300 ids-verified 0 strong 0 prior-agree 0 reacquire 0 rejected 0 | flags: led-ids 300 strong 300
[II] frame-timing WMTD306Q701DEK: 300 frames, 0 missed exposure, diff avg -0.89 min -4.20 max 1.77 ms
[II] HMD obs quality: full(strong+ids) 300 ids-verified 0 strong 0 prior-agree 0 reacquire 0 rejected 0 | flags: led-ids 300 strong 300
[II] frame-timing WMTD3052400VZL: 300 frames, 0 missed exposure, diff avg -0.86 min -3.69 max 1.96 ms
[II] Device 0: joint reconstruction 126301 solved, 2 rejected, 126477 single-camera (0 observations arrived too late to count)
[II] HMD obs quality: full(strong+ids) 300 ids-verified 0 strong 0 prior-agree 0 reacquire 0 rejected 0 | flags: led-ids 300 strong 300
[WW] Exposure timestamp 3868123904 was more than 1.5 IMU samples earlier than IMU ts 3868125524 by 1620 µS
[II] frame-timing WMTD306Q701DEK: 300 frames, 0 missed exposure, diff avg -0.92 min -3.02 max 1.51 ms
[II] HMD obs quality: full(strong+ids) 300 ids-verified 0 strong 0 prior-agree 0 reacquire 0 rejected 0 | flags: led-ids 300 strong 300
[II] frame-timing WMTD3052400VZL: 300 frames, 0 missed exposure, diff avg -0.90 min -3.87 max 1.67 ms
[II] Device 0: joint reconstruction 126601 solved, 2 rejected, 126777 single-camera (0 observations arrived too late to count)
[II] HMD obs quality: full(strong+ids) 300 ids-verified 0 strong 0 prior-agree 0 reacquire 0 rejected 0 | flags: led-ids 300 strong 300
[WW] Exposure timestamp 3872386304 was more than 1.5 IMU samples earlier than IMU ts 3872388346 by 2042 µS
[WW] Exposure timestamp 3873115904 was more than 1.5 IMU samples earlier than IMU ts 3873117685 by 1781 µS
[II] frame-timing WMTD306Q701DEK: 300 frames, 0 missed exposure, diff avg -0.92 min -3.66 max 1.60 ms
[II] HMD obs quality: full(strong+ids) 300 ids-verified 0 strong 0 prior-agree 0 reacquire 0 rejected 0 | flags: led-ids 300 strong 300
[II] frame-timing WMTD3052400VZL: 300 frames, 0 missed exposure, diff avg -0.95 min -3.69 max 1.64 ms
[II] Device 0: joint reconstruction 126901 solved, 2 rejected, 127077 single-camera (0 observations arrived too late to count)
[II] HMD obs quality: full(strong+ids) 300 ids-verified 0 strong 0 prior-agree 0 reacquire 0 rejected 0 | flags: led-ids 300 strong 300
[II] frame-timing WMTD306Q701DEK: 300 frames, 0 missed exposure, diff avg -0.91 min -3.89 max 1.47 ms
[II] HMD obs quality: full(strong+ids) 300 ids-verified 0 strong 0 prior-agree 0 reacquire 0 rejected 0 | flags: led-ids 300 strong 300
[II] frame-timing WMTD3052400VZL: 300 frames, 0 missed exposure, diff avg -0.89 min -3.48 max 1.30 ms
[II] Device 0: joint reconstruction 127201 solved, 2 rejected, 127377 single-camera (0 observations arrived too late to count)
[II] HMD obs quality: full(strong+ids) 300 ids-verified 0 strong 0 prior-agree 0 reacquire 0 rejected 0 | flags: led-ids 300 strong 300
[WW] Exposure timestamp 3884328704 was more than 1.5 IMU samples earlier than IMU ts 3884330261 by 1557 µS
[II] frame-timing WMTD306Q701DEK: 300 frames, 0 missed exposure, diff avg -0.95 min -4.18 max 1.89 ms
[II] HMD obs quality: full(strong+ids) 300 ids-verified 0 strong 0 prior-agree 0 reacquire 0 rejected 0 | flags: led-ids 300 strong 300
[II] frame-timing WMTD3052400VZL: 300 frames, 0 missed exposure, diff avg -0.93 min -4.02 max 1.39 ms
[II] Device 0: joint reconstruction 127501 solved, 2 rejected, 127677 single-camera (0 observations arrived too late to count)
[WW] Exposure timestamp 3888283904 was more than 1.5 IMU samples earlier than IMU ts 3888285521 by 1617 µS
[II] HMD obs quality: full(strong+ids) 300 ids-verified 0 strong 0 prior-agree 0 reacquire 0 rejected 0 | flags: led-ids 300 strong 300
[II] frame-timing WMTD306Q701DEK: 300 frames, 0 missed exposure, diff avg -0.91 min -3.89 max 1.58 ms
[II] HMD obs quality: full(strong+ids) 300 ids-verified 0 strong 0 prior-agree 0 reacquire 0 rejected 0 | flags: led-ids 300 strong 300
[II] frame-timing WMTD3052400VZL: 300 frames, 0 missed exposure, diff avg -0.91 min -4.61 max 1.88 ms
[II] Device 0: joint reconstruction 127801 solved, 2 rejected, 127977 single-camera (0 observations arrived too late to count)
[II] HMD obs quality: full(strong+ids) 300 ids-verified 0 strong 0 prior-agree 0 reacquire 0 rejected 0 | flags: led-ids 300 strong 300
[II] frame-timing WMTD306Q701DEK: 300 frames, 0 missed exposure, diff avg -0.92 min -3.77 max 1.81 ms
[WW] Exposure timestamp 3897269504 was more than 1.5 IMU samples earlier than IMU ts 3897271013 by 1509 µS
[II] HMD obs quality: full(strong+ids) 300 ids-verified 0 strong 0 prior-agree 0 reacquire 0 rejected 0 | flags: led-ids 300 strong 300
[II] frame-timing WMTD3052400VZL: 300 frames, 0 missed exposure, diff avg -0.92 min -4.21 max 1.78 ms
[II] Device 0: joint reconstruction 128101 solved, 2 rejected, 128277 single-camera (0 observations arrived too late to count)
[II] HMD obs quality: full(strong+ids) 300 ids-verified 0 strong 0 prior-agree 0 reacquire 0 rejected 0 | flags: led-ids 300 strong 300
[WW] Exposure timestamp 3901608704 was more than 1.5 IMU samples earlier than IMU ts 3901610979 by 2275 µS
[II] frame-timing WMTD306Q701DEK: 300 frames, 0 missed exposure, diff avg -0.90 min -3.35 max 1.77 ms
[II] HMD obs quality: full(strong+ids) 300 ids-verified 0 strong 0 prior-agree 0 reacquire 0 rejected 0 | flags: led-ids 300 strong 300
[II] frame-timing WMTD3052400VZL: 300 frames, 0 missed exposure, diff avg -0.90 min -3.36 max 1.86 ms
[II] Device 0: joint reconstruction 128401 solved, 2 rejected, 128577 single-camera (0 observations arrived too late to count)
[II] HMD obs quality: full(strong+ids) 300 ids-verified 0 strong 0 prior-agree 0 reacquire 0 rejected 0 | flags: led-ids 300 strong 300
[II] frame-timing WMTD306Q701DEK: 300 frames, 0 missed exposure, diff avg -0.93 min -3.73 max 1.58 ms
[II] HMD obs quality: full(strong+ids) 300 ids-verified 0 strong 0 prior-agree 0 reacquire 0 rejected 0 | flags: led-ids 300 strong 300
[II] frame-timing WMTD3052400VZL: 300 frames, 0 missed exposure, diff avg -0.89 min -3.85 max 1.73 ms
[II] Device 0: joint reconstruction 128701 solved, 2 rejected, 128877 single-camera (0 observations arrived too late to count)
[II] HMD obs quality: full(strong+ids) 300 ids-verified 0 strong 0 prior-agree 0 reacquire 0 rejected 0 | flags: led-ids 300 strong 300
[II] frame-timing WMTD306Q701DEK: 300 frames, 0 missed exposure, diff avg -0.90 min -3.98 max 1.36 ms
[II] HMD obs quality: full(strong+ids) 300 ids-verified 0 strong 0 prior-agree 0 reacquire 0 rejected 0 | flags: led-ids 300 strong 300
[II] frame-timing WMTD3052400VZL: 300 frames, 0 missed exposure, diff avg -0.90 min -3.76 max 1.44 ms
[II] Device 0: joint reconstruction 129001 solved, 2 rejected, 129177 single-camera (0 observations arrived too late to count)
[II] HMD obs quality: full(strong+ids) 300 ids-verified 0 strong 0 prior-agree 0 reacquire 0 rejected 0 | flags: led-ids 300 strong 300
[II] frame-timing WMTD306Q701DEK: 300 frames, 0 missed exposure, diff avg -0.86 min -3.31 max 1.52 ms
[II] HMD obs quality: full(strong+ids) 300 ids-verified 0 strong 0 prior-agree 0 reacquire 0 rejected 0 | flags: led-ids 300 strong 300
[II] frame-timing WMTD3052400VZL: 300 frames, 0 missed exposure, diff avg -0.80 min -3.21 max 1.62 ms
[II] Device 0: joint reconstruction 129301 solved, 2 rejected, 129477 single-camera (0 observations arrived too late to count)
[II] HMD obs quality: full(strong+ids) 300 ids-verified 0 strong 0 prior-agree 0 reacquire 0 rejected 0 | flags: led-ids 300 strong 300
[WW] Exposure timestamp 3924859904 was more than 1.5 IMU samples earlier than IMU ts 3924861666 by 1762 µS
[II] frame-timing WMTD306Q701DEK: 300 frames, 0 missed exposure, diff avg -0.86 min -3.99 max 1.31 ms
[II] HMD obs quality: full(strong+ids) 300 ids-verified 0 strong 0 prior-agree 0 reacquire 0 rejected 0 | flags: led-ids 300 strong 300
[II] frame-timing WMTD3052400VZL: 300 frames, 0 missed exposure, diff avg -0.84 min -4.38 max 1.35 ms
[II] Device 0: joint reconstruction 129601 solved, 2 rejected, 129777 single-camera (0 observations arrived too late to count)
[II] HMD obs quality: full(strong+ids) 300 ids-verified 0 strong 0 prior-agree 0 reacquire 0 rejected 0 | flags: led-ids 300 strong 300
[WW] Exposure timestamp 3930811904 was more than 1.5 IMU samples earlier than IMU ts 3930813596 by 1692 µS
[II] frame-timing WMTD306Q701DEK: 300 frames, 0 missed exposure, diff avg -0.83 min -4.35 max 1.53 ms
[II] HMD obs quality: full(strong+ids) 300 ids-verified 0 strong 0 prior-agree 0 reacquire 0 rejected 0 | flags: led-ids 300 strong 300
[II] frame-timing WMTD3052400VZL: 300 frames, 0 missed exposure, diff avg -0.86 min -3.64 max 1.51 ms
[II] Device 0: joint reconstruction 129901 solved, 2 rejected, 130077 single-camera (0 observations arrived too late to count)
[II] HMD obs quality: full(strong+ids) 300 ids-verified 0 strong 0 prior-agree 0 reacquire 0 rejected 0 | flags: led-ids 300 strong 300
[II] frame-timing WMTD306Q701DEK: 300 frames, 0 missed exposure, diff avg -0.86 min -3.26 max 1.71 ms
[II] HMD obs quality: full(strong+ids) 300 ids-verified 0 strong 0 prior-agree 0 reacquire 0 rejected 0 | flags: led-ids 300 strong 300
[II] frame-timing WMTD3052400VZL: 300 frames, 0 missed exposure, diff avg -0.89 min -3.19 max 1.60 ms
[II] Device 0: joint reconstruction 130201 solved, 2 rejected, 130377 single-camera (0 observations arrived too late to count)
[II] HMD obs quality: full(strong+ids) 300 ids-verified 0 strong 0 prior-agree 0 reacquire 0 rejected 0 | flags: led-ids 300 strong 300
[II] frame-timing WMTD306Q701DEK: 300 frames, 0 missed exposure, diff avg -0.93 min -3.61 max 2.04 ms
[II] HMD obs quality: full(strong+ids) 300 ids-verified 0 strong 0 prior-agree 0 reacquire 0 rejected 0 | flags: led-ids 300 strong 300
[II] frame-timing WMTD3052400VZL: 300 frames, 0 missed exposure, diff avg -0.93 min -3.76 max 1.90 ms
[II] Device 0: joint reconstruction 130501 solved, 2 rejected, 130677 single-camera (0 observations arrived too late to count)
[II] HMD obs quality: full(strong+ids) 300 ids-verified 0 strong 0 prior-agree 0 reacquire 0 rejected 0 | flags: led-ids 300 strong 300
[II] frame-timing WMTD306Q701DEK: 300 frames, 0 missed exposure, diff avg -0.87 min -5.12 max 1.62 ms
[II] HMD obs quality: full(strong+ids) 300 ids-verified 0 strong 0 prior-agree 0 reacquire 0 rejected 0 | flags: led-ids 300 strong 300
[II] frame-timing WMTD3052400VZL: 300 frames, 0 missed exposure, diff avg -0.87 min -3.99 max 1.76 ms
[II] Device 0: joint reconstruction 130801 solved, 2 rejected, 130977 single-camera (0 observations arrived too late to count)
[WW] Exposure timestamp 3952027904 was more than 1.5 IMU samples earlier than IMU ts 3952029560 by 1656 µS
[II] HMD obs quality: full(strong+ids) 300 ids-verified 0 strong 0 prior-agree 0 reacquire 0 rejected 0 | flags: led-ids 300 strong 300
[WW] Exposure timestamp 3953544704 was more than 1.5 IMU samples earlier than IMU ts 3953546346 by 1642 µS
[II] frame-timing WMTD306Q701DEK: 300 frames, 0 missed exposure, diff avg -0.89 min -3.71 max 1.71 ms
[II] HMD obs quality: full(strong+ids) 300 ids-verified 0 strong 0 prior-agree 0 reacquire 0 rejected 0 | flags: led-ids 300 strong 300
[II] frame-timing WMTD3052400VZL: 300 frames, 0 missed exposure, diff avg -0.90 min -3.90 max 1.76 ms
[II] Device 0: joint reconstruction 131101 solved, 2 rejected, 131277 single-camera (0 observations arrived too late to count)
[II] HMD obs quality: full(strong+ids) 300 ids-verified 0 strong 0 prior-agree 0 reacquire 0 rejected 0 | flags: led-ids 300 strong 300
[II] frame-timing WMTD306Q701DEK: 300 frames, 0 missed exposure, diff avg -0.91 min -3.62 max 1.72 ms
[II] HMD obs quality: full(strong+ids) 300 ids-verified 0 strong 0 prior-agree 0 reacquire 0 rejected 0 | flags: led-ids 300 strong 300
[II] frame-timing WMTD3052400VZL: 300 frames, 0 missed exposure, diff avg -0.90 min -3.90 max 1.73 ms
[WW] Exposure timestamp 3962184704 was more than 1.5 IMU samples earlier than IMU ts 3962186217 by 1513 µS
[II] Device 0: joint reconstruction 131401 solved, 2 rejected, 131577 single-camera (0 observations arrived too late to count)
[II] HMD obs quality: full(strong+ids) 300 ids-verified 0 strong 0 prior-agree 0 reacquire 0 rejected 0 | flags: led-ids 300 strong 300
[II] frame-timing WMTD306Q701DEK: 300 frames, 0 missed exposure, diff avg -0.88 min -4.39 max 1.82 ms
[II] HMD obs quality: full(strong+ids) 300 ids-verified 0 strong 0 prior-agree 0 reacquire 0 rejected 0 | flags: led-ids 300 strong 300
[II] frame-timing WMTD3052400VZL: 300 frames, 0 missed exposure, diff avg -0.89 min -3.42 max 1.77 ms
[II] Device 0: joint reconstruction 131701 solved, 2 rejected, 131877 single-camera (0 observations arrived too late to count)
[II] HMD obs quality: full(strong+ids) 300 ids-verified 0 strong 0 prior-agree 0 reacquire 0 rejected 0 | flags: led-ids 300 strong 300
[WW] Exposure timestamp 3969979904 was more than 1.5 IMU samples earlier than IMU ts 3969981538 by 1634 µS
[WW] Exposure timestamp 3971611904 was more than 1.5 IMU samples earlier than IMU ts 3971613536 by 1632 µS
[II] frame-timing WMTD306Q701DEK: 300 frames, 0 missed exposure, diff avg -0.90 min -3.45 max 1.48 ms
[II] HMD obs quality: full(strong+ids) 300 ids-verified 0 strong 0 prior-agree 0 reacquire 0 rejected 0 | flags: led-ids 300 strong 300
[II] frame-timing WMTD3052400VZL: 300 frames, 0 missed exposure, diff avg -0.86 min -3.08 max 1.73 ms
[WW] Exposure timestamp 3974146304 was more than 1.5 IMU samples earlier than IMU ts 3974148193 by 1889 µS
[II] Device 0: joint reconstruction 132001 solved, 2 rejected, 132177 single-camera (0 observations arrived too late to count)
[II] HMD obs quality: full(strong+ids) 300 ids-verified 0 strong 0 prior-agree 0 reacquire 0 rejected 0 | flags: led-ids 300 strong 300
[II] frame-timing WMTD306Q701DEK: 300 frames, 0 missed exposure, diff avg -0.87 min -3.28 max 2.03 ms
[II] HMD obs quality: full(strong+ids) 300 ids-verified 0 strong 0 prior-agree 0 reacquire 0 rejected 0 | flags: led-ids 300 strong 300
[II] frame-timing WMTD3052400VZL: 300 frames, 0 missed exposure, diff avg -0.83 min -3.75 max 1.88 ms
[II] Device 0: joint reconstruction 132301 solved, 2 rejected, 132477 single-camera (0 observations arrived too late to count)
[II] HMD obs quality: full(strong+ids) 300 ids-verified 0 strong 0 prior-agree 0 reacquire 0 rejected 0 | flags: led-ids 300 strong 300
[II] frame-timing WMTD306Q701DEK: 300 frames, 0 missed exposure, diff avg -0.88 min -4.50 max 1.67 ms
[II] HMD obs quality: full(strong+ids) 300 ids-verified 0 strong 0 prior-agree 0 reacquire 0 rejected 0 | flags: led-ids 300 strong 300
[II] frame-timing WMTD3052400VZL: 300 frames, 0 missed exposure, diff avg -0.91 min -3.95 max 1.60 ms
[WW] Exposure timestamp 3984667904 was more than 1.5 IMU samples earlier than IMU ts 3984669525 by 1621 µS
[WW] Exposure timestamp 3985704704 was more than 1.5 IMU samples earlier than IMU ts 3985706430 by 1726 µS
[II] Device 0: joint reconstruction 132601 solved, 2 rejected, 132777 single-camera (0 observations arrived too late to count)
[II] HMD obs quality: full(strong+ids) 300 ids-verified 0 strong 0 prior-agree 0 reacquire 0 rejected 0 | flags: led-ids 300 strong 300
[II] frame-timing WMTD306Q701DEK: 300 frames, 0 missed exposure, diff avg -0.92 min -4.43 max 1.68 ms
[II] HMD obs quality: full(strong+ids) 300 ids-verified 0 strong 0 prior-agree 0 reacquire 0 rejected 0 | flags: led-ids 300 strong 300
[II] frame-timing WMTD3052400VZL: 300 frames, 0 missed exposure, diff avg -0.94 min -3.25 max 1.40 ms
[II] Device 0: joint reconstruction 132901 solved, 2 rejected, 133077 single-camera (0 observations arrived too late to count)
[II] HMD obs quality: full(strong+ids) 300 ids-verified 0 strong 0 prior-agree 0 reacquire 0 rejected 0 | flags: led-ids 300 strong 300
[II] frame-timing WMTD306Q701DEK: 300 frames, 0 missed exposure, diff avg -0.89 min -3.53 max 1.59 ms
[II] HMD obs quality: full(strong+ids) 300 ids-verified 0 strong 0 prior-agree 0 reacquire 0 rejected 0 | flags: led-ids 300 strong 300
[II] frame-timing WMTD3052400VZL: 300 frames, 0 missed exposure, diff avg -0.83 min -4.17 max 1.67 ms
[II] Device 0: joint reconstruction 133201 solved, 2 rejected, 133377 single-camera (0 observations arrived too late to count)
[II] HMD obs quality: full(strong+ids) 300 ids-verified 0 strong 0 prior-agree 0 reacquire 0 rejected 0 | flags: led-ids 300 strong 300
[II] frame-timing WMTD306Q701DEK: 300 frames, 0 missed exposure, diff avg -0.86 min -4.08 max 1.59 ms
[II] HMD obs quality: full(strong+ids) 300 ids-verified 0 strong 0 prior-agree 0 reacquire 0 rejected 0 | flags: led-ids 300 strong 300
[II] frame-timing WMTD3052400VZL: 300 frames, 0 missed exposure, diff avg -0.86 min -4.62 max 1.68 ms
[II] Device 0: joint reconstruction 133501 solved, 2 rejected, 133677 single-camera (0 observations arrived too late to count)
[II] HMD obs quality: full(strong+ids) 300 ids-verified 0 strong 0 prior-agree 0 reacquire 0 rejected 0 | flags: led-ids 300 strong 300
[WW] Exposure timestamp 4004251904 was more than 1.5 IMU samples earlier than IMU ts 4004253514 by 1610 µS
[II] frame-timing WMTD306Q701DEK: 300 frames, 0 missed exposure, diff avg -0.86 min -4.22 max 1.40 ms
[II] HMD obs quality: full(strong+ids) 300 ids-verified 0 strong 0 prior-agree 0 reacquire 0 rejected 0 | flags: led-ids 300 strong 300
[II] frame-timing WMTD3052400VZL: 300 frames, 0 missed exposure, diff avg -0.88 min -3.34 max 1.61 ms
[II] Device 0: joint reconstruction 133801 solved, 2 rejected, 133977 single-camera (0 observations arrived too late to count)
[II] HMD obs quality: full(strong+ids) 300 ids-verified 0 strong 0 prior-agree 0 reacquire 0 rejected 0 | flags: led-ids 300 strong 300
[II] frame-timing WMTD306Q701DEK: 300 frames, 0 missed exposure, diff avg -0.87 min -4.26 max 1.56 ms
[II] HMD obs quality: full(strong+ids) 300 ids-verified 0 strong 0 prior-agree 0 reacquire 0 rejected 0 | flags: led-ids 300 strong 300
[II] frame-timing WMTD3052400VZL: 300 frames, 0 missed exposure, diff avg -0.87 min -3.30 max 1.80 ms
[II] Device 0: joint reconstruction 134101 solved, 2 rejected, 134277 single-camera (0 observations arrived too late to count)
[II] HMD obs quality: full(strong+ids) 300 ids-verified 0 strong 0 prior-agree 0 reacquire 0 rejected 0 | flags: led-ids 300 strong 300
[II] frame-timing WMTD306Q701DEK: 300 frames, 0 missed exposure, diff avg -0.88 min -3.25 max 1.32 ms
[II] HMD obs quality: full(strong+ids) 300 ids-verified 0 strong 0 prior-agree 0 reacquire 0 rejected 0 | flags: led-ids 300 strong 300
[II] frame-timing WMTD3052400VZL: 300 frames, 0 missed exposure, diff avg -0.86 min -4.03 max 1.86 ms
[WW] Exposure timestamp 4019631104 was more than 1.5 IMU samples earlier than IMU ts 4019632781 by 1677 µS
[II] Device 0: joint reconstruction 134401 solved, 2 rejected, 134577 single-camera (0 observations arrived too late to count)
[II] HMD obs quality: full(strong+ids) 300 ids-verified 0 strong 0 prior-agree 0 reacquire 0 rejected 0 | flags: led-ids 300 strong 300
[II] frame-timing WMTD306Q701DEK: 300 frames, 0 missed exposure, diff avg -0.91 min -4.22 max 1.75 ms
[II] HMD obs quality: full(strong+ids) 300 ids-verified 0 strong 0 prior-agree 0 reacquire 0 rejected 0 | flags: led-ids 300 strong 300
[II] frame-timing WMTD3052400VZL: 300 frames, 0 missed exposure, diff avg -0.89 min -4.55 max 1.65 ms
[WW] Exposure timestamp 4025928704 was more than 1.5 IMU samples earlier than IMU ts 4025930357 by 1653 µS
[II] Device 0: joint reconstruction 134701 solved, 2 rejected, 134877 single-camera (0 observations arrived too late to count)
[WW] Exposure timestamp 4026600704 was more than 1.5 IMU samples earlier than IMU ts 4026602639 by 1935 µS
[II] HMD obs quality: full(strong+ids) 300 ids-verified 0 strong 0 prior-agree 0 reacquire 0 rejected 0 | flags: led-ids 300 strong 300
[WW] Exposure timestamp 4027771904 was more than 1.5 IMU samples earlier than IMU ts 4027773745 by 1841 µS
[II] frame-timing WMTD306Q701DEK: 300 frames, 0 missed exposure, diff avg -0.91 min -4.49 max 1.87 ms
[II] HMD obs quality: full(strong+ids) 300 ids-verified 0 strong 0 prior-agree 0 reacquire 0 rejected 0 | flags: led-ids 300 strong 300
[II] frame-timing WMTD3052400VZL: 300 frames, 0 missed exposure, diff avg -0.95 min -3.08 max 1.47 ms
[WW] Exposure timestamp 4030939904 was more than 1.5 IMU samples earlier than IMU ts 4030941570 by 1666 µS
[II] Device 0: joint reconstruction 135001 solved, 2 rejected, 135177 single-camera (0 observations arrived too late to count)
[II] HMD obs quality: full(strong+ids) 300 ids-verified 0 strong 0 prior-agree 0 reacquire 0 rejected 0 | flags: led-ids 300 strong 300
[WW] Exposure timestamp 4033743104 was more than 1.5 IMU samples earlier than IMU ts 4033744722 by 1618 µS
[II] frame-timing WMTD306Q701DEK: 300 frames, 0 missed exposure, diff avg -0.83 min -2.99 max 1.44 ms
[II] HMD obs quality: full(strong+ids) 300 ids-verified 0 strong 0 prior-agree 0 reacquire 0 rejected 0 | flags: led-ids 300 strong 300
[II] frame-timing WMTD3052400VZL: 300 frames, 0 missed exposure, diff avg -0.80 min -3.92 max 1.49 ms
[II] Device 0: joint reconstruction 135301 solved, 2 rejected, 135477 single-camera (0 observations arrived too late to count)
[WW] Exposure timestamp 4038523904 was more than 1.5 IMU samples earlier than IMU ts 4038525512 by 1608 µS
[II] HMD obs quality: full(strong+ids) 300 ids-verified 0 strong 0 prior-agree 0 reacquire 0 rejected 0 | flags: led-ids 300 strong 300
[II] frame-timing WMTD306Q701DEK: 300 frames, 0 missed exposure, diff avg -0.82 min -3.92 max 2.01 ms
[II] HMD obs quality: full(strong+ids) 300 ids-verified 0 strong 0 prior-agree 0 reacquire 0 rejected 0 | flags: led-ids 300 strong 300
[II] frame-timing WMTD3052400VZL: 300 frames, 0 missed exposure, diff avg -0.81 min -4.48 max 1.77 ms
[II] Device 0: joint reconstruction 135601 solved, 2 rejected, 135777 single-camera (0 observations arrived too late to count)
[II] HMD obs quality: full(strong+ids) 300 ids-verified 0 strong 0 prior-agree 0 reacquire 0 rejected 0 | flags: led-ids 300 strong 300
[II] frame-timing WMTD306Q701DEK: 300 frames, 0 missed exposure, diff avg -0.89 min -3.80 max 1.46 ms
[II] HMD obs quality: full(strong+ids) 300 ids-verified 0 strong 0 prior-agree 0 reacquire 0 rejected 0 | flags: led-ids 300 strong 300
[II] frame-timing WMTD3052400VZL: 300 frames, 0 missed exposure, diff avg -0.91 min -3.50 max 1.88 ms
[WW] Exposure timestamp 4048200704 was more than 1.5 IMU samples earlier than IMU ts 4048202351 by 1647 µS
[II] Device 0: joint reconstruction 135901 solved, 2 rejected, 136077 single-camera (0 observations arrived too late to count)
[II] HMD obs quality: full(strong+ids) 300 ids-verified 0 strong 0 prior-agree 0 reacquire 0 rejected 0 | flags: led-ids 300 strong 300
[WW] Exposure timestamp 4052635904 was more than 1.5 IMU samples earlier than IMU ts 4052637458 by 1554 µS
[II] frame-timing WMTD306Q701DEK: 300 frames, 0 missed exposure, diff avg -0.92 min -5.10 max 1.47 ms
[II] HMD obs quality: full(strong+ids) 300 ids-verified 0 strong 0 prior-agree 0 reacquire 0 rejected 0 | flags: led-ids 300 strong 300
[II] frame-timing WMTD3052400VZL: 300 frames, 0 missed exposure, diff avg -0.89 min -3.24 max 1.97 ms
[II] Device 0: joint reconstruction 136201 solved, 2 rejected, 136377 single-camera (0 observations arrived too late to count)
[II] HMD obs quality: full(strong+ids) 300 ids-verified 0 strong 0 prior-agree 0 reacquire 0 rejected 0 | flags: led-ids 300 strong 300
[II] frame-timing WMTD306Q701DEK: 300 frames, 0 missed exposure, diff avg -0.90 min -3.33 max 1.64 ms
[II] HMD obs quality: full(strong+ids) 300 ids-verified 0 strong 0 prior-agree 0 reacquire 0 rejected 0 | flags: led-ids 300 strong 300
[II] frame-timing WMTD3052400VZL: 300 frames, 0 missed exposure, diff avg -0.91 min -4.03 max 1.67 ms
[II] Device 0: joint reconstruction 136501 solved, 2 rejected, 136677 single-camera (0 observations arrived too late to count)
[II] HMD obs quality: full(strong+ids) 300 ids-verified 0 strong 0 prior-agree 0 reacquire 0 rejected 0 | flags: led-ids 300 strong 300
[II] frame-timing WMTD306Q701DEK: 300 frames, 0 missed exposure, diff avg -0.89 min -3.84 max 1.59 ms
[II] HMD obs quality: full(strong+ids) 300 ids-verified 0 strong 0 prior-agree 0 reacquire 0 rejected 0 | flags: led-ids 300 strong 300
[II] frame-timing WMTD3052400VZL: 300 frames, 0 missed exposure, diff avg -0.87 min -4.10 max 1.78 ms
[II] Device 0: joint reconstruction 136801 solved, 2 rejected, 136977 single-camera (0 observations arrived too late to count)
[II] HMD obs quality: full(strong+ids) 300 ids-verified 0 strong 0 prior-agree 0 reacquire 0 rejected 0 | flags: led-ids 300 strong 300
[WW] Exposure timestamp 4068360704 was more than 1.5 IMU samples earlier than IMU ts 4068362373 by 1669 µS
[II] frame-timing WMTD306Q701DEK: 300 frames, 0 missed exposure, diff avg -0.90 min -3.67 max 1.53 ms
[WW] Exposure timestamp 4070107904 was more than 1.5 IMU samples earlier than IMU ts 4070109590 by 1686 µS
[II] HMD obs quality: full(strong+ids) 300 ids-verified 0 strong 0 prior-agree 0 reacquire 0 rejected 0 | flags: led-ids 300 strong 300
[II] frame-timing WMTD3052400VZL: 300 frames, 0 missed exposure, diff avg -0.88 min -4.05 max 1.77 ms
[II] Device 0: joint reconstruction 137101 solved, 2 rejected, 137277 single-camera (0 observations arrived too late to count)
[II] HMD obs quality: full(strong+ids) 300 ids-verified 0 strong 0 prior-agree 0 reacquire 0 rejected 0 | flags: led-ids 300 strong 300
[II] frame-timing WMTD306Q701DEK: 300 frames, 0 missed exposure, diff avg -0.86 min -4.32 max 1.82 ms
[II] HMD obs quality: full(strong+ids) 300 ids-verified 0 strong 0 prior-agree 0 reacquire 0 rejected 0 | flags: led-ids 300 strong 300
[II] frame-timing WMTD3052400VZL: 300 frames, 0 missed exposure, diff avg -0.88 min -4.07 max 1.76 ms
[WW] Exposure timestamp 4077115904 was more than 1.5 IMU samples earlier than IMU ts 4077117474 by 1570 µS
[II] Device 0: joint reconstruction 137401 solved, 2 rejected, 137577 single-camera (0 observations arrived too late to count)
[II] HMD obs quality: full(strong+ids) 300 ids-verified 0 strong 0 prior-agree 0 reacquire 0 rejected 0 | flags: led-ids 300 strong 300
[II] frame-timing WMTD306Q701DEK: 300 frames, 0 missed exposure, diff avg -0.87 min -3.17 max 1.78 ms
[II] HMD obs quality: full(strong+ids) 300 ids-verified 0 strong 0 prior-agree 0 reacquire 0 rejected 0 | flags: led-ids 300 strong 300
[II] frame-timing WMTD3052400VZL: 300 frames, 0 missed exposure, diff avg -0.84 min -4.29 max 1.72 ms
[II] Device 0: joint reconstruction 137701 solved, 2 rejected, 137877 single-camera (0 observations arrived too late to count)
[II] HMD obs quality: full(strong+ids) 300 ids-verified 0 strong 0 prior-agree 0 reacquire 0 rejected 0 | flags: led-ids 300 strong 300
[II] frame-timing WMTD306Q701DEK: 300 frames, 0 missed exposure, diff avg -0.87 min -3.72 max 1.75 ms
[II] HMD obs quality: full(strong+ids) 300 ids-verified 0 strong 0 prior-agree 0 reacquire 0 rejected 0 | flags: led-ids 300 strong 300
[II] frame-timing WMTD3052400VZL: 300 frames, 0 missed exposure, diff avg -0.87 min -3.62 max 1.91 ms
[II] Device 0: joint reconstruction 138001 solved, 2 rejected, 138177 single-camera (0 observations arrived too late to count)
[II] HMD obs quality: full(strong+ids) 300 ids-verified 0 strong 0 prior-agree 0 reacquire 0 rejected 0 | flags: led-ids 300 strong 300
[II] frame-timing WMTD306Q701DEK: 300 frames, 0 missed exposure, diff avg -0.89 min -4.10 max 1.76 ms
[II] HMD obs quality: full(strong+ids) 300 ids-verified 0 strong 0 prior-agree 0 reacquire 0 rejected 0 | flags: led-ids 300 strong 300
[WW] Exposure timestamp 4093647104 was more than 1.5 IMU samples earlier than IMU ts 4093648880 by 1776 µS
[II] frame-timing WMTD3052400VZL: 300 frames, 0 missed exposure, diff avg -0.91 min -3.48 max 2.01 ms
[II] Device 0: joint reconstruction 138301 solved, 2 rejected, 138477 single-camera (0 observations arrived too late to count)
[II] HMD obs quality: full(strong+ids) 300 ids-verified 0 strong 0 prior-agree 0 reacquire 0 rejected 0 | flags: led-ids 300 strong 300
[WW] Exposure timestamp 4097352704 was more than 1.5 IMU samples earlier than IMU ts 4097354697 by 1993 µS
[WW] Exposure timestamp 4097698304 was more than 1.5 IMU samples earlier than IMU ts 4097700333 by 2029 µS
[II] frame-timing WMTD306Q701DEK: 300 frames, 0 missed exposure, diff avg -0.94 min -4.37 max 1.61 ms
[II] HMD obs quality: full(strong+ids) 300 ids-verified 0 strong 0 prior-agree 0 reacquire 0 rejected 0 | flags: led-ids 300 strong 300
[II] frame-timing WMTD3052400VZL: 300 frames, 0 missed exposure, diff avg -0.91 min -3.57 max 1.84 ms
[II] Device 0: joint reconstruction 138601 solved, 2 rejected, 138777 single-camera (0 observations arrived too late to count)
[II] HMD obs quality: full(strong+ids) 300 ids-verified 0 strong 0 prior-agree 0 reacquire 0 rejected 0 | flags: led-ids 300 strong 300
[WW] Exposure timestamp 4102632704 was more than 1.5 IMU samples earlier than IMU ts 4102634410 by 1706 µS
[II] frame-timing WMTD306Q701DEK: 300 frames, 0 missed exposure, diff avg -0.89 min -4.46 max 1.72 ms
[II] HMD obs quality: full(strong+ids) 300 ids-verified 0 strong 0 prior-agree 0 reacquire 0 rejected 0 | flags: led-ids 300 strong 300
[II] frame-timing WMTD3052400VZL: 300 frames, 0 missed exposure, diff avg -0.87 min -4.17 max 1.31 ms
[II] Device 0: joint reconstruction 138901 solved, 2 rejected, 139077 single-camera (0 observations arrived too late to count)
[II] HMD obs quality: full(strong+ids) 300 ids-verified 0 strong 0 prior-agree 0 reacquire 0 rejected 0 | flags: led-ids 300 strong 300
[II] frame-timing WMTD306Q701DEK: 300 frames, 0 missed exposure, diff avg -0.79 min -3.68 max 1.98 ms
[II] HMD obs quality: full(strong+ids) 300 ids-verified 0 strong 0 prior-agree 0 reacquire 0 rejected 0 | flags: led-ids 300 strong 300
[II] frame-timing WMTD3052400VZL: 300 frames, 0 missed exposure, diff avg -0.80 min -3.18 max 1.62 ms
[II] Device 0: joint reconstruction 139201 solved, 2 rejected, 139377 single-camera (0 observations arrived too late to count)
[II] HMD obs quality: full(strong+ids) 300 ids-verified 0 strong 0 prior-agree 0 reacquire 0 rejected 0 | flags: led-ids 300 strong 300
[II] frame-timing WMTD306Q701DEK: 300 frames, 0 missed exposure, diff avg -0.93 min -4.08 max 1.45 ms
[II] HMD obs quality: full(strong+ids) 300 ids-verified 0 strong 0 prior-agree 0 reacquire 0 rejected 0 | flags: led-ids 300 strong 300
[WW] Exposure timestamp 4116744704 was more than 1.5 IMU samples earlier than IMU ts 4116746371 by 1667 µS
[II] frame-timing WMTD3052400VZL: 300 frames, 0 missed exposure, diff avg -0.92 min -3.41 max 1.59 ms
[II] Device 0: joint reconstruction 139501 solved, 2 rejected, 139677 single-camera (0 observations arrived too late to count)
[II] HMD obs quality: full(strong+ids) 300 ids-verified 0 strong 0 prior-agree 0 reacquire 0 rejected 0 | flags: led-ids 300 strong 300
[II] frame-timing WMTD306Q701DEK: 300 frames, 0 missed exposure, diff avg -0.91 min -4.12 max 1.45 ms
[WW] Exposure timestamp 4122120704 was more than 1.5 IMU samples earlier than IMU ts 4122122262 by 1558 µS
[II] HMD obs quality: full(strong+ids) 300 ids-verified 0 strong 0 prior-agree 0 reacquire 0 rejected 0 | flags: led-ids 300 strong 300
[II] frame-timing WMTD3052400VZL: 300 frames, 0 missed exposure, diff avg -0.93 min -3.72 max 1.42 ms
[II] Device 0: joint reconstruction 139801 solved, 2 rejected, 139977 single-camera (0 observations arrived too late to count)
[WW] Exposure timestamp 4124808704 was more than 1.5 IMU samples earlier than IMU ts 4124810208 by 1504 µS
[II] HMD obs quality: full(strong+ids) 300 ids-verified 0 strong 0 prior-agree 0 reacquire 0 rejected 0 | flags: led-ids 300 strong 300
[II] frame-timing WMTD306Q701DEK: 300 frames, 0 missed exposure, diff avg -0.90 min -4.21 max 1.70 ms
[II] HMD obs quality: full(strong+ids) 300 ids-verified 0 strong 0 prior-agree 0 reacquire 0 rejected 0 | flags: led-ids 300 strong 300
[II] frame-timing WMTD3052400VZL: 300 frames, 0 missed exposure, diff avg -0.87 min -4.00 max 1.83 ms
[II] Device 0: joint reconstruction 140101 solved, 2 rejected, 140277 single-camera (0 observations arrived too late to count)
[II] HMD obs quality: full(strong+ids) 300 ids-verified 0 strong 0 prior-agree 0 reacquire 0 rejected 0 | flags: led-ids 300 strong 300
[II] frame-timing WMTD306Q701DEK: 300 frames, 0 missed exposure, diff avg -0.92 min -3.50 max 2.11 ms
[WW] Exposure timestamp 4133429504 was more than 1.5 IMU samples earlier than IMU ts 4133431069 by 1565 µS
[WW] Exposure timestamp 4133659904 was more than 1.5 IMU samples earlier than IMU ts 4133661495 by 1591 µS
[II] HMD obs quality: full(strong+ids) 300 ids-verified 0 strong 0 prior-agree 0 reacquire 0 rejected 0 | flags: led-ids 300 strong 300
[WW] Exposure timestamp 4133775104 was more than 1.5 IMU samples earlier than IMU ts 4133776706 by 1602 µS
[II] frame-timing WMTD3052400VZL: 300 frames, 0 missed exposure, diff avg -0.92 min -3.33 max 1.59 ms
[II] Device 0: joint reconstruction 140401 solved, 2 rejected, 140577 single-camera (0 observations arrived too late to count)
[WW] Exposure timestamp 4135867904 was more than 1.5 IMU samples earlier than IMU ts 4135869557 by 1653 µS
[II] HMD obs quality: full(strong+ids) 300 ids-verified 0 strong 0 prior-agree 0 reacquire 0 rejected 0 | flags: led-ids 300 strong 300
[WW] Exposure timestamp 4139131904 was more than 1.5 IMU samples earlier than IMU ts 4139133563 by 1659 µS
[II] frame-timing WMTD306Q701DEK: 300 frames, 0 missed exposure, diff avg -0.94 min -4.10 max 1.53 ms
[II] HMD obs quality: full(strong+ids) 300 ids-verified 0 strong 0 prior-agree 0 reacquire 0 rejected 0 | flags: led-ids 300 strong 300
[II] frame-timing WMTD3052400VZL: 300 frames, 0 missed exposure, diff avg -0.92 min -3.57 max 1.78 ms
[II] Device 0: joint reconstruction 140701 solved, 2 rejected, 140877 single-camera (0 observations arrived too late to count)
[II] HMD obs quality: full(strong+ids) 300 ids-verified 0 strong 0 prior-agree 0 reacquire 0 rejected 0 | flags: led-ids 300 strong 300
[II] frame-timing WMTD306Q701DEK: 300 frames, 0 missed exposure, diff avg -0.89 min -3.87 max 1.32 ms
[II] HMD obs quality: full(strong+ids) 300 ids-verified 0 strong 0 prior-agree 0 reacquire 0 rejected 0 | flags: led-ids 300 strong 300
[II] frame-timing WMTD3052400VZL: 300 frames, 0 missed exposure, diff avg -0.88 min -3.39 max 1.24 ms
[II] Device 0: joint reconstruction 141001 solved, 2 rejected, 141177 single-camera (0 observations arrived too late to count)
[II] HMD obs quality: full(strong+ids) 300 ids-verified 0 strong 0 prior-agree 0 reacquire 0 rejected 0 | flags: led-ids 300 strong 300
[WW] Exposure timestamp 4148808704 was more than 1.5 IMU samples earlier than IMU ts 4148810371 by 1667 µS
[II] frame-timing WMTD306Q701DEK: 300 frames, 0 missed exposure, diff avg -0.84 min -3.12 max 2.05 ms
[II] HMD obs quality: full(strong+ids) 300 ids-verified 0 strong 0 prior-agree 0 reacquire 0 rejected 0 | flags: led-ids 300 strong 300
[II] frame-timing WMTD3052400VZL: 300 frames, 0 missed exposure, diff avg -0.82 min -3.71 max 1.67 ms
[II] Device 0: joint reconstruction 141301 solved, 2 rejected, 141477 single-camera (0 observations arrived too late to count)
[II] HMD obs quality: full(strong+ids) 300 ids-verified 0 strong 0 prior-agree 0 reacquire 0 rejected 0 | flags: led-ids 300 strong 300
[II] frame-timing WMTD306Q701DEK: 300 frames, 0 missed exposure, diff avg -0.85 min -3.44 max 1.89 ms
[II] HMD obs quality: full(strong+ids) 300 ids-verified 0 strong 0 prior-agree 0 reacquire 0 rejected 0 | flags: led-ids 300 strong 300
[II] frame-timing WMTD3052400VZL: 300 frames, 0 missed exposure, diff avg -0.86 min -4.08 max 1.39 ms
[II] Device 0: joint reconstruction 141601 solved, 2 rejected, 141777 single-camera (0 observations arrived too late to count)
[II] HMD obs quality: full(strong+ids) 300 ids-verified 0 strong 0 prior-agree 0 reacquire 0 rejected 0 | flags: led-ids 300 strong 300
[II] frame-timing WMTD306Q701DEK: 300 frames, 0 missed exposure, diff avg -0.94 min -3.88 max 1.43 ms
[II] HMD obs quality: full(strong+ids) 300 ids-verified 0 strong 0 prior-agree 0 reacquire 0 rejected 0 | flags: led-ids 300 strong 300
[II] frame-timing WMTD3052400VZL: 300 frames, 0 missed exposure, diff avg -0.93 min -3.45 max 1.72 ms
[II] Device 0: joint reconstruction 141901 solved, 2 rejected, 142077 single-camera (0 observations arrived too late to count)
[II] HMD obs quality: full(strong+ids) 300 ids-verified 0 strong 0 prior-agree 0 reacquire 0 rejected 0 | flags: led-ids 300 strong 300
[II] frame-timing WMTD306Q701DEK: 300 frames, 0 missed exposure, diff avg -0.85 min -3.72 max 1.64 ms
[II] HMD obs quality: full(strong+ids) 300 ids-verified 0 strong 0 prior-agree 0 reacquire 0 rejected 0 | flags: led-ids 300 strong 300
[WW] Exposure timestamp 4168623104 was more than 1.5 IMU samples earlier than IMU ts 4168624839 by 1735 µS
[II] frame-timing WMTD3052400VZL: 300 frames, 0 missed exposure, diff avg -0.88 min -3.62 max 2.09 ms
[II] Device 0: joint reconstruction 142201 solved, 2 rejected, 142377 single-camera (0 observations arrived too late to count)
[WW] Exposure timestamp 4170235904 was more than 1.5 IMU samples earlier than IMU ts 4170237809 by 1905 µS
[II] HMD obs quality: full(strong+ids) 300 ids-verified 0 strong 0 prior-agree 0 reacquire 0 rejected 0 | flags: led-ids 300 strong 300
[II] frame-timing WMTD306Q701DEK: 300 frames, 0 missed exposure, diff avg -0.92 min -4.19 max 1.41 ms
[WW] Exposure timestamp 4173883904 was more than 1.5 IMU samples earlier than IMU ts 4173885523 by 1619 µS
[II] HMD obs quality: full(strong+ids) 300 ids-verified 0 strong 0 prior-agree 0 reacquire 0 rejected 0 | flags: led-ids 300 strong 300
[II] frame-timing WMTD3052400VZL: 300 frames, 0 missed exposure, diff avg -0.90 min -3.71 max 1.72 ms
[II] Device 0: joint reconstruction 142501 solved, 2 rejected, 142677 single-camera (0 observations arrived too late to count)
[II] HMD obs quality: full(strong+ids) 300 ids-verified 0 strong 0 prior-agree 0 reacquire 0 rejected 0 | flags: led-ids 300 strong 300
[II] frame-timing WMTD306Q701DEK: 300 frames, 0 missed exposure, diff avg -0.96 min -4.32 max 1.75 ms
[II] HMD obs quality: full(strong+ids) 300 ids-verified 0 strong 0 prior-agree 0 reacquire 0 rejected 0 | flags: led-ids 300 strong 300
[II] frame-timing WMTD3052400VZL: 300 frames, 0 missed exposure, diff avg -0.93 min -4.39 max 1.56 ms
[II] Device 0: joint reconstruction 142801 solved, 2 rejected, 142977 single-camera (0 observations arrived too late to count)
[II] HMD obs quality: full(strong+ids) 300 ids-verified 0 strong 0 prior-agree 0 reacquire 0 rejected 0 | flags: led-ids 300 strong 300
[II] frame-timing WMTD306Q701DEK: 300 frames, 0 missed exposure, diff avg -0.88 min -3.43 max 1.71 ms
[II] HMD obs quality: full(strong+ids) 300 ids-verified 0 strong 0 prior-agree 0 reacquire 0 rejected 0 | flags: led-ids 300 strong 300
[II] frame-timing WMTD3052400VZL: 300 frames, 0 missed exposure, diff avg -0.91 min -3.22 max 1.73 ms
[II] Device 0: joint reconstruction 143101 solved, 2 rejected, 143277 single-camera (0 observations arrived too late to count)
[II] HMD obs quality: full(strong+ids) 300 ids-verified 0 strong 0 prior-agree 0 reacquire 0 rejected 0 | flags: led-ids 300 strong 300
[WW] Exposure timestamp 4190568704 was more than 1.5 IMU samples earlier than IMU ts 4190570238 by 1534 µS
[WW] Exposure timestamp 4190664704 was more than 1.5 IMU samples earlier than IMU ts 4190666415 by 1711 µS
[II] frame-timing WMTD306Q701DEK: 300 frames, 0 missed exposure, diff avg -0.93 min -4.23 max 1.74 ms
[II] HMD obs quality: full(strong+ids) 300 ids-verified 0 strong 0 prior-agree 0 reacquire 0 rejected 0 | flags: led-ids 300 strong 300
[II] frame-timing WMTD3052400VZL: 300 frames, 0 missed exposure, diff avg -0.90 min -3.79 max 1.64 ms
[II] Device 0: joint reconstruction 143401 solved, 2 rejected, 143577 single-camera (0 observations arrived too late to count)
[II] HMD obs quality: full(strong+ids) 300 ids-verified 0 strong 0 prior-agree 0 reacquire 0 rejected 0 | flags: led-ids 300 strong 300
[II] frame-timing WMTD306Q701DEK: 300 frames, 0 missed exposure, diff avg -0.89 min -4.05 max 1.61 ms
[II] HMD obs quality: full(strong+ids) 300 ids-verified 0 strong 0 prior-agree 0 reacquire 0 rejected 0 | flags: led-ids 300 strong 300
[II] frame-timing WMTD3052400VZL: 300 frames, 0 missed exposure, diff avg -0.90 min -4.19 max 1.63 ms
[II] Device 0: joint reconstruction 143701 solved, 2 rejected, 143877 single-camera (0 observations arrived too late to count)
[WW] Exposure timestamp 4199419904 was more than 1.5 IMU samples earlier than IMU ts 4199421534 by 1630 µS
[II] HMD obs quality: full(strong+ids) 300 ids-verified 0 strong 0 prior-agree 0 reacquire 0 rejected 0 | flags: led-ids 300 strong 300
[II] frame-timing WMTD306Q701DEK: 300 frames, 0 missed exposure, diff avg -0.92 min -4.24 max 1.70 ms
[II] HMD obs quality: full(strong+ids) 300 ids-verified 0 strong 0 prior-agree 0 reacquire 0 rejected 0 | flags: led-ids 300 strong 300
[II] frame-timing WMTD3052400VZL: 300 frames, 0 missed exposure, diff avg -0.90 min -3.84 max 1.48 ms
[WW] Exposure timestamp 4204565504 was more than 1.5 IMU samples earlier than IMU ts 4204567009 by 1505 µS
[II] Device 0: joint reconstruction 144001 solved, 2 rejected, 144177 single-camera (0 observations arrived too late to count)
[II] HMD obs quality: full(strong+ids) 300 ids-verified 0 strong 0 prior-agree 0 reacquire 0 rejected 0 | flags: led-ids 300 strong 300
[II] frame-timing WMTD306Q701DEK: 300 frames, 0 missed exposure, diff avg -0.90 min -3.44 max 1.76 ms
[II] HMD obs quality: full(strong+ids) 300 ids-verified 0 strong 0 prior-agree 0 reacquire 0 rejected 0 | flags: led-ids 300 strong 300
[II] frame-timing WMTD3052400VZL: 300 frames, 0 missed exposure, diff avg -0.88 min -4.38 max 1.33 ms
[II] Device 0: joint reconstruction 144301 solved, 2 rejected, 144477 single-camera (0 observations arrived too late to count)
[II] HMD obs quality: full(strong+ids) 300 ids-verified 0 strong 0 prior-agree 0 reacquire 0 rejected 0 | flags: led-ids 300 strong 300
[II] frame-timing WMTD306Q701DEK: 300 frames, 0 missed exposure, diff avg -0.82 min -3.59 max 2.19 ms
[II] HMD obs quality: full(strong+ids) 300 ids-verified 0 strong 0 prior-agree 0 reacquire 0 rejected 0 | flags: led-ids 300 strong 300
[II] frame-timing WMTD3052400VZL: 300 frames, 0 missed exposure, diff avg -0.85 min -3.05 max 1.90 ms
[II] Device 0: joint reconstruction 144601 solved, 2 rejected, 144777 single-camera (0 observations arrived too late to count)
[II] HMD obs quality: full(strong+ids) 300 ids-verified 0 strong 0 prior-agree 0 reacquire 0 rejected 0 | flags: led-ids 300 strong 300
[WW] Exposure timestamp 4218888704 was more than 1.5 IMU samples earlier than IMU ts 4218890384 by 1680 µS
[II] frame-timing WMTD306Q701DEK: 300 frames, 0 missed exposure, diff avg -0.91 min -3.65 max 1.43 ms
[II] HMD obs quality: full(strong+ids) 300 ids-verified 0 strong 0 prior-agree 0 reacquire 0 rejected 0 | flags: led-ids 300 strong 300
[II] frame-timing WMTD3052400VZL: 300 frames, 0 missed exposure, diff avg -0.88 min -3.33 max 1.52 ms
[II] Device 0: joint reconstruction 144901 solved, 2 rejected, 145077 single-camera (0 observations arrived too late to count)
[II] HMD obs quality: full(strong+ids) 300 ids-verified 0 strong 0 prior-agree 0 reacquire 0 rejected 0 | flags: led-ids 300 strong 300
[II] frame-timing WMTD306Q701DEK: 300 frames, 0 missed exposure, diff avg -0.90 min -4.00 max 1.24 ms
[II] HMD obs quality: full(strong+ids) 300 ids-verified 0 strong 0 prior-agree 0 reacquire 0 rejected 0 | flags: led-ids 300 strong 300
[II] frame-timing WMTD3052400VZL: 300 frames, 0 missed exposure, diff avg -0.87 min -3.99 max 1.40 ms
[II] Device 0: joint reconstruction 145201 solved, 2 rejected, 145377 single-camera (0 observations arrived too late to count)
[II] HMD obs quality: full(strong+ids) 300 ids-verified 0 strong 0 prior-agree 0 reacquire 0 rejected 0 | flags: led-ids 300 strong 300
[II] frame-timing WMTD306Q701DEK: 300 frames, 0 missed exposure, diff avg -0.88 min -3.25 max 1.48 ms
[II] HMD obs quality: full(strong+ids) 300 ids-verified 0 strong 0 prior-agree 0 reacquire 0 rejected 0 | flags: led-ids 300 strong 300
[II] frame-timing WMTD3052400VZL: 300 frames, 0 missed exposure, diff avg -0.94 min -4.20 max 1.45 ms
[II] Device 0: joint reconstruction 145501 solved, 2 rejected, 145677 single-camera (0 observations arrived too late to count)
[II] HMD obs quality: full(strong+ids) 300 ids-verified 0 strong 0 prior-agree 0 reacquire 0 rejected 0 | flags: led-ids 300 strong 300
[WW] Exposure timestamp 4235803904 was more than 1.5 IMU samples earlier than IMU ts 4235805537 by 1633 µS
[WW] Exposure timestamp 4236859904 was more than 1.5 IMU samples earlier than IMU ts 4236861482 by 1578 µS
[II] frame-timing WMTD306Q701DEK: 300 frames, 0 missed exposure, diff avg -0.97 min -4.61 max 1.46 ms
[II] HMD obs quality: full(strong+ids) 300 ids-verified 0 strong 0 prior-agree 0 reacquire 0 rejected 0 | flags: led-ids 300 strong 300
[II] frame-timing WMTD3052400VZL: 300 frames, 0 missed exposure, diff avg -0.97 min -4.53 max 1.28 ms
[II] Device 0: joint reconstruction 145801 solved, 2 rejected, 145977 single-camera (0 observations arrived too late to count)
[II] HMD obs quality: full(strong+ids) 300 ids-verified 0 strong 0 prior-agree 0 reacquire 0 rejected 0 | flags: led-ids 300 strong 300
[WW] Exposure timestamp 4241986304 was more than 1.5 IMU samples earlier than IMU ts 4241987924 by 1620 µS
[II] frame-timing WMTD306Q701DEK: 300 frames, 0 missed exposure, diff avg -0.92 min -3.47 max 1.63 ms
[II] HMD obs quality: full(strong+ids) 300 ids-verified 0 strong 0 prior-agree 0 reacquire 0 rejected 0 | flags: led-ids 300 strong 300
[II] frame-timing WMTD3052400VZL: 300 frames, 0 missed exposure, diff avg -0.87 min -3.30 max 1.76 ms
[II] Device 0: joint reconstruction 146101 solved, 2 rejected, 146277 single-camera (0 observations arrived too late to count)
[II] HMD obs quality: full(strong+ids) 300 ids-verified 0 strong 0 prior-agree 0 reacquire 0 rejected 0 | flags: led-ids 300 strong 300
[II] frame-timing WMTD306Q701DEK: 300 frames, 0 missed exposure, diff avg -0.90 min -3.78 max 1.81 ms
[II] HMD obs quality: full(strong+ids) 300 ids-verified 0 strong 0 prior-agree 0 reacquire 0 rejected 0 | flags: led-ids 300 strong 300
[II] frame-timing WMTD3052400VZL: 300 frames, 0 missed exposure, diff avg -0.89 min -3.48 max 2.11 ms
[II] Device 0: joint reconstruction 146401 solved, 2 rejected, 146577 single-camera (0 observations arrived too late to count)
[II] HMD obs quality: full(strong+ids) 300 ids-verified 0 strong 0 prior-agree 0 reacquire 0 rejected 0 | flags: led-ids 300 strong 300
[II] frame-timing WMTD306Q701DEK: 300 frames, 0 missed exposure, diff avg -0.92 min -3.64 max 1.62 ms
[II] HMD obs quality: full(strong+ids) 300 ids-verified 0 strong 0 prior-agree 0 reacquire 0 rejected 0 | flags: led-ids 300 strong 300
[II] frame-timing WMTD3052400VZL: 300 frames, 0 missed exposure, diff avg -0.96 min -3.40 max 1.61 ms
[II] Device 0: joint reconstruction 146701 solved, 2 rejected, 146877 single-camera (0 observations arrived too late to count)
[II] HMD obs quality: full(strong+ids) 300 ids-verified 0 strong 0 prior-agree 0 reacquire 0 rejected 0 | flags: led-ids 300 strong 300
[II] frame-timing WMTD306Q701DEK: 300 frames, 0 missed exposure, diff avg -0.88 min -4.80 max 1.84 ms
[II] HMD obs quality: full(strong+ids) 300 ids-verified 0 strong 0 prior-agree 0 reacquire 0 rejected 0 | flags: led-ids 300 strong 300
[WW] Exposure timestamp 4260648704 was more than 1.5 IMU samples earlier than IMU ts 4260650301 by 1597 µS
[II] frame-timing WMTD3052400VZL: 300 frames, 0 missed exposure, diff avg -0.88 min -4.60 max 1.31 ms
[II] Device 0: joint reconstruction 147001 solved, 2 rejected, 147177 single-camera (0 observations arrived too late to count)
[II] HMD obs quality: full(strong+ids) 300 ids-verified 0 strong 0 prior-agree 0 reacquire 0 rejected 0 | flags: led-ids 300 strong 300
[WW] Exposure timestamp 4264507904 was more than 1.5 IMU samples earlier than IMU ts 4264509410 by 1506 µS
[II] frame-timing WMTD306Q701DEK: 300 frames, 0 missed exposure, diff avg -0.86 min -4.15 max 1.71 ms
[II] HMD obs quality: full(strong+ids) 300 ids-verified 0 strong 0 prior-agree 0 reacquire 0 rejected 0 | flags: led-ids 300 strong 300
[II] frame-timing WMTD3052400VZL: 300 frames, 0 missed exposure, diff avg -0.83 min -4.00 max 1.76 ms
[WW] Exposure timestamp 4267176704 was more than 1.5 IMU samples earlier than IMU ts 4267178327 by 1623 µS
[WW] Exposure timestamp 4267656704 was more than 1.5 IMU samples earlier than IMU ts 4267658211 by 1507 µS
[II] Device 0: joint reconstruction 147301 solved, 2 rejected, 147477 single-camera (0 observations arrived too late to count)
[II] HMD obs quality: full(strong+ids) 300 ids-verified 0 strong 0 prior-agree 0 reacquire 0 rejected 0 | flags: led-ids 300 strong 300
[II] frame-timing WMTD306Q701DEK: 300 frames, 0 missed exposure, diff avg -0.90 min -3.42 max 1.69 ms
[II] HMD obs quality: full(strong+ids) 300 ids-verified 0 strong 0 prior-agree 0 reacquire 0 rejected 0 | flags: led-ids 300 strong 300
[II] frame-timing WMTD3052400VZL: 300 frames, 0 missed exposure, diff avg -0.84 min -3.32 max 1.60 ms
[II] Device 0: joint reconstruction 147601 solved, 2 rejected, 147777 single-camera (0 observations arrived too late to count)
[II] HMD obs quality: full(strong+ids) 300 ids-verified 0 strong 0 prior-agree 0 reacquire 0 rejected 0 | flags: led-ids 300 strong 300
[II] frame-timing WMTD306Q701DEK: 300 frames, 0 missed exposure, diff avg -0.86 min -3.52 max 1.90 ms
[II] HMD obs quality: full(strong+ids) 300 ids-verified 0 strong 0 prior-agree 0 reacquire 0 rejected 0 | flags: led-ids 300 strong 300
[II] frame-timing WMTD3052400VZL: 300 frames, 0 missed exposure, diff avg -0.86 min -3.41 max 1.99 ms
[II] Device 0: joint reconstruction 147901 solved, 2 rejected, 148077 single-camera (0 observations arrived too late to count)
[II] HMD obs quality: full(strong+ids) 300 ids-verified 0 strong 0 prior-agree 0 reacquire 0 rejected 0 | flags: led-ids 300 strong 300
[WW] Exposure timestamp 4283035904 was more than 1.5 IMU samples earlier than IMU ts 4283037545 by 1641 µS
[II] frame-timing WMTD306Q701DEK: 300 frames, 0 missed exposure, diff avg -0.88 min -3.96 max 2.16 ms
[II] HMD obs quality: full(strong+ids) 300 ids-verified 0 strong 0 prior-agree 0 reacquire 0 rejected 0 | flags: led-ids 300 strong 300
[II] frame-timing WMTD3052400VZL: 300 frames, 0 missed exposure, diff avg -0.89 min -4.06 max 2.09 ms
[WW] Exposure timestamp 4284648704 was more than 1.5 IMU samples earlier than IMU ts 4284650517 by 1813 µS
[II] Device 0: joint reconstruction 148201 solved, 2 rejected, 148377 single-camera (0 observations arrived too late to count)
[II] HMD obs quality: full(strong+ids) 300 ids-verified 0 strong 0 prior-agree 0 reacquire 0 rejected 0 | flags: led-ids 300 strong 300
[WW] Exposure timestamp 4286415104 was more than 1.5 IMU samples earlier than IMU ts 4286416771 by 1667 µS
[II] frame-timing WMTD306Q701DEK: 300 frames, 0 missed exposure, diff avg -0.90 min -4.04 max 1.73 ms
[II] HMD obs quality: full(strong+ids) 300 ids-verified 0 strong 0 prior-agree 0 reacquire 0 rejected 0 | flags: led-ids 300 strong 300
[WW] Exposure timestamp 4289583104 was more than 1.5 IMU samples earlier than IMU ts 4289584608 by 1504 µS
[II] frame-timing WMTD3052400VZL: 300 frames, 0 missed exposure, diff avg -0.89 min -4.14 max 1.57 ms
[WW] Exposure timestamp 4290619904 was more than 1.5 IMU samples earlier than IMU ts 4290621519 by 1615 µS
[II] Device 0: joint reconstruction 148501 solved, 2 rejected, 148677 single-camera (0 observations arrived too late to count)
[II] HMD obs quality: full(strong+ids) 300 ids-verified 0 strong 0 prior-agree 0 reacquire 0 rejected 0 | flags: led-ids 300 strong 300
[II] frame-timing WMTD306Q701DEK: 300 frames, 0 missed exposure, diff avg -0.89 min -3.80 max 1.41 ms
[II] HMD obs quality: full(strong+ids) 300 ids-verified 0 strong 0 prior-agree 0 reacquire 0 rejected 0 | flags: led-ids 300 strong 300
[II] frame-timing WMTD3052400VZL: 300 frames, 0 missed exposure, diff avg -0.89 min -3.82 max 1.57 ms
[II] Device 0: joint reconstruction 148801 solved, 2 rejected, 149014 single-camera (0 observations arrived too late to count)
[II] HMD obs quality: full(strong+ids) 300 ids-verified 0 strong 0 prior-agree 0 reacquire 0 rejected 0 | flags: led-ids 300 strong 300
[WW] Exposure timestamp 3812608 was more than 1.5 IMU samples earlier than IMU ts 3814259 by 1651 µS
[II] frame-timing WMTD306Q701DEK: 300 frames, 0 missed exposure, diff avg -0.86 min -3.38 max 1.62 ms
[II] HMD obs quality: full(strong+ids) 300 ids-verified 0 strong 0 prior-agree 0 reacquire 0 rejected 0 | flags: led-ids 300 strong 300
[II] frame-timing WMTD3052400VZL: 300 frames, 0 missed exposure, diff avg -0.86 min -3.52 max 1.51 ms
[WW] Exposure timestamp 7441408 was more than 1.5 IMU samples earlier than IMU ts 7442991 by 1583 µS
[II] Device 0: joint reconstruction 149101 solved, 2 rejected, 149314 single-camera (0 observations arrived too late to count)
[WW] Exposure timestamp 8804608 was more than 1.5 IMU samples earlier than IMU ts 8806458 by 1850 µS
[II] HMD obs quality: full(strong+ids) 300 ids-verified 0 strong 0 prior-agree 0 reacquire 0 rejected 0 | flags: led-ids 300 strong 300
[WW] Exposure timestamp 9150208 was more than 1.5 IMU samples earlier than IMU ts 9152096 by 1888 µS
[II] frame-timing WMTD306Q701DEK: 300 frames, 0 missed exposure, diff avg -0.87 min -3.22 max 1.79 ms
[II] HMD obs quality: full(strong+ids) 300 ids-verified 0 strong 0 prior-agree 0 reacquire 0 rejected 0 | flags: led-ids 300 strong 300
[II] frame-timing WMTD3052400VZL: 300 frames, 0 missed exposure, diff avg -0.86 min -3.20 max 1.76 ms
[II] Device 0: joint reconstruction 149401 solved, 2 rejected, 149614 single-camera (0 observations arrived too late to count)
[II] HMD obs quality: full(strong+ids) 300 ids-verified 0 strong 0 prior-agree 0 reacquire 0 rejected 0 | flags: led-ids 300 strong 300
[II] frame-timing WMTD306Q701DEK: 300 frames, 0 missed exposure, diff avg -0.92 min -3.15 max 1.63 ms
[II] HMD obs quality: full(strong+ids) 300 ids-verified 0 strong 0 prior-agree 0 reacquire 0 rejected 0 | flags: led-ids 300 strong 300
[II] frame-timing WMTD3052400VZL: 300 frames, 0 missed exposure, diff avg -0.88 min -3.40 max 1.47 ms
[II] Device 0: joint reconstruction 149701 solved, 2 rejected, 149914 single-camera (0 observations arrived too late to count)
[II] HMD obs quality: full(strong+ids) 300 ids-verified 0 strong 0 prior-agree 0 reacquire 0 rejected 0 | flags: led-ids 300 strong 300
[WW] Exposure timestamp 21073408 was more than 1.5 IMU samples earlier than IMU ts 21075067 by 1659 µS
[WW] Exposure timestamp 21995008 was more than 1.5 IMU samples earlier than IMU ts 21996766 by 1758 µS
[II] frame-timing WMTD306Q701DEK: 300 frames, 0 missed exposure, diff avg -0.90 min -3.84 max 1.50 ms
[II] HMD obs quality: full(strong+ids) 300 ids-verified 0 strong 0 prior-agree 0 reacquire 0 rejected 0 | flags: led-ids 300 strong 300
[II] frame-timing WMTD3052400VZL: 300 frames, 0 missed exposure, diff avg -0.91 min -4.36 max 1.61 ms
[II] Device 0: joint reconstruction 150001 solved, 2 rejected, 150214 single-camera (0 observations arrived too late to count)
[II] HMD obs quality: full(strong+ids) 300 ids-verified 0 strong 0 prior-agree 0 reacquire 0 rejected 0 | flags: led-ids 300 strong 300
[II] frame-timing WMTD306Q701DEK: 300 frames, 0 missed exposure, diff avg -0.91 min -4.01 max 1.33 ms
[II] HMD obs quality: full(strong+ids) 300 ids-verified 0 strong 0 prior-agree 0 reacquire 0 rejected 0 | flags: led-ids 300 strong 300
[II] frame-timing WMTD3052400VZL: 300 frames, 0 missed exposure, diff avg -0.89 min -4.08 max 1.80 ms
[II] Device 0: joint reconstruction 150301 solved, 2 rejected, 150514 single-camera (0 observations arrived too late to count)
[II] HMD obs quality: full(strong+ids) 300 ids-verified 0 strong 0 prior-agree 0 reacquire 0 rejected 0 | flags: led-ids 300 strong 300
[WW] Exposure timestamp 34129408 was more than 1.5 IMU samples earlier than IMU ts 34131130 by 1722 µS
[II] frame-timing WMTD306Q701DEK: 300 frames, 0 missed exposure, diff avg -0.89 min -3.66 max 1.55 ms
[II] HMD obs quality: full(strong+ids) 300 ids-verified 0 strong 0 prior-agree 0 reacquire 0 rejected 0 | flags: led-ids 300 strong 300
[II] frame-timing WMTD3052400VZL: 300 frames, 0 missed exposure, diff avg -0.91 min -4.02 max 1.74 ms
[II] Device 0: joint reconstruction 150601 solved, 2 rejected, 150814 single-camera (0 observations arrived too late to count)
[II] HMD obs quality: full(strong+ids) 300 ids-verified 0 strong 0 prior-agree 0 reacquire 0 rejected 0 | flags: led-ids 300 strong 300
[WW] Exposure timestamp 38007808 was more than 1.5 IMU samples earlier than IMU ts 38009324 by 1516 µS
[II] frame-timing WMTD306Q701DEK: 300 frames, 0 missed exposure, diff avg -0.92 min -4.35 max 1.34 ms
[II] HMD obs quality: full(strong+ids) 300 ids-verified 0 strong 0 prior-agree 0 reacquire 0 rejected 0 | flags: led-ids 300 strong 300
[II] frame-timing WMTD3052400VZL: 300 frames, 0 missed exposure, diff avg -0.88 min -3.26 max 1.77 ms
[WW] Exposure timestamp 42769408 was more than 1.5 IMU samples earlier than IMU ts 42771055 by 1647 µS
[II] Device 0: joint reconstruction 150901 solved, 2 rejected, 151114 single-camera (0 observations arrived too late to count)
[II] HMD obs quality: full(strong+ids) 300 ids-verified 0 strong 0 prior-agree 0 reacquire 0 rejected 0 | flags: led-ids 300 strong 300
[WW] Exposure timestamp 44401408 was more than 1.5 IMU samples earlier than IMU ts 44403063 by 1655 µS
[II] frame-timing WMTD306Q701DEK: 300 frames, 0 missed exposure, diff avg -0.84 min -3.28 max 1.87 ms
[II] HMD obs quality: full(strong+ids) 300 ids-verified 0 strong 0 prior-agree 0 reacquire 0 rejected 0 | flags: led-ids 300 strong 300
[II] frame-timing WMTD3052400VZL: 300 frames, 0 missed exposure, diff avg -0.84 min -3.80 max 1.56 ms
[WW] Exposure timestamp 48030208 was more than 1.5 IMU samples earlier than IMU ts 48031752 by 1544 µS
[II] Device 0: joint reconstruction 151201 solved, 2 rejected, 151414 single-camera (0 observations arrived too late to count)
[II] HMD obs quality: full(strong+ids) 300 ids-verified 0 strong 0 prior-agree 0 reacquire 0 rejected 0 | flags: led-ids 300 strong 300
[II] frame-timing WMTD306Q701DEK: 300 frames, 0 missed exposure, diff avg -0.92 min -3.57 max 1.87 ms
[II] HMD obs quality: full(strong+ids) 300 ids-verified 0 strong 0 prior-agree 0 reacquire 0 rejected 0 | flags: led-ids 300 strong 300
[II] frame-timing WMTD3052400VZL: 300 frames, 0 missed exposure, diff avg -0.89 min -4.18 max 1.95 ms
[II] Device 0: joint reconstruction 151501 solved, 2 rejected, 151714 single-camera (0 observations arrived too late to count)
[II] HMD obs quality: full(strong+ids) 300 ids-verified 0 strong 0 prior-agree 0 reacquire 0 rejected 0 | flags: led-ids 300 strong 300
[II] frame-timing WMTD306Q701DEK: 300 frames, 0 missed exposure, diff avg -0.86 min -3.65 max 1.62 ms
[II] HMD obs quality: full(strong+ids) 300 ids-verified 0 strong 0 prior-agree 0 reacquire 0 rejected 0 | flags: led-ids 300 strong 300
[II] frame-timing WMTD3052400VZL: 300 frames, 0 missed exposure, diff avg -0.88 min -4.26 max 1.56 ms
[II] Device 0: joint reconstruction 151801 solved, 2 rejected, 152014 single-camera (0 observations arrived too late to count)
[II] HMD obs quality: full(strong+ids) 300 ids-verified 0 strong 0 prior-agree 0 reacquire 0 rejected 0 | flags: led-ids 300 strong 300
[II] frame-timing WMTD306Q701DEK: 300 frames, 0 missed exposure, diff avg -0.88 min -4.56 max 1.56 ms
[II] HMD obs quality: full(strong+ids) 300 ids-verified 0 strong 0 prior-agree 0 reacquire 0 rejected 0 | flags: led-ids 300 strong 300
[II] frame-timing WMTD3052400VZL: 300 frames, 0 missed exposure, diff avg -0.86 min -4.25 max 1.33 ms
[WW] Exposure timestamp 64830208 was more than 1.5 IMU samples earlier than IMU ts 64831720 by 1512 µS
[II] Device 0: joint reconstruction 152101 solved, 2 rejected, 152314 single-camera (0 observations arrived too late to count)
[II] HMD obs quality: full(strong+ids) 300 ids-verified 0 strong 0 prior-agree 0 reacquire 0 rejected 0 | flags: led-ids 300 strong 300
[II] frame-timing WMTD306Q701DEK: 300 frames, 0 missed exposure, diff avg -0.91 min -4.46 max 1.29 ms
[II] HMD obs quality: full(strong+ids) 300 ids-verified 0 strong 0 prior-agree 0 reacquire 0 rejected 0 | flags: led-ids 300 strong 300
[II] frame-timing WMTD3052400VZL: 300 frames, 0 missed exposure, diff avg -0.90 min -3.19 max 1.79 ms
[II] Device 0: joint reconstruction 152401 solved, 2 rejected, 152614 single-camera (0 observations arrived too late to count)
[II] HMD obs quality: full(strong+ids) 300 ids-verified 0 strong 0 prior-agree 0 reacquire 0 rejected 0 | flags: led-ids 300 strong 300
[WW] Exposure timestamp 74372608 was more than 1.5 IMU samples earlier than IMU ts 74374311 by 1703 µS
[II] frame-timing WMTD306Q701DEK: 300 frames, 0 missed exposure, diff avg -0.93 min -4.28 max 1.34 ms
[II] HMD obs quality: full(strong+ids) 300 ids-verified 0 strong 0 prior-agree 0 reacquire 0 rejected 0 | flags: led-ids 300 strong 300
[II] frame-timing WMTD3052400VZL: 300 frames, 0 missed exposure, diff avg -0.91 min -3.10 max 1.47 ms
[II] Device 0: joint reconstruction 152701 solved, 2 rejected, 152914 single-camera (0 observations arrived too late to count)
[II] HMD obs quality: full(strong+ids) 300 ids-verified 0 strong 0 prior-agree 0 reacquire 0 rejected 0 | flags: led-ids 300 strong 300
[II] frame-timing WMTD306Q701DEK: 300 frames, 0 missed exposure, diff avg -0.86 min -2.99 max 1.86 ms
[II] HMD obs quality: full(strong+ids) 300 ids-verified 0 strong 0 prior-agree 0 reacquire 0 rejected 0 | flags: led-ids 300 strong 300
[II] frame-timing WMTD3052400VZL: 300 frames, 0 missed exposure, diff avg -0.86 min -3.36 max 1.59 ms
[WW] Exposure timestamp 83012608 was more than 1.5 IMU samples earlier than IMU ts 83014240 by 1632 µS
[II] Device 0: joint reconstruction 153001 solved, 2 rejected, 153214 single-camera (0 observations arrived too late to count)
[II] HMD obs quality: full(strong+ids) 300 ids-verified 0 strong 0 prior-agree 0 reacquire 0 rejected 0 | flags: led-ids 300 strong 300
[II] frame-timing WMTD306Q701DEK: 300 frames, 0 missed exposure, diff avg -0.93 min -3.22 max 2.06 ms
[II] HMD obs quality: full(strong+ids) 300 ids-verified 0 strong 0 prior-agree 0 reacquire 0 rejected 0 | flags: led-ids 300 strong 300
[II] frame-timing WMTD3052400VZL: 300 frames, 0 missed exposure, diff avg -0.91 min -4.17 max 1.84 ms
[II] Device 0: joint reconstruction 153301 solved, 2 rejected, 153514 single-camera (0 observations arrived too late to count)
[II] HMD obs quality: full(strong+ids) 300 ids-verified 0 strong 0 prior-agree 0 reacquire 0 rejected 0 | flags: led-ids 300 strong 300
[II] frame-timing WMTD306Q701DEK: 300 frames, 0 missed exposure, diff avg -0.90 min -4.06 max 1.64 ms
[WW] Exposure timestamp 92113408 was more than 1.5 IMU samples earlier than IMU ts 92115018 by 1610 µS
[II] HMD obs quality: full(strong+ids) 300 ids-verified 0 strong 0 prior-agree 0 reacquire 0 rejected 0 | flags: led-ids 300 strong 300
[II] frame-timing WMTD3052400VZL: 300 frames, 0 missed exposure, diff avg -0.94 min -4.24 max 1.59 ms
[II] Device 0: joint reconstruction 153601 solved, 2 rejected, 153814 single-camera (0 observations arrived too late to count)
[WW] Exposure timestamp 94801408 was more than 1.5 IMU samples earlier than IMU ts 94802974 by 1566 µS
[II] HMD obs quality: full(strong+ids) 300 ids-verified 0 strong 0 prior-agree 0 reacquire 0 rejected 0 | flags: led-ids 300 strong 300
[II] frame-timing WMTD306Q701DEK: 300 frames, 0 missed exposure, diff avg -0.92 min -3.59 max 1.74 ms
[II] HMD obs quality: full(strong+ids) 300 ids-verified 0 strong 0 prior-agree 0 reacquire 0 rejected 0 | flags: led-ids 300 strong 300
[II] frame-timing WMTD3052400VZL: 300 frames, 0 missed exposure, diff avg -0.87 min -4.18 max 1.39 ms
[II] Device 0: joint reconstruction 153901 solved, 2 rejected, 154114 single-camera (0 observations arrived too late to count)
[II] HMD obs quality: full(strong+ids) 300 ids-verified 0 strong 0 prior-agree 0 reacquire 0 rejected 0 | flags: led-ids 300 strong 300
[WW] Exposure timestamp 101905408 was more than 1.5 IMU samples earlier than IMU ts 101907119 by 1711 µS
[II] frame-timing WMTD306Q701DEK: 300 frames, 0 missed exposure, diff avg -0.90 min -4.16 max 1.72 ms
[II] HMD obs quality: full(strong+ids) 300 ids-verified 0 strong 0 prior-agree 0 reacquire 0 rejected 0 | flags: led-ids 300 strong 300
[WW] Exposure timestamp 104343808 was more than 1.5 IMU samples earlier than IMU ts 104345569 by 1761 µS
[II] frame-timing WMTD3052400VZL: 300 frames, 0 missed exposure, diff avg -0.91 min -4.13 max 1.41 ms
[II] Device 0: joint reconstruction 154201 solved, 2 rejected, 154414 single-camera (0 observations arrived too late to count)
[II] HMD obs quality: full(strong+ids) 300 ids-verified 0 strong 0 prior-agree 0 reacquire 0 rejected 0 | flags: led-ids 300 strong 300
[WW] Exposure timestamp 107031808 was more than 1.5 IMU samples earlier than IMU ts 107033526 by 1718 µS
[II] frame-timing WMTD306Q701DEK: 300 frames, 0 missed exposure, diff avg -0.90 min -4.46 max 1.32 ms
[II] HMD obs quality: full(strong+ids) 300 ids-verified 0 strong 0 prior-agree 0 reacquire 0 rejected 0 | flags: led-ids 300 strong 300
[II] frame-timing WMTD3052400VZL: 300 frames, 0 missed exposure, diff avg -0.92 min -4.51 max 1.52 ms
[II] Device 0: joint reconstruction 154501 solved, 2 rejected, 154714 single-camera (0 observations arrived too late to count)
[II] HMD obs quality: full(strong+ids) 300 ids-verified 0 strong 0 prior-agree 0 reacquire 0 rejected 0 | flags: led-ids 300 strong 300
[II] frame-timing WMTD306Q701DEK: 300 frames, 0 missed exposure, diff avg -0.94 min -4.06 max 1.38 ms
[II] HMD obs quality: full(strong+ids) 300 ids-verified 0 strong 0 prior-agree 0 reacquire 0 rejected 0 | flags: led-ids 300 strong 300
[II] frame-timing WMTD3052400VZL: 300 frames, 0 missed exposure, diff avg -0.91 min -3.42 max 1.81 ms
[WW] Exposure timestamp 116017408 was more than 1.5 IMU samples earlier than IMU ts 116019095 by 1687 µS
[II] Device 0: joint reconstruction 154801 solved, 2 rejected, 155014 single-camera (0 observations arrived too late to count)
[II] HMD obs quality: full(strong+ids) 300 ids-verified 0 strong 0 prior-agree 0 reacquire 0 rejected 0 | flags: led-ids 300 strong 300
[WW] Exposure timestamp 118820608 was more than 1.5 IMU samples earlier than IMU ts 118822264 by 1656 µS
[WW] Exposure timestamp 120337408 was more than 1.5 IMU samples earlier than IMU ts 120339061 by 1653 µS
[II] frame-timing WMTD306Q701DEK: 300 frames, 0 missed exposure, diff avg -0.86 min -3.08 max 2.03 ms
[II] HMD obs quality: full(strong+ids) 300 ids-verified 0 strong 0 prior-agree 0 reacquire 0 rejected 0 | flags: led-ids 300 strong 300
[II] frame-timing WMTD3052400VZL: 300 frames, 0 missed exposure, diff avg -0.86 min -3.59 max 1.44 ms
[II] Device 0: joint reconstruction 155101 solved, 2 rejected, 155314 single-camera (0 observations arrived too late to count)
[WW] Exposure timestamp 123716608 was more than 1.5 IMU samples earlier than IMU ts 123718293 by 1685 µS
[II] HMD obs quality: full(strong+ids) 300 ids-verified 0 strong 0 prior-agree 0 reacquire 0 rejected 0 | flags: led-ids 300 strong 300
[WW] Exposure timestamp 125771008 was more than 1.5 IMU samples earlier than IMU ts 125773082 by 2074 µS
[II] frame-timing WMTD306Q701DEK: 300 frames, 0 missed exposure, diff avg -0.93 min -3.70 max 1.72 ms
[II] HMD obs quality: full(strong+ids) 300 ids-verified 0 strong 0 prior-agree 0 reacquire 0 rejected 0 | flags: led-ids 300 strong 300
[II] frame-timing WMTD3052400VZL: 300 frames, 0 missed exposure, diff avg -0.89 min -4.09 max 1.49 ms
[II] Device 0: joint reconstruction 155401 solved, 2 rejected, 155614 single-camera (0 observations arrived too late to count)
[II] HMD obs quality: full(strong+ids) 300 ids-verified 0 strong 0 prior-agree 0 reacquire 0 rejected 0 | flags: led-ids 300 strong 300
[II] frame-timing WMTD306Q701DEK: 300 frames, 0 missed exposure, diff avg -0.86 min -3.44 max 1.68 ms
[II] HMD obs quality: full(strong+ids) 300 ids-verified 0 strong 0 prior-agree 0 reacquire 0 rejected 0 | flags: led-ids 300 strong 300
[WW] Exposure timestamp 133182208 was more than 1.5 IMU samples earlier than IMU ts 133183748 by 1540 µS
[II] frame-timing WMTD3052400VZL: 300 frames, 0 missed exposure, diff avg -0.86 min -3.88 max 1.79 ms
[II] Device 0: joint reconstruction 155701 solved, 2 rejected, 155914 single-camera (0 observations arrived too late to count)
[II] HMD obs quality: full(strong+ids) 300 ids-verified 0 strong 0 prior-agree 0 reacquire 0 rejected 0 | flags: led-ids 300 strong 300
[WW] Exposure timestamp 135985408 was more than 1.5 IMU samples earlier than IMU ts 135986918 by 1510 µS
[WW] Exposure timestamp 136427008 was more than 1.5 IMU samples earlier than IMU ts 136428733 by 1725 µS
[II] frame-timing WMTD306Q701DEK: 300 frames, 0 missed exposure, diff avg -0.89 min -4.48 max 1.74 ms
[WW] Exposure timestamp 138519808 was more than 1.5 IMU samples earlier than IMU ts 138521593 by 1785 µS
[II] HMD obs quality: full(strong+ids) 300 ids-verified 0 strong 0 prior-agree 0 reacquire 0 rejected 0 | flags: led-ids 300 strong 300
[II] frame-timing WMTD3052400VZL: 300 frames, 0 missed exposure, diff avg -0.91 min -4.30 max 1.36 ms
[II] Device 0: joint reconstruction 156001 solved, 2 rejected, 156214 single-camera (0 observations arrived too late to count)
[II] HMD obs quality: full(strong+ids) 300 ids-verified 0 strong 0 prior-agree 0 reacquire 0 rejected 0 | flags: led-ids 300 strong 300
[II] frame-timing WMTD306Q701DEK: 300 frames, 0 missed exposure, diff avg -0.92 min -4.21 max 1.46 ms
[II] HMD obs quality: full(strong+ids) 300 ids-verified 0 strong 0 prior-agree 0 reacquire 0 rejected 0 | flags: led-ids 300 strong 300
[II] frame-timing WMTD3052400VZL: 300 frames, 0 missed exposure, diff avg -0.91 min -3.48 max 1.66 ms
[II] Device 0: joint reconstruction 156301 solved, 2 rejected, 156514 single-camera (0 observations arrived too late to count)
[II] HMD obs quality: full(strong+ids) 300 ids-verified 0 strong 0 prior-agree 0 reacquire 0 rejected 0 | flags: led-ids 300 strong 300
[II] frame-timing WMTD306Q701DEK: 300 frames, 0 missed exposure, diff avg -0.91 min -4.28 max 1.33 ms
[II] HMD obs quality: full(strong+ids) 300 ids-verified 0 strong 0 prior-agree 0 reacquire 0 rejected 0 | flags: led-ids 300 strong 300
[II] frame-timing WMTD3052400VZL: 300 frames, 0 missed exposure, diff avg -0.88 min -4.71 max 2.08 ms
[II] Device 0: joint reconstruction 156601 solved, 2 rejected, 156814 single-camera (0 observations arrived too late to count)
[II] HMD obs quality: full(strong+ids) 300 ids-verified 0 strong 0 prior-agree 0 reacquire 0 rejected 0 | flags: led-ids 300 strong 300
[II] frame-timing WMTD306Q701DEK: 300 frames, 0 missed exposure, diff avg -0.85 min -4.39 max 1.52 ms
[II] HMD obs quality: full(strong+ids) 300 ids-verified 0 strong 0 prior-agree 0 reacquire 0 rejected 0 | flags: led-ids 300 strong 300
[II] frame-timing WMTD3052400VZL: 300 frames, 0 missed exposure, diff avg -0.84 min -4.09 max 1.80 ms
[II] Device 0: joint reconstruction 156901 solved, 2 rejected, 157114 single-camera (0 observations arrived too late to count)
[II] HMD obs quality: full(strong+ids) 300 ids-verified 0 strong 0 prior-agree 0 reacquire 0 rejected 0 | flags: led-ids 300 strong 300
[WW] Exposure timestamp 160945408 was more than 1.5 IMU samples earlier than IMU ts 160946952 by 1544 µS
[II] frame-timing WMTD306Q701DEK: 300 frames, 0 missed exposure, diff avg -0.86 min -3.51 max 2.08 ms
[II] HMD obs quality: full(strong+ids) 300 ids-verified 0 strong 0 prior-agree 0 reacquire 0 rejected 0 | flags: led-ids 300 strong 300
[II] frame-timing WMTD3052400VZL: 300 frames, 0 missed exposure, diff avg -0.88 min -3.64 max 1.67 ms
[II] Device 0: joint reconstruction 157201 solved, 2 rejected, 157441 single-camera (0 observations arrived too late to count)
[II] HMD obs quality: full(strong+ids) 300 ids-verified 0 strong 0 prior-agree 0 reacquire 0 rejected 0 | flags: led-ids 300 strong 300
[II] frame-timing WMTD306Q701DEK: 300 frames, 0 missed exposure, diff avg -0.90 min -3.80 max 2.02 ms
[II] HMD obs quality: full(strong+ids) 300 ids-verified 0 strong 0 prior-agree 0 reacquire 0 rejected 0 | flags: led-ids 300 strong 300
[II] frame-timing WMTD3052400VZL: 300 frames, 0 missed exposure, diff avg -0.89 min -4.49 max 1.64 ms
[II] Device 0: joint reconstruction 157501 solved, 2 rejected, 157741 single-camera (0 observations arrived too late to count)
[II] HMD obs quality: full(strong+ids) 300 ids-verified 0 strong 0 prior-agree 0 reacquire 0 rejected 0 | flags: led-ids 300 strong 300
[II] frame-timing WMTD306Q701DEK: 300 frames, 0 missed exposure, diff avg -0.89 min -3.37 max 1.51 ms
[WW] Exposure timestamp 173425408 was more than 1.5 IMU samples earlier than IMU ts 173426971 by 1563 µS
[II] HMD obs quality: full(strong+ids) 300 ids-verified 0 strong 0 prior-agree 0 reacquire 0 rejected 0 | flags: led-ids 300 strong 300
[II] frame-timing WMTD3052400VZL: 300 frames, 0 missed exposure, diff avg -0.86 min -4.23 max 1.88 ms
[II] Device 0: joint reconstruction 157801 solved, 2 rejected, 158041 single-camera (0 observations arrived too late to count)
[II] HMD obs quality: full(strong+ids) 300 ids-verified 0 strong 0 prior-agree 0 reacquire 0 rejected 0 | flags: led-ids 300 strong 300
[II] frame-timing WMTD306Q701DEK: 300 frames, 0 missed exposure, diff avg -0.87 min -3.87 max 2.10 ms
[II] HMD obs quality: full(strong+ids) 300 ids-verified 0 strong 0 prior-agree 0 reacquire 0 rejected 0 | flags: led-ids 300 strong 300
[II] frame-timing WMTD3052400VZL: 300 frames, 0 missed exposure, diff avg -0.87 min -3.73 max 1.63 ms
[II] Device 0: joint reconstruction 158101 solved, 2 rejected, 158341 single-camera (0 observations arrived too late to count)
[II] HMD obs quality: full(strong+ids) 300 ids-verified 0 strong 0 prior-agree 0 reacquire 0 rejected 0 | flags: led-ids 300 strong 300
[WW] Exposure timestamp 183332608 was more than 1.5 IMU samples earlier than IMU ts 183334246 by 1638 µS
[II] frame-timing WMTD306Q701DEK: 300 frames, 0 missed exposure, diff avg -0.88 min -3.30 max 1.84 ms
[II] HMD obs quality: full(strong+ids) 300 ids-verified 0 strong 0 prior-agree 0 reacquire 0 rejected 0 | flags: led-ids 300 strong 300
[II] frame-timing WMTD3052400VZL: 300 frames, 0 missed exposure, diff avg -0.91 min -3.35 max 1.75 ms
[II] Device 0: joint reconstruction 158401 solved, 2 rejected, 158641 single-camera (0 observations arrived too late to count)
[II] HMD obs quality: full(strong+ids) 300 ids-verified 0 strong 0 prior-agree 0 reacquire 0 rejected 0 | flags: led-ids 300 strong 300
[II] frame-timing WMTD306Q701DEK: 300 frames, 0 missed exposure, diff avg -0.89 min -4.20 max 1.85 ms
[II] HMD obs quality: full(strong+ids) 300 ids-verified 0 strong 0 prior-agree 0 reacquire 0 rejected 0 | flags: led-ids 300 strong 300
[II] frame-timing WMTD3052400VZL: 300 frames, 0 missed exposure, diff avg -0.84 min -2.90 max 1.52 ms
[WW] Exposure timestamp 190916608 was more than 1.5 IMU samples earlier than IMU ts 190918235 by 1627 µS
[WW] Exposure timestamp 191972608 was more than 1.5 IMU samples earlier than IMU ts 191974183 by 1575 µS
[II] Device 0: joint reconstruction 158701 solved, 2 rejected, 158941 single-camera (0 observations arrived too late to count)
[II] HMD obs quality: full(strong+ids) 300 ids-verified 0 strong 0 prior-agree 0 reacquire 0 rejected 0 | flags: led-ids 300 strong 300
[II] frame-timing WMTD306Q701DEK: 300 frames, 0 missed exposure, diff avg -0.87 min -3.66 max 1.53 ms
[WW] Exposure timestamp 195697408 was more than 1.5 IMU samples earlier than IMU ts 195699055 by 1647 µS
[II] HMD obs quality: full(strong+ids) 300 ids-verified 0 strong 0 prior-agree 0 reacquire 0 rejected 0 | flags: led-ids 300 strong 300
[II] frame-timing WMTD3052400VZL: 300 frames, 0 missed exposure, diff avg -0.87 min -3.73 max 1.23 ms
[WW] Exposure timestamp 198500608 was more than 1.5 IMU samples earlier than IMU ts 198502226 by 1618 µS
[II] Device 0: joint reconstruction 159001 solved, 2 rejected, 159241 single-camera (0 observations arrived too late to count)
[II] HMD obs quality: full(strong+ids) 300 ids-verified 0 strong 0 prior-agree 0 reacquire 0 rejected 0 | flags: led-ids 300 strong 300
[II] frame-timing WMTD306Q701DEK: 300 frames, 0 missed exposure, diff avg -0.86 min -3.92 max 1.60 ms
[II] HMD obs quality: full(strong+ids) 300 ids-verified 0 strong 0 prior-agree 0 reacquire 0 rejected 0 | flags: led-ids 300 strong 300
[II] frame-timing WMTD3052400VZL: 300 frames, 0 missed exposure, diff avg -0.86 min -3.64 max 1.73 ms
[II] Device 0: joint reconstruction 159301 solved, 2 rejected, 159541 single-camera (0 observations arrived too late to count)
[WW] Exposure timestamp 205028608 was more than 1.5 IMU samples earlier than IMU ts 205030269 by 1661 µS
[II] HMD obs quality: full(strong+ids) 300 ids-verified 0 strong 0 prior-agree 0 reacquire 0 rejected 0 | flags: led-ids 300 strong 300
[II] frame-timing WMTD306Q701DEK: 300 frames, 0 missed exposure, diff avg -0.90 min -4.37 max 1.55 ms
[II] HMD obs quality: full(strong+ids) 300 ids-verified 0 strong 0 prior-agree 0 reacquire 0 rejected 0 | flags: led-ids 300 strong 300
[II] frame-timing WMTD3052400VZL: 300 frames, 0 missed exposure, diff avg -0.87 min -4.01 max 1.62 ms
[II] Device 0: joint reconstruction 159601 solved, 2 rejected, 159841 single-camera (0 observations arrived too late to count)
[II] HMD obs quality: full(strong+ids) 300 ids-verified 0 strong 0 prior-agree 0 reacquire 0 rejected 0 | flags: led-ids 300 strong 300
[WW] Exposure timestamp 212267008 was more than 1.5 IMU samples earlier than IMU ts 212268623 by 1615 µS
[II] frame-timing WMTD306Q701DEK: 300 frames, 0 missed exposure, diff avg -0.83 min -3.15 max 1.39 ms
[WW] Exposure timestamp 213668608 was more than 1.5 IMU samples earlier than IMU ts 213670221 by 1613 µS
[II] HMD obs quality: full(strong+ids) 300 ids-verified 0 strong 0 prior-agree 0 reacquire 0 rejected 0 | flags: led-ids 300 strong 300
[II] frame-timing WMTD3052400VZL: 300 frames, 0 missed exposure, diff avg -0.84 min -3.86 max 1.41 ms
[II] Device 0: joint reconstruction 159901 solved, 2 rejected, 160141 single-camera (0 observations arrived too late to count)
[II] HMD obs quality: full(strong+ids) 300 ids-verified 0 strong 0 prior-agree 0 reacquire 0 rejected 0 | flags: led-ids 300 strong 300
[II] frame-timing WMTD306Q701DEK: 300 frames, 0 missed exposure, diff avg -0.95 min -3.41 max 1.44 ms
[II] HMD obs quality: full(strong+ids) 300 ids-verified 0 strong 0 prior-agree 0 reacquire 0 rejected 0 | flags: led-ids 300 strong 300
[II] frame-timing WMTD3052400VZL: 300 frames, 0 missed exposure, diff avg -0.94 min -3.90 max 1.50 ms
[WW] Exposure timestamp 221252608 was more than 1.5 IMU samples earlier than IMU ts 221254201 by 1593 µS
[II] Device 0: joint reconstruction 160201 solved, 2 rejected, 160441 single-camera (0 observations arrived too late to count)
[II] HMD obs quality: full(strong+ids) 300 ids-verified 0 strong 0 prior-agree 0 reacquire 0 rejected 0 | flags: led-ids 300 strong 300
[II] frame-timing WMTD306Q701DEK: 300 frames, 0 missed exposure, diff avg -0.89 min -3.71 max 1.69 ms
[II] HMD obs quality: full(strong+ids) 300 ids-verified 0 strong 0 prior-agree 0 reacquire 0 rejected 0 | flags: led-ids 300 strong 300
[II] frame-timing WMTD3052400VZL: 300 frames, 0 missed exposure, diff avg -0.91 min -4.31 max 1.74 ms
[II] Device 0: joint reconstruction 160501 solved, 2 rejected, 160741 single-camera (0 observations arrived too late to count)
[II] HMD obs quality: full(strong+ids) 300 ids-verified 0 strong 0 prior-agree 0 reacquire 0 rejected 0 | flags: led-ids 300 strong 300
[II] frame-timing WMTD306Q701DEK: 300 frames, 0 missed exposure, diff avg -0.89 min -3.74 max 1.48 ms
[II] HMD obs quality: full(strong+ids) 300 ids-verified 0 strong 0 prior-agree 0 reacquire 0 rejected 0 | flags: led-ids 300 strong 300
[II] frame-timing WMTD3052400VZL: 300 frames, 0 missed exposure, diff avg -0.88 min -3.06 max 1.87 ms
[II] Device 0: joint reconstruction 160801 solved, 2 rejected, 161041 single-camera (0 observations arrived too late to count)
[II] HMD obs quality: full(strong+ids) 300 ids-verified 0 strong 0 prior-agree 0 reacquire 0 rejected 0 | flags: led-ids 300 strong 300
[II] frame-timing WMTD306Q701DEK: 300 frames, 0 missed exposure, diff avg -0.86 min -4.01 max 1.56 ms
[II] HMD obs quality: full(strong+ids) 300 ids-verified 0 strong 0 prior-agree 0 reacquire 0 rejected 0 | flags: led-ids 300 strong 300
[II] frame-timing WMTD3052400VZL: 300 frames, 0 missed exposure, diff avg -0.84 min -3.22 max 1.82 ms
[II] Device 0: joint reconstruction 161101 solved, 2 rejected, 161341 single-camera (0 observations arrived too late to count)
[II] HMD obs quality: full(strong+ids) 300 ids-verified 0 strong 0 prior-agree 0 reacquire 0 rejected 0 | flags: led-ids 300 strong 300
[II] frame-timing WMTD306Q701DEK: 300 frames, 0 missed exposure, diff avg -0.87 min -4.40 max 1.77 ms
[II] HMD obs quality: full(strong+ids) 300 ids-verified 0 strong 0 prior-agree 0 reacquire 0 rejected 0 | flags: led-ids 300 strong 300
[II] frame-timing WMTD3052400VZL: 300 frames, 0 missed exposure, diff avg -0.87 min -3.51 max 1.67 ms
[WW] Exposure timestamp 243851008 was more than 1.5 IMU samples earlier than IMU ts 243852897 by 1889 µS
[WW] Exposure timestamp 244465408 was more than 1.5 IMU samples earlier than IMU ts 244467030 by 1622 µS
[II] Device 0: joint reconstruction 161401 solved, 2 rejected, 161641 single-camera (0 observations arrived too late to count)
[II] HMD obs quality: full(strong+ids) 300 ids-verified 0 strong 0 prior-agree 0 reacquire 0 rejected 0 | flags: led-ids 300 strong 300
[II] frame-timing WMTD306Q701DEK: 300 frames, 0 missed exposure, diff avg -0.88 min -4.28 max 1.53 ms
[II] HMD obs quality: full(strong+ids) 300 ids-verified 0 strong 0 prior-agree 0 reacquire 0 rejected 0 | flags: led-ids 300 strong 300
[II] frame-timing WMTD3052400VZL: 300 frames, 0 missed exposure, diff avg -0.89 min -4.42 max 1.38 ms
[II] Device 0: joint reconstruction 161701 solved, 2 rejected, 161941 single-camera (0 observations arrived too late to count)
[II] HMD obs quality: full(strong+ids) 300 ids-verified 0 strong 0 prior-agree 0 reacquire 0 rejected 0 | flags: led-ids 300 strong 300
[WW] Exposure timestamp 252395008 was more than 1.5 IMU samples earlier than IMU ts 252396662 by 1654 µS
[II] frame-timing WMTD306Q701DEK: 300 frames, 0 missed exposure, diff avg -0.90 min -3.84 max 1.76 ms
[II] HMD obs quality: full(strong+ids) 300 ids-verified 0 strong 0 prior-agree 0 reacquire 0 rejected 0 | flags: led-ids 300 strong 300
[II] frame-timing WMTD3052400VZL: 300 frames, 0 missed exposure, diff avg -0.91 min -3.99 max 1.80 ms
[II] Device 0: joint reconstruction 162001 solved, 2 rejected, 162241 single-camera (0 observations arrived too late to count)
[II] HMD obs quality: full(strong+ids) 300 ids-verified 0 strong 0 prior-agree 0 reacquire 0 rejected 0 | flags: led-ids 300 strong 300
[II] frame-timing WMTD306Q701DEK: 300 frames, 0 missed exposure, diff avg -0.90 min -4.00 max 1.65 ms
[II] HMD obs quality: full(strong+ids) 300 ids-verified 0 strong 0 prior-agree 0 reacquire 0 rejected 0 | flags: led-ids 300 strong 300
[II] frame-timing WMTD3052400VZL: 300 frames, 0 missed exposure, diff avg -0.92 min -4.28 max 1.73 ms
[II] Device 0: joint reconstruction 162301 solved, 2 rejected, 162541 single-camera (0 observations arrived too late to count)
[II] HMD obs quality: full(strong+ids) 300 ids-verified 0 strong 0 prior-agree 0 reacquire 0 rejected 0 | flags: led-ids 300 strong 300
[II] frame-timing WMTD306Q701DEK: 300 frames, 0 missed exposure, diff avg -0.91 min -3.64 max 1.62 ms
[II] HMD obs quality: full(strong+ids) 300 ids-verified 0 strong 0 prior-agree 0 reacquire 0 rejected 0 | flags: led-ids 300 strong 300
[II] frame-timing WMTD3052400VZL: 300 frames, 0 missed exposure, diff avg -0.90 min -4.74 max 1.31 ms
[II] Device 0: joint reconstruction 162601 solved, 2 rejected, 162841 single-camera (0 observations arrived too late to count)
[II] HMD obs quality: full(strong+ids) 300 ids-verified 0 strong 0 prior-agree 0 reacquire 0 rejected 0 | flags: led-ids 300 strong 300
[II] frame-timing WMTD306Q701DEK: 300 frames, 0 missed exposure, diff avg -0.96 min -3.35 max 2.17 ms
[II] HMD obs quality: full(strong+ids) 300 ids-verified 0 strong 0 prior-agree 0 reacquire 0 rejected 0 | flags: led-ids 300 strong 300
[II] frame-timing WMTD3052400VZL: 300 frames, 0 missed exposure, diff avg -0.96 min -3.74 max 1.79 ms
[II] Device 0: joint reconstruction 162901 solved, 2 rejected, 163141 single-camera (0 observations arrived too late to count)
[II] HMD obs quality: full(strong+ids) 300 ids-verified 0 strong 0 prior-agree 0 reacquire 0 rejected 0 | flags: led-ids 300 strong 300
[II] frame-timing WMTD306Q701DEK: 300 frames, 0 missed exposure, diff avg -0.86 min -3.50 max 1.65 ms
[WW] Exposure timestamp 276433408 was more than 1.5 IMU samples earlier than IMU ts 276435021 by 1613 µS
[II] HMD obs quality: full(strong+ids) 300 ids-verified 0 strong 0 prior-agree 0 reacquire 0 rejected 0 | flags: led-ids 300 strong 300
[II] frame-timing WMTD3052400VZL: 300 frames, 0 missed exposure, diff avg -0.84 min -3.01 max 1.74 ms
[II] Device 0: joint reconstruction 163201 solved, 2 rejected, 163441 single-camera (0 observations arrived too late to count)
[II] HMD obs quality: full(strong+ids) 300 ids-verified 0 strong 0 prior-agree 0 reacquire 0 rejected 0 | flags: led-ids 300 strong 300
[WW] Exposure timestamp 281771008 was more than 1.5 IMU samples earlier than IMU ts 281772872 by 1864 µS
[II] frame-timing WMTD306Q701DEK: 300 frames, 0 missed exposure, diff avg -0.91 min -3.15 max 1.54 ms
[WW] Exposure timestamp 282385408 was more than 1.5 IMU samples earlier than IMU ts 282387006 by 1598 µS
[II] HMD obs quality: full(strong+ids) 300 ids-verified 0 strong 0 prior-agree 0 reacquire 0 rejected 0 | flags: led-ids 300 strong 300
[II] frame-timing WMTD3052400VZL: 300 frames, 0 missed exposure, diff avg -0.90 min -3.41 max 1.65 ms
[WW] Exposure timestamp 283441408 was more than 1.5 IMU samples earlier than IMU ts 283442954 by 1546 µS
[II] Device 0: joint reconstruction 163501 solved, 2 rejected, 163741 single-camera (0 observations arrived too late to count)
[II] HMD obs quality: full(strong+ids) 300 ids-verified 0 strong 0 prior-agree 0 reacquire 0 rejected 0 | flags: led-ids 300 strong 300
[II] frame-timing WMTD306Q701DEK: 300 frames, 0 missed exposure, diff avg -0.90 min -3.89 max 1.82 ms
[II] HMD obs quality: full(strong+ids) 300 ids-verified 0 strong 0 prior-agree 0 reacquire 0 rejected 0 | flags: led-ids 300 strong 300
[II] frame-timing WMTD3052400VZL: 300 frames, 0 missed exposure, diff avg -0.92 min -3.38 max 1.76 ms
[II] Device 0: joint reconstruction 163801 solved, 2 rejected, 164041 single-camera (0 observations arrived too late to count)
[II] HMD obs quality: full(strong+ids) 300 ids-verified 0 strong 0 prior-agree 0 reacquire 0 rejected 0 | flags: led-ids 300 strong 300
[WW] Exposure timestamp 291812608 was more than 1.5 IMU samples earlier than IMU ts 291814404 by 1796 µS
[II] frame-timing WMTD306Q701DEK: 300 frames, 0 missed exposure, diff avg -0.91 min -4.30 max 1.51 ms
[II] HMD obs quality: full(strong+ids) 300 ids-verified 0 strong 0 prior-agree 0 reacquire 0 rejected 0 | flags: led-ids 300 strong 300
[II] frame-timing WMTD3052400VZL: 300 frames, 0 missed exposure, diff avg -0.92 min -3.88 max 1.49 ms
[II] Device 0: joint reconstruction 164101 solved, 2 rejected, 164341 single-camera (0 observations arrived too late to count)
[II] HMD obs quality: full(strong+ids) 300 ids-verified 0 strong 0 prior-agree 0 reacquire 0 rejected 0 | flags: led-ids 300 strong 300
[II] frame-timing WMTD306Q701DEK: 300 frames, 0 missed exposure, diff avg -0.95 min -4.33 max 1.31 ms
[II] HMD obs quality: full(strong+ids) 300 ids-verified 0 strong 0 prior-agree 0 reacquire 0 rejected 0 | flags: led-ids 300 strong 300
[II] frame-timing WMTD3052400VZL: 300 frames, 0 missed exposure, diff avg -0.92 min -4.18 max 1.71 ms
[II] Device 0: joint reconstruction 164401 solved, 2 rejected, 164641 single-camera (0 observations arrived too late to count)
[WW] Exposure timestamp 303025408 was more than 1.5 IMU samples earlier than IMU ts 303027099 by 1691 µS
[II] HMD obs quality: full(strong+ids) 300 ids-verified 0 strong 0 prior-agree 0 reacquire 0 rejected 0 | flags: led-ids 300 strong 300
[II] frame-timing WMTD306Q701DEK: 300 frames, 0 missed exposure, diff avg -0.89 min -4.27 max 1.76 ms
[II] HMD obs quality: full(strong+ids) 300 ids-verified 0 strong 0 prior-agree 0 reacquire 0 rejected 0 | flags: led-ids 300 strong 300
[II] frame-timing WMTD3052400VZL: 300 frames, 0 missed exposure, diff avg -0.87 min -4.06 max 1.52 ms
[II] Device 0: joint reconstruction 164701 solved, 2 rejected, 164941 single-camera (0 observations arrived too late to count)
[II] HMD obs quality: full(strong+ids) 300 ids-verified 0 strong 0 prior-agree 0 reacquire 0 rejected 0 | flags: led-ids 300 strong 300
[WW] Exposure timestamp 310609408 was more than 1.5 IMU samples earlier than IMU ts 310611097 by 1689 µS
[II] frame-timing WMTD306Q701DEK: 300 frames, 0 missed exposure, diff avg -0.87 min -4.19 max 1.60 ms
[WW] Exposure timestamp 311665408 was more than 1.5 IMU samples earlier than IMU ts 311667046 by 1638 µS
[II] HMD obs quality: full(strong+ids) 300 ids-verified 0 strong 0 prior-agree 0 reacquire 0 rejected 0 | flags: led-ids 300 strong 300
[II] frame-timing WMTD3052400VZL: 300 frames, 0 missed exposure, diff avg -0.91 min -3.93 max 1.39 ms
[II] Device 0: joint reconstruction 165001 solved, 2 rejected, 165241 single-camera (0 observations arrived too late to count)
[II] HMD obs quality: full(strong+ids) 300 ids-verified 0 strong 0 prior-agree 0 reacquire 0 rejected 0 | flags: led-ids 300 strong 300
[II] frame-timing WMTD306Q701DEK: 300 frames, 0 missed exposure, diff avg -0.92 min -3.85 max 1.61 ms
[II] HMD obs quality: full(strong+ids) 300 ids-verified 0 strong 0 prior-agree 0 reacquire 0 rejected 0 | flags: led-ids 300 strong 300
[II] frame-timing WMTD3052400VZL: 300 frames, 0 missed exposure, diff avg -0.90 min -3.96 max 1.46 ms
[II] Device 0: joint reconstruction 165301 solved, 2 rejected, 165541 single-camera (0 observations arrived too late to count)
[II] HMD obs quality: full(strong+ids) 300 ids-verified 0 strong 0 prior-agree 0 reacquire 0 rejected 0 | flags: led-ids 300 strong 300
[II] frame-timing WMTD306Q701DEK: 300 frames, 0 missed exposure, diff avg -0.89 min -3.97 max 1.76 ms
[II] HMD obs quality: full(strong+ids) 300 ids-verified 0 strong 0 prior-agree 0 reacquire 0 rejected 0 | flags: led-ids 300 strong 300
[II] frame-timing WMTD3052400VZL: 300 frames, 0 missed exposure, diff avg -0.89 min -3.09 max 1.90 ms
[II] Device 0: joint reconstruction 165601 solved, 2 rejected, 165842 single-camera (0 observations arrived too late to count)
[II] HMD obs quality: full(strong+ids) 300 ids-verified 0 strong 0 prior-agree 0 reacquire 0 rejected 0 | flags: led-ids 300 strong 300
[WW] Exposure timestamp 326833408 was more than 1.5 IMU samples earlier than IMU ts 326835043 by 1635 µS
[II] frame-timing WMTD306Q701DEK: 300 frames, 0 missed exposure, diff avg -0.89 min -3.43 max 1.81 ms
[II] HMD obs quality: full(strong+ids) 300 ids-verified 0 strong 0 prior-agree 0 reacquire 0 rejected 0 | flags: led-ids 300 strong 300
[II] frame-timing WMTD3052400VZL: 300 frames, 0 missed exposure, diff avg -0.89 min -3.36 max 1.86 ms
[II] Device 0: joint reconstruction 165901 solved, 2 rejected, 166142 single-camera (0 observations arrived too late to count)
[II] HMD obs quality: full(strong+ids) 300 ids-verified 0 strong 0 prior-agree 0 reacquire 0 rejected 0 | flags: led-ids 300 strong 300
[WW] Exposure timestamp 333726208 was more than 1.5 IMU samples earlier than IMU ts 333727767 by 1559 µS
[II] frame-timing WMTD306Q701DEK: 300 frames, 0 missed exposure, diff avg -0.87 min -3.29 max 1.99 ms
[II] HMD obs quality: full(strong+ids) 300 ids-verified 0 strong 0 prior-agree 0 reacquire 0 rejected 0 | flags: led-ids 300 strong 300
[II] frame-timing WMTD3052400VZL: 300 frames, 0 missed exposure, diff avg -0.87 min -3.24 max 2.06 ms
[WW] Exposure timestamp 336049408 was more than 1.5 IMU samples earlier than IMU ts 336051055 by 1647 µS
[II] Device 0: joint reconstruction 166201 solved, 2 rejected, 166442 single-camera (0 observations arrived too late to count)
[II] HMD obs quality: full(strong+ids) 300 ids-verified 0 strong 0 prior-agree 0 reacquire 0 rejected 0 | flags: led-ids 300 strong 300
[II] frame-timing WMTD306Q701DEK: 300 frames, 0 missed exposure, diff avg -0.90 min -3.15 max 1.45 ms
[II] HMD obs quality: full(strong+ids) 300 ids-verified 0 strong 0 prior-agree 0 reacquire 0 rejected 0 | flags: led-ids 300 strong 300
[II] frame-timing WMTD3052400VZL: 300 frames, 0 missed exposure, diff avg -0.85 min -3.21 max 1.20 ms
[II] Device 0: joint reconstruction 166501 solved, 2 rejected, 166742 single-camera (0 observations arrived too late to count)
[II] HMD obs quality: full(strong+ids) 300 ids-verified 0 strong 0 prior-agree 0 reacquire 0 rejected 0 | flags: led-ids 300 strong 300
[II] frame-timing WMTD306Q701DEK: 300 frames, 0 missed exposure, diff avg -0.87 min -4.08 max 1.37 ms
[WW] Exposure timestamp 345380608 was more than 1.5 IMU samples earlier than IMU ts 345382280 by 1672 µS
[II] HMD obs quality: full(strong+ids) 300 ids-verified 0 strong 0 prior-agree 0 reacquire 0 rejected 0 | flags: led-ids 300 strong 300
[II] frame-timing WMTD3052400VZL: 300 frames, 0 missed exposure, diff avg -0.91 min -4.13 max 1.51 ms
[II] Device 0: joint reconstruction 166801 solved, 2 rejected, 167042 single-camera (0 observations arrived too late to count)
[II] HMD obs quality: full(strong+ids) 300 ids-verified 0 strong 0 prior-agree 0 reacquire 0 rejected 0 | flags: led-ids 300 strong 300
[WW] Exposure timestamp 350142208 was more than 1.5 IMU samples earlier than IMU ts 350144071 by 1863 µS
[WW] Exposure timestamp 350161408 was more than 1.5 IMU samples earlier than IMU ts 350163106 by 1698 µS
[II] frame-timing WMTD306Q701DEK: 300 frames, 0 missed exposure, diff avg -0.91 min -3.88 max 1.59 ms
[II] HMD obs quality: full(strong+ids) 300 ids-verified 0 strong 0 prior-agree 0 reacquire 0 rejected 0 | flags: led-ids 300 strong 300
[II] frame-timing WMTD3052400VZL: 300 frames, 0 missed exposure, diff avg -0.88 min -4.00 max 1.62 ms
[II] Device 0: joint reconstruction 167101 solved, 2 rejected, 167342 single-camera (0 observations arrived too late to count)
[II] HMD obs quality: full(strong+ids) 300 ids-verified 0 strong 0 prior-agree 0 reacquire 0 rejected 0 | flags: led-ids 300 strong 300
[II] frame-timing WMTD306Q701DEK: 300 frames, 0 missed exposure, diff avg -0.90 min -3.95 max 1.63 ms
[II] HMD obs quality: full(strong+ids) 300 ids-verified 0 strong 0 prior-agree 0 reacquire 0 rejected 0 | flags: led-ids 300 strong 300
[II] frame-timing WMTD3052400VZL: 300 frames, 0 missed exposure, diff avg -0.94 min -4.12 max 1.49 ms
[II] Device 0: joint reconstruction 167401 solved, 2 rejected, 167642 single-camera (0 observations arrived too late to count)
[II] HMD obs quality: full(strong+ids) 300 ids-verified 0 strong 0 prior-agree 0 reacquire 0 rejected 0 | flags: led-ids 300 strong 300
[II] frame-timing WMTD306Q701DEK: 300 frames, 0 missed exposure, diff avg -0.94 min -4.57 max 1.41 ms
[II] HMD obs quality: full(strong+ids) 300 ids-verified 0 strong 0 prior-agree 0 reacquire 0 rejected 0 | flags: led-ids 300 strong 300
[II] frame-timing WMTD3052400VZL: 300 frames, 0 missed exposure, diff avg -0.91 min -4.13 max 1.58 ms
[II] Device 0: joint reconstruction 167701 solved, 2 rejected, 167942 single-camera (0 observations arrived too late to count)
[II] HMD obs quality: full(strong+ids) 300 ids-verified 0 strong 0 prior-agree 0 reacquire 0 rejected 0 | flags: led-ids 300 strong 300
[II] frame-timing WMTD306Q701DEK: 300 frames, 0 missed exposure, diff avg -0.89 min -4.22 max 1.90 ms
[II] HMD obs quality: full(strong+ids) 300 ids-verified 0 strong 0 prior-agree 0 reacquire 0 rejected 0 | flags: led-ids 300 strong 300
[II] frame-timing WMTD3052400VZL: 300 frames, 0 missed exposure, diff avg -0.91 min -4.36 max 1.89 ms
[WW] Exposure timestamp 369783808 was more than 1.5 IMU samples earlier than IMU ts 369785334 by 1526 µS
[WW] Exposure timestamp 371281408 was more than 1.5 IMU samples earlier than IMU ts 371283094 by 1686 µS
[II] Device 0: joint reconstruction 168001 solved, 2 rejected, 168242 single-camera (0 observations arrived too late to count)
[II] HMD obs quality: full(strong+ids) 300 ids-verified 0 strong 0 prior-agree 0 reacquire 0 rejected 0 | flags: led-ids 300 strong 300
[II] frame-timing WMTD306Q701DEK: 300 frames, 0 missed exposure, diff avg -0.95 min -3.81 max 1.40 ms
[II] HMD obs quality: full(strong+ids) 300 ids-verified 0 strong 0 prior-agree 0 reacquire 0 rejected 0 | flags: led-ids 300 strong 300
[II] frame-timing WMTD3052400VZL: 300 frames, 0 missed exposure, diff avg -0.91 min -4.13 max 1.80 ms
[WW] Exposure timestamp 375121408 was more than 1.5 IMU samples earlier than IMU ts 375123184 by 1776 µS
[II] Device 0: joint reconstruction 168301 solved, 2 rejected, 168542 single-camera (0 observations arrived too late to count)
[II] HMD obs quality: full(strong+ids) 300 ids-verified 0 strong 0 prior-agree 0 reacquire 0 rejected 0 | flags: led-ids 300 strong 300
[II] frame-timing WMTD306Q701DEK: 300 frames, 0 missed exposure, diff avg -0.90 min -3.90 max 1.52 ms
[II] HMD obs quality: full(strong+ids) 300 ids-verified 0 strong 0 prior-agree 0 reacquire 0 rejected 0 | flags: led-ids 300 strong 300
[II] frame-timing WMTD3052400VZL: 300 frames, 0 missed exposure, diff avg -0.91 min -3.04 max 1.34 ms
[II] Device 0: joint reconstruction 168601 solved, 2 rejected, 168842 single-camera (0 observations arrived too late to count)
[II] HMD obs quality: full(strong+ids) 300 ids-verified 0 strong 0 prior-agree 0 reacquire 0 rejected 0 | flags: led-ids 300 strong 300
[II] frame-timing WMTD306Q701DEK: 300 frames, 0 missed exposure, diff avg -0.88 min -3.23 max 1.63 ms
[II] HMD obs quality: full(strong+ids) 300 ids-verified 0 strong 0 prior-agree 0 reacquire 0 rejected 0 | flags: led-ids 300 strong 300
[II] frame-timing WMTD3052400VZL: 300 frames, 0 missed exposure, diff avg -0.89 min -3.43 max 1.87 ms
[WW] Exposure timestamp 388043008 was more than 1.5 IMU samples earlier than IMU ts 388045086 by 2078 µS
[II] Device 0: joint reconstruction 168901 solved, 2 rejected, 169142 single-camera (0 observations arrived too late to count)
[II] HMD obs quality: full(strong+ids) 300 ids-verified 0 strong 0 prior-agree 0 reacquire 0 rejected 0 | flags: led-ids 300 strong 300
[II] frame-timing WMTD306Q701DEK: 300 frames, 0 missed exposure, diff avg -0.93 min -3.43 max 1.98 ms
[II] HMD obs quality: full(strong+ids) 300 ids-verified 0 strong 0 prior-agree 0 reacquire 0 rejected 0 | flags: led-ids 300 strong 300
[II] frame-timing WMTD3052400VZL: 300 frames, 0 missed exposure, diff avg -0.89 min -3.57 max 1.52 ms
[II] Device 0: joint reconstruction 169201 solved, 2 rejected, 169442 single-camera (0 observations arrived too late to count)
[II] HMD obs quality: full(strong+ids) 300 ids-verified 0 strong 0 prior-agree 0 reacquire 0 rejected 0 | flags: led-ids 300 strong 300
[II] frame-timing WMTD306Q701DEK: 300 frames, 0 missed exposure, diff avg -0.84 min -3.22 max 1.83 ms
[II] HMD obs quality: full(strong+ids) 300 ids-verified 0 strong 0 prior-agree 0 reacquire 0 rejected 0 | flags: led-ids 300 strong 300
[II] frame-timing WMTD3052400VZL: 300 frames, 0 missed exposure, diff avg -0.88 min -3.74 max 1.65 ms
[II] Device 0: joint reconstruction 169501 solved, 2 rejected, 169742 single-camera (0 observations arrived too late to count)
[II] HMD obs quality: full(strong+ids) 300 ids-verified 0 strong 0 prior-agree 0 reacquire 0 rejected 0 | flags: led-ids 300 strong 300
[WW] Exposure timestamp 401041408 was more than 1.5 IMU samples earlier than IMU ts 401043038 by 1630 µS
[II] frame-timing WMTD306Q701DEK: 300 frames, 0 missed exposure, diff avg -0.91 min -3.21 max 1.74 ms
[II] HMD obs quality: full(strong+ids) 300 ids-verified 0 strong 0 prior-agree 0 reacquire 0 rejected 0 | flags: led-ids 300 strong 300
[II] frame-timing WMTD3052400VZL: 300 frames, 0 missed exposure, diff avg -0.90 min -3.71 max 1.68 ms
[WW] Exposure timestamp 405476608 was more than 1.5 IMU samples earlier than IMU ts 405478226 by 1618 µS
[II] Device 0: joint reconstruction 169801 solved, 2 rejected, 170042 single-camera (0 observations arrived too late to count)
[II] HMD obs quality: full(strong+ids) 300 ids-verified 0 strong 0 prior-agree 0 reacquire 0 rejected 0 | flags: led-ids 300 strong 300
[II] frame-timing WMTD306Q701DEK: 300 frames, 0 missed exposure, diff avg -0.90 min -3.43 max 1.66 ms
[II] HMD obs quality: full(strong+ids) 300 ids-verified 0 strong 0 prior-agree 0 reacquire 0 rejected 0 | flags: led-ids 300 strong 300
[II] frame-timing WMTD3052400VZL: 300 frames, 0 missed exposure, diff avg -0.88 min -4.02 max 1.79 ms
[II] Device 0: joint reconstruction 170101 solved, 2 rejected, 170342 single-camera (0 observations arrived too late to count)
[WW] Exposure timestamp 412119808 was more than 1.5 IMU samples earlier than IMU ts 412121492 by 1684 µS
[II] HMD obs quality: full(strong+ids) 300 ids-verified 0 strong 0 prior-agree 0 reacquire 0 rejected 0 | flags: led-ids 300 strong 300
[WW] Exposure timestamp 413041408 was more than 1.5 IMU samples earlier than IMU ts 413043194 by 1786 µS
[II] frame-timing WMTD306Q701DEK: 300 frames, 0 missed exposure, diff avg -0.87 min -3.49 max 1.55 ms
[II] HMD obs quality: full(strong+ids) 300 ids-verified 0 strong 0 prior-agree 0 reacquire 0 rejected 0 | flags: led-ids 300 strong 300
[II] frame-timing WMTD3052400VZL: 300 frames, 0 missed exposure, diff avg -0.86 min -3.82 max 1.54 ms
[II] Device 0: joint reconstruction 170401 solved, 2 rejected, 170642 single-camera (0 observations arrived too late to count)
[II] HMD obs quality: full(strong+ids) 300 ids-verified 0 strong 0 prior-agree 0 reacquire 0 rejected 0 | flags: led-ids 300 strong 300
[WW] Exposure timestamp 419012608 was more than 1.5 IMU samples earlier than IMU ts 419014219 by 1611 µS
[II] frame-timing WMTD306Q701DEK: 300 frames, 0 missed exposure, diff avg -0.85 min -4.73 max 1.35 ms
[II] HMD obs quality: full(strong+ids) 300 ids-verified 0 strong 0 prior-agree 0 reacquire 0 rejected 0 | flags: led-ids 300 strong 300
[II] frame-timing WMTD3052400VZL: 300 frames, 0 missed exposure, diff avg -0.84 min -4.06 max 1.35 ms
[WW] Exposure timestamp 422161408 was more than 1.5 IMU samples earlier than IMU ts 422163080 by 1672 µS
[II] Device 0: joint reconstruction 170701 solved, 2 rejected, 170942 single-camera (0 observations arrived too late to count)
[II] HMD obs quality: full(strong+ids) 300 ids-verified 0 strong 0 prior-agree 0 reacquire 0 rejected 0 | flags: led-ids 300 strong 300
[WW] Exposure timestamp 424369408 was more than 1.5 IMU samples earlier than IMU ts 424371110 by 1702 µS
[II] frame-timing WMTD306Q701DEK: 300 frames, 0 missed exposure, diff avg -0.87 min -4.15 max 1.53 ms
[II] HMD obs quality: full(strong+ids) 300 ids-verified 0 strong 0 prior-agree 0 reacquire 0 rejected 0 | flags: led-ids 300 strong 300
[II] frame-timing WMTD3052400VZL: 300 frames, 0 missed exposure, diff avg -0.89 min -3.38 max 1.89 ms
[II] Device 0: joint reconstruction 171001 solved, 2 rejected, 171242 single-camera (0 observations arrived too late to count)
[II] HMD obs quality: full(strong+ids) 300 ids-verified 0 strong 0 prior-agree 0 reacquire 0 rejected 0 | flags: led-ids 300 strong 300
[II] frame-timing WMTD306Q701DEK: 300 frames, 0 missed exposure, diff avg -0.88 min -3.95 max 1.60 ms
[WW] Exposure timestamp 431857408 was more than 1.5 IMU samples earlier than IMU ts 431858937 by 1529 µS
[II] HMD obs quality: full(strong+ids) 300 ids-verified 0 strong 0 prior-agree 0 reacquire 0 rejected 0 | flags: led-ids 300 strong 300
[II] frame-timing WMTD3052400VZL: 300 frames, 0 missed exposure, diff avg -0.90 min -3.94 max 1.97 ms
[II] Device 0: joint reconstruction 171301 solved, 2 rejected, 171542 single-camera (0 observations arrived too late to count)
[II] HMD obs quality: full(strong+ids) 300 ids-verified 0 strong 0 prior-agree 0 reacquire 0 rejected 0 | flags: led-ids 300 strong 300
[II] frame-timing WMTD306Q701DEK: 300 frames, 0 missed exposure, diff avg -0.93 min -3.78 max 1.62 ms
[II] HMD obs quality: full(strong+ids) 300 ids-verified 0 strong 0 prior-agree 0 reacquire 0 rejected 0 | flags: led-ids 300 strong 300
[II] frame-timing WMTD3052400VZL: 300 frames, 0 missed exposure, diff avg -0.88 min -3.70 max 1.75 ms
[II] Device 0: joint reconstruction 171601 solved, 2 rejected, 171842 single-camera (0 observations arrived too late to count)
[II] HMD obs quality: full(strong+ids) 300 ids-verified 0 strong 0 prior-agree 0 reacquire 0 rejected 0 | flags: led-ids 300 strong 300
[II] frame-timing WMTD306Q701DEK: 300 frames, 0 missed exposure, diff avg -0.86 min -3.45 max 1.68 ms
[WW] Exposure timestamp 443377408 was more than 1.5 IMU samples earlier than IMU ts 443379210 by 1802 µS
[II] HMD obs quality: full(strong+ids) 300 ids-verified 0 strong 0 prior-agree 0 reacquire 0 rejected 0 | flags: led-ids 300 strong 300
[II] frame-timing WMTD3052400VZL: 300 frames, 0 missed exposure, diff avg -0.90 min -3.67 max 1.60 ms
[II] Device 0: joint reconstruction 171901 solved, 2 rejected, 172142 single-camera (0 observations arrived too late to count)
[II] HMD obs quality: full(strong+ids) 300 ids-verified 0 strong 0 prior-agree 0 reacquire 0 rejected 0 | flags: led-ids 300 strong 300
[II] frame-timing WMTD306Q701DEK: 300 frames, 0 missed exposure, diff avg -0.88 min -4.28 max 1.83 ms
[II] HMD obs quality: full(strong+ids) 300 ids-verified 0 strong 0 prior-agree 0 reacquire 0 rejected 0 | flags: led-ids 300 strong 300
[II] frame-timing WMTD3052400VZL: 300 frames, 0 missed exposure, diff avg -0.89 min -3.70 max 1.66 ms
[II] Device 0: joint reconstruction 172201 solved, 2 rejected, 172442 single-camera (0 observations arrived too late to count)
[II] HMD obs quality: full(strong+ids) 300 ids-verified 0 strong 0 prior-agree 0 reacquire 0 rejected 0 | flags: led-ids 300 strong 300
[II] frame-timing WMTD306Q701DEK: 300 frames, 0 missed exposure, diff avg -0.92 min -3.34 max 1.52 ms
[II] HMD obs quality: full(strong+ids) 300 ids-verified 0 strong 0 prior-agree 0 reacquire 0 rejected 0 | flags: led-ids 300 strong 300
[II] frame-timing WMTD3052400VZL: 300 frames, 0 missed exposure, diff avg -0.85 min -4.38 max 1.78 ms
[II] Matched orientation after 1.097026 sec
[II] Device 0: joint reconstruction 172501 solved, 2 rejected, 172785 single-camera (0 observations arrived too late to count)
[II] HMD obs quality: full(strong+ids) 300 ids-verified 0 strong 0 prior-agree 0 reacquire 0 rejected 0 | flags: led-ids 300 strong 300
[II] frame-timing WMTD306Q701DEK: 300 frames, 0 missed exposure, diff avg -0.80 min -3.18 max 1.67 ms
[II] frame-timing WMTD3052400VZL: 300 frames, 0 missed exposure, diff avg -0.81 min -4.26 max 1.57 ms
[II] HMD obs quality: full(strong+ids) 300 ids-verified 0 strong 0 prior-agree 0 reacquire 0 rejected 0 | flags: led-ids 300 strong 300
[WW] Exposure timestamp 463364608 was more than 1.5 IMU samples earlier than IMU ts 463366119 by 1511 µS
[II] Device 0: joint reconstruction 172801 solved, 2 rejected, 173085 single-camera (0 observations arrived too late to count)
[II] HMD obs quality: full(strong+ids) 300 ids-verified 0 strong 0 prior-agree 0 reacquire 0 rejected 0 | flags: led-ids 300 strong 300
[II] frame-timing WMTD306Q701DEK: 300 frames, 0 missed exposure, diff avg -0.87 min -3.44 max 1.75 ms
[II] frame-timing WMTD3052400VZL: 300 frames, 0 missed exposure, diff avg -0.87 min -4.43 max 1.63 ms
[II] HMD obs quality: full(strong+ids) 300 ids-verified 0 strong 0 prior-agree 0 reacquire 0 rejected 0 | flags: led-ids 300 strong 300
[II] Device 0: joint reconstruction 173101 solved, 2 rejected, 173385 single-camera (0 observations arrived too late to count)
[II] HMD obs quality: full(strong+ids) 300 ids-verified 0 strong 0 prior-agree 0 reacquire 0 rejected 0 | flags: led-ids 300 strong 300
[II] frame-timing WMTD306Q701DEK: 300 frames, 0 missed exposure, diff avg -0.90 min -3.57 max 2.02 ms
[II] frame-timing WMTD3052400VZL: 300 frames, 0 missed exposure, diff avg -0.91 min -4.07 max 1.50 ms
[II] HMD obs quality: full(strong+ids) 300 ids-verified 0 strong 0 prior-agree 0 reacquire 0 rejected 0 | flags: led-ids 300 stroGetRunningAppName
Destroy() is failed!!
ng 300
[II] Device 0: joint reconstruction 173401 solved, 2 rejected, 173685 single-camera (0 observations arrived too late to count)
[II] HMD obs quality: full(strong+ids) 300 ids-verified 0 strong 0 prior-agree 0 reacquire 0 rejected 0 | flags: led-ids 300 strong 300
[II] frame-timing WMTD306Q701DEK: 300 frames, 0 missed exposure, diff avg -0.84 min -3.28 max 1.72 ms
[WW] Exposure timestamp 478283008 was more than 1.5 IMU samples earlier than IMU ts 478284670 by 1662 µS
[II] frame-timing WMTD3052400VZL: 300 frames, 0 missed exposure, diff avg -0.84 min -4.50 max 1.66 ms
[II] HMD obs quality: full(strong+ids) 300 ids-verified 0 strong 0 prior-agree 0 reacquire 0 rejected 0 | flags: led-ids 300 strong 300
[II] Device 0: joint reconstruction 173701 solved, 2 rejected, 173985 single-camera (0 observations arrived too late to count)
[II] HMD obs quality: full(strong+ids) 300 ids-verified 0 strong 0 prior-agree 0 reacquire 0 rejected 0 | flags: led-ids 300 strong 300
[II] frame-timing WMTD306Q701DEK: 300 frames, 0 missed exposure, diff avg -0.99 min -3.43 max 1.38 ms
[II] frame-timing WMTD3052400VZL: 300 frames, 0 missed exposure, diff avg -0.96 min -4.11 max 1.41 ms
[WW] Exposure timestamp 484715008 was more than 1.5 IMU samples earlier than IMU ts 484716549 by 1541 µS
[II] HMD obs quality: full(strong+ids) 300 ids-verified 0 strong 0 prior-agree 0 reacquire 0 rejected 0 | flags: led-ids 300 strong 300
[II] Device 0: joint reconstruction 174001 solved, 2 rejected, 174285 single-camera (0 observations arrived too late to count)
[II] HMD obs quality: full(strong+ids) 300 ids-verified 0 strong 0 prior-agree 0 reacquire 0 rejected 0 | flags: led-ids 300 strong 300
[II] frame-timing WMTD306Q701DEK: 300 frames, 0 missed exposure, diff avg -0.91 min -3.53 max 1.53 ms
[II] frame-timing WMTD3052400VZL: 300 frames, 0 missed exposure, diff avg -0.91 min -3.99 max 1.26 ms
[II] HMD obs quality: full(strong+ids) 300 ids-verified 0 strong 0 prior-agree 0 reacquire 0 rejected 0 | flags: led-ids 300 strong 300
[II] Device 0: joint reconstruction 174301 solved, 2 rejected, 174585 single-camera (0 observations arrived too late to count)
[II] HMD obs quality: full(strong+ids) 300 ids-verified 0 strong 0 prior-agree 0 reacquire 0 rejected 0 | flags: led-ids 300 strong 300
[II] frame-timing WMTD306Q701DEK: 300 frames, 0 missed exposure, diff avg -0.89 min -3.74 max 1.78 ms
[WW] Exposure timestamp 495908608 was more than 1.5 IMU samples earlier than IMU ts 495910223 by 1615 µS
[II] frame-timing WMTD3052400VZL: 300 frames, 0 missed exposure, diff avg -0.89 min -3.35 max 1.50 ms
[II] HMD obs quality: full(strong+ids) 300 ids-verified 0 strong 0 prior-agree 0 reacquire 0 rejected 0 | flags: led-ids 300 strong 300
[II] Device 0: joint reconstruction 174601 solved, 2 rejected, 174885 single-camera (0 observations arrived too late to count)
[II] HMD obs quality: full(strong+ids) 300 ids-verified 0 strong 0 prior-agree 0 reacquire 0 rejected 0 | flags: led-ids 300 strong 300
[II] frame-timing WMTD306Q701DEK: 300 frames, 0 missed exposure, diff avg -0.92 min -3.89 max 1.56 ms
[II] frame-timing WMTD3052400VZL: 300 frames, 0 missed exposure, diff avg -0.87 min -3.43 max 1.91 ms
[II] HMD obs quality: full(strong+ids) 300 ids-verified 0 strong 0 prior-agree 0 reacquire 0 rejected 0 | flags: led-ids 300 strong 300
[II] Device 0: joint reconstruction 174901 solved, 2 rejected, 175185 single-camera (0 observations arrived too late to count)
[II] HMD obs quality: full(strong+ids) 300 ids-verified 0 strong 0 prior-agree 0 reacquire 0 rejected 0 | flags: led-ids 300 strong 300
[II] frame-timing WMTD306Q701DEK: 300 frames, 0 missed exposure, diff avg -0.86 min -4.50 max 1.40 ms
stream state: "unconnected"
stream state: "unconnected"
stream state: "unconnected"
stream state: "unconnected"
stream state: "unconnected"
qt.network.ssl: QSslSocket: cannot call unresolved function CRYPTO_num_locks
qt.network.ssl: QSslSocket: cannot call unresolved function CRYPTO_set_id_callback
qt.network.ssl: QSslSocket: cannot call unresolved function CRYPTO_set_locking_callback
qt.network.ssl: QSslSocket: cannot call unresolved function ERR_free_strings
